ISO-10303-21;
HEADER;
FILE_DESCRIPTION(('KiCad electronic assembly'),'2;1');
FILE_NAME('twpatron-2c.step','2026-03-11T15:18:01',('Pcbnew'),('Kicad'),
  'Open CASCADE STEP processor 7.9','KiCad to STEP converter','Unknown'
  );
FILE_SCHEMA(('AUTOMOTIVE_DESIGN { 1 0 10303 214 1 1 1 1 }'));
ENDSEC;
DATA;
#1 = APPLICATION_PROTOCOL_DEFINITION('international standard',
  'automotive_design',2000,#2);
#2 = APPLICATION_CONTEXT(
  'core data for automotive mechanical design processes');
#3 = SHAPE_DEFINITION_REPRESENTATION(#4,#10);
#4 = PRODUCT_DEFINITION_SHAPE('','',#5);
#5 = PRODUCT_DEFINITION('design','',#6,#9);
#6 = PRODUCT_DEFINITION_FORMATION('','',#7);
#7 = PRODUCT('twpatron-2c 1','twpatron-2c 1','',(#8));
#8 = PRODUCT_CONTEXT('',#2,'mechanical');
#9 = PRODUCT_DEFINITION_CONTEXT('part definition',#2,'design');
#10 = SHAPE_REPRESENTATION('',(#11,#15,#19,#23),#27);
#11 = AXIS2_PLACEMENT_3D('',#12,#13,#14);
#12 = CARTESIAN_POINT('',(0.,0.,0.));
#13 = DIRECTION('',(0.,0.,1.));
#14 = DIRECTION('',(1.,0.,-0.));
#15 = AXIS2_PLACEMENT_3D('',#16,#17,#18);
#16 = CARTESIAN_POINT('',(108.331,61.842,0.593));
#17 = DIRECTION('',(-0.,0.,1.));
#18 = DIRECTION('',(1.110223024625E-16,-1.,0.));
#19 = AXIS2_PLACEMENT_3D('',#20,#21,#22);
#20 = CARTESIAN_POINT('',(117.475,68.7,1.8884));
#21 = DIRECTION('',(0.,-0.,1.));
#22 = DIRECTION('',(1.110223024625E-16,1.,0.));
#23 = AXIS2_PLACEMENT_3D('',#24,#25,#26);
#24 = CARTESIAN_POINT('',(0.,0.,0.));
#25 = DIRECTION('',(0.,0.,1.));
#26 = DIRECTION('',(1.,0.,-0.));
#27 = ( GEOMETRIC_REPRESENTATION_CONTEXT(3) 
GLOBAL_UNCERTAINTY_ASSIGNED_CONTEXT((#31)) GLOBAL_UNIT_ASSIGNED_CONTEXT(
(#28,#29,#30)) REPRESENTATION_CONTEXT('Context #1',
  '3D Context with UNIT and UNCERTAINTY') );
#28 = ( LENGTH_UNIT() NAMED_UNIT(*) SI_UNIT(.MILLI.,.METRE.) );
#29 = ( NAMED_UNIT(*) PLANE_ANGLE_UNIT() SI_UNIT($,.RADIAN.) );
#30 = ( NAMED_UNIT(*) SI_UNIT($,.STERADIAN.) SOLID_ANGLE_UNIT() );
#31 = UNCERTAINTY_MEASURE_WITH_UNIT(LENGTH_MEASURE(2.E-04),#28,
  'distance_accuracy_value','confusion accuracy');
#32 = PRODUCT_RELATED_PRODUCT_CATEGORY('part',$,(#7));
#33 = SHAPE_DEFINITION_REPRESENTATION(#34,#40);
#34 = PRODUCT_DEFINITION_SHAPE('','',#35);
#35 = PRODUCT_DEFINITION('design','',#36,#39);
#36 = PRODUCT_DEFINITION_FORMATION('','',#37);
#37 = PRODUCT('R_0201_0603Metric','R_0201_0603Metric','',(#38));
#38 = PRODUCT_CONTEXT('',#2,'mechanical');
#39 = PRODUCT_DEFINITION_CONTEXT('part definition',#2,'design');
#40 = ADVANCED_BREP_SHAPE_REPRESENTATION('',(#11,#41),#831);
#41 = MANIFOLD_SOLID_BREP('',#42);
#42 = CLOSED_SHELL('',(#43,#83,#166,#191,#216,#283,#300,#317,#366,#383,
    #400,#449,#466,#535,#566,#590,#659,#683,#700,#717,#734,#751,#768,
    #785,#802,#819));
#43 = ADVANCED_FACE('',(#44),#78,.F.);
#44 = FACE_BOUND('',#45,.F.);
#45 = EDGE_LOOP('',(#46,#56,#64,#72));
#46 = ORIENTED_EDGE('',*,*,#47,.F.);
#47 = EDGE_CURVE('',#48,#50,#52,.T.);
#48 = VERTEX_POINT('',#49);
#49 = CARTESIAN_POINT('',(-0.3,-0.15,2.3E-02));
#50 = VERTEX_POINT('',#51);
#51 = CARTESIAN_POINT('',(-0.3,-0.15,0.207));
#52 = LINE('',#53,#54);
#53 = CARTESIAN_POINT('',(-0.3,-0.15,0.));
#54 = VECTOR('',#55,1.);
#55 = DIRECTION('',(0.,0.,1.));
#56 = ORIENTED_EDGE('',*,*,#57,.T.);
#57 = EDGE_CURVE('',#48,#58,#60,.T.);
#58 = VERTEX_POINT('',#59);
#59 = CARTESIAN_POINT('',(-0.3,0.15,2.3E-02));
#60 = LINE('',#61,#62);
#61 = CARTESIAN_POINT('',(-0.3,-0.15,2.3E-02));
#62 = VECTOR('',#63,1.);
#63 = DIRECTION('',(0.,1.,0.));
#64 = ORIENTED_EDGE('',*,*,#65,.T.);
#65 = EDGE_CURVE('',#58,#66,#68,.T.);
#66 = VERTEX_POINT('',#67);
#67 = CARTESIAN_POINT('',(-0.3,0.15,0.207));
#68 = LINE('',#69,#70);
#69 = CARTESIAN_POINT('',(-0.3,0.15,0.));
#70 = VECTOR('',#71,1.);
#71 = DIRECTION('',(0.,0.,1.));
#72 = ORIENTED_EDGE('',*,*,#73,.F.);
#73 = EDGE_CURVE('',#50,#66,#74,.T.);
#74 = LINE('',#75,#76);
#75 = CARTESIAN_POINT('',(-0.3,-0.15,0.207));
#76 = VECTOR('',#77,1.);
#77 = DIRECTION('',(0.,1.,0.));
#78 = PLANE('',#79);
#79 = AXIS2_PLACEMENT_3D('',#80,#81,#82);
#80 = CARTESIAN_POINT('',(-0.3,-0.15,0.));
#81 = DIRECTION('',(1.,0.,0.));
#82 = DIRECTION('',(0.,0.,1.));
#83 = ADVANCED_FACE('',(#84),#161,.F.);
#84 = FACE_BOUND('',#85,.F.);
#85 = EDGE_LOOP('',(#86,#96,#103,#104,#113,#121,#130,#138,#146,#154));
#86 = ORIENTED_EDGE('',*,*,#87,.F.);
#87 = EDGE_CURVE('',#88,#90,#92,.T.);
#88 = VERTEX_POINT('',#89);
#89 = CARTESIAN_POINT('',(-0.277,-0.15,-1.387778780781E-17));
#90 = VERTEX_POINT('',#91);
#91 = CARTESIAN_POINT('',(-0.223,-0.15,-1.387778780781E-17));
#92 = LINE('',#93,#94);
#93 = CARTESIAN_POINT('',(-0.3,-0.15,0.));
#94 = VECTOR('',#95,1.);
#95 = DIRECTION('',(1.,0.,0.));
#96 = ORIENTED_EDGE('',*,*,#97,.F.);
#97 = EDGE_CURVE('',#48,#88,#98,.T.);
#98 = CIRCLE('',#99,2.3E-02);
#99 = AXIS2_PLACEMENT_3D('',#100,#101,#102);
#100 = CARTESIAN_POINT('',(-0.277,-0.15,2.3E-02));
#101 = DIRECTION('',(0.,-1.,0.));
#102 = DIRECTION('',(0.,0.,1.));
#103 = ORIENTED_EDGE('',*,*,#47,.T.);
#104 = ORIENTED_EDGE('',*,*,#105,.T.);
#105 = EDGE_CURVE('',#50,#106,#108,.T.);
#106 = VERTEX_POINT('',#107);
#107 = CARTESIAN_POINT('',(-0.277,-0.15,0.23));
#108 = CIRCLE('',#109,2.3E-02);
#109 = AXIS2_PLACEMENT_3D('',#110,#111,#112);
#110 = CARTESIAN_POINT('',(-0.277,-0.15,0.207));
#111 = DIRECTION('',(0.,1.,0.));
#112 = DIRECTION('',(0.,-0.,1.));
#113 = ORIENTED_EDGE('',*,*,#114,.T.);
#114 = EDGE_CURVE('',#106,#115,#117,.T.);
#115 = VERTEX_POINT('',#116);
#116 = CARTESIAN_POINT('',(-0.223,-0.15,0.23));
#117 = LINE('',#118,#119);
#118 = CARTESIAN_POINT('',(-0.3,-0.15,0.23));
#119 = VECTOR('',#120,1.);
#120 = DIRECTION('',(1.,0.,0.));
#121 = ORIENTED_EDGE('',*,*,#122,.F.);
#122 = EDGE_CURVE('',#123,#115,#125,.T.);
#123 = VERTEX_POINT('',#124);
#124 = CARTESIAN_POINT('',(-0.2,-0.15,0.207));
#125 = CIRCLE('',#126,2.3E-02);
#126 = AXIS2_PLACEMENT_3D('',#127,#128,#129);
#127 = CARTESIAN_POINT('',(-0.223,-0.15,0.207));
#128 = DIRECTION('',(0.,-1.,0.));
#129 = DIRECTION('',(0.,0.,1.));
#130 = ORIENTED_EDGE('',*,*,#131,.F.);
#131 = EDGE_CURVE('',#132,#123,#134,.T.);
#132 = VERTEX_POINT('',#133);
#133 = CARTESIAN_POINT('',(-0.277,-0.15,0.207));
#134 = LINE('',#135,#136);
#135 = CARTESIAN_POINT('',(-0.277,-0.15,0.207));
#136 = VECTOR('',#137,1.);
#137 = DIRECTION('',(1.,0.,0.));
#138 = ORIENTED_EDGE('',*,*,#139,.F.);
#139 = EDGE_CURVE('',#140,#132,#142,.T.);
#140 = VERTEX_POINT('',#141);
#141 = CARTESIAN_POINT('',(-0.277,-0.15,2.3E-02));
#142 = LINE('',#143,#144);
#143 = CARTESIAN_POINT('',(-0.277,-0.15,2.3E-02));
#144 = VECTOR('',#145,1.);
#145 = DIRECTION('',(0.,0.,1.));
#146 = ORIENTED_EDGE('',*,*,#147,.T.);
#147 = EDGE_CURVE('',#140,#148,#150,.T.);
#148 = VERTEX_POINT('',#149);
#149 = CARTESIAN_POINT('',(-0.2,-0.15,2.3E-02));
#150 = LINE('',#151,#152);
#151 = CARTESIAN_POINT('',(-0.277,-0.15,2.3E-02));
#152 = VECTOR('',#153,1.);
#153 = DIRECTION('',(1.,0.,0.));
#154 = ORIENTED_EDGE('',*,*,#155,.T.);
#155 = EDGE_CURVE('',#148,#90,#156,.T.);
#156 = CIRCLE('',#157,2.3E-02);
#157 = AXIS2_PLACEMENT_3D('',#158,#159,#160);
#158 = CARTESIAN_POINT('',(-0.223,-0.15,2.3E-02));
#159 = DIRECTION('',(0.,1.,0.));
#160 = DIRECTION('',(0.,-0.,1.));
#161 = PLANE('',#162);
#162 = AXIS2_PLACEMENT_3D('',#163,#164,#165);
#163 = CARTESIAN_POINT('',(-0.3,-0.15,0.));
#164 = DIRECTION('',(0.,1.,0.));
#165 = DIRECTION('',(0.,-0.,1.));
#166 = ADVANCED_FACE('',(#167),#186,.T.);
#167 = FACE_BOUND('',#168,.T.);
#168 = EDGE_LOOP('',(#169,#170,#179,#185));
#169 = ORIENTED_EDGE('',*,*,#57,.T.);
#170 = ORIENTED_EDGE('',*,*,#171,.T.);
#171 = EDGE_CURVE('',#58,#172,#174,.T.);
#172 = VERTEX_POINT('',#173);
#173 = CARTESIAN_POINT('',(-0.277,0.15,-1.387778780781E-17));
#174 = CIRCLE('',#175,2.3E-02);
#175 = AXIS2_PLACEMENT_3D('',#176,#177,#178);
#176 = CARTESIAN_POINT('',(-0.277,0.15,2.3E-02));
#177 = DIRECTION('',(0.,-1.,0.));
#178 = DIRECTION('',(0.,0.,1.));
#179 = ORIENTED_EDGE('',*,*,#180,.F.);
#180 = EDGE_CURVE('',#88,#172,#181,.T.);
#181 = LINE('',#182,#183);
#182 = CARTESIAN_POINT('',(-0.277,-0.15,-1.387778780781E-17));
#183 = VECTOR('',#184,1.);
#184 = DIRECTION('',(0.,1.,0.));
#185 = ORIENTED_EDGE('',*,*,#97,.F.);
#186 = CYLINDRICAL_SURFACE('',#187,2.3E-02);
#187 = AXIS2_PLACEMENT_3D('',#188,#189,#190);
#188 = CARTESIAN_POINT('',(-0.277,-0.15,2.3E-02));
#189 = DIRECTION('',(0.,1.,0.));
#190 = DIRECTION('',(-1.,0.,0.));
#191 = ADVANCED_FACE('',(#192),#211,.T.);
#192 = FACE_BOUND('',#193,.T.);
#193 = EDGE_LOOP('',(#194,#195,#203,#210));
#194 = ORIENTED_EDGE('',*,*,#105,.T.);
#195 = ORIENTED_EDGE('',*,*,#196,.T.);
#196 = EDGE_CURVE('',#106,#197,#199,.T.);
#197 = VERTEX_POINT('',#198);
#198 = CARTESIAN_POINT('',(-0.277,0.15,0.23));
#199 = LINE('',#200,#201);
#200 = CARTESIAN_POINT('',(-0.277,-0.15,0.23));
#201 = VECTOR('',#202,1.);
#202 = DIRECTION('',(0.,1.,0.));
#203 = ORIENTED_EDGE('',*,*,#204,.F.);
#204 = EDGE_CURVE('',#66,#197,#205,.T.);
#205 = CIRCLE('',#206,2.3E-02);
#206 = AXIS2_PLACEMENT_3D('',#207,#208,#209);
#207 = CARTESIAN_POINT('',(-0.277,0.15,0.207));
#208 = DIRECTION('',(0.,1.,0.));
#209 = DIRECTION('',(0.,-0.,1.));
#210 = ORIENTED_EDGE('',*,*,#73,.F.);
#211 = CYLINDRICAL_SURFACE('',#212,2.3E-02);
#212 = AXIS2_PLACEMENT_3D('',#213,#214,#215);
#213 = CARTESIAN_POINT('',(-0.277,-0.15,0.207));
#214 = DIRECTION('',(0.,1.,0.));
#215 = DIRECTION('',(-1.,0.,0.));
#216 = ADVANCED_FACE('',(#217),#278,.T.);
#217 = FACE_BOUND('',#218,.T.);
#218 = EDGE_LOOP('',(#219,#227,#228,#229,#230,#238,#247,#255,#263,#271)
  );
#219 = ORIENTED_EDGE('',*,*,#220,.F.);
#220 = EDGE_CURVE('',#172,#221,#223,.T.);
#221 = VERTEX_POINT('',#222);
#222 = CARTESIAN_POINT('',(-0.223,0.15,-1.387778780781E-17));
#223 = LINE('',#224,#225);
#224 = CARTESIAN_POINT('',(-0.3,0.15,0.));
#225 = VECTOR('',#226,1.);
#226 = DIRECTION('',(1.,0.,0.));
#227 = ORIENTED_EDGE('',*,*,#171,.F.);
#228 = ORIENTED_EDGE('',*,*,#65,.T.);
#229 = ORIENTED_EDGE('',*,*,#204,.T.);
#230 = ORIENTED_EDGE('',*,*,#231,.T.);
#231 = EDGE_CURVE('',#197,#232,#234,.T.);
#232 = VERTEX_POINT('',#233);
#233 = CARTESIAN_POINT('',(-0.223,0.15,0.23));
#234 = LINE('',#235,#236);
#235 = CARTESIAN_POINT('',(-0.3,0.15,0.23));
#236 = VECTOR('',#237,1.);
#237 = DIRECTION('',(1.,0.,0.));
#238 = ORIENTED_EDGE('',*,*,#239,.F.);
#239 = EDGE_CURVE('',#240,#232,#242,.T.);
#240 = VERTEX_POINT('',#241);
#241 = CARTESIAN_POINT('',(-0.2,0.15,0.207));
#242 = CIRCLE('',#243,2.3E-02);
#243 = AXIS2_PLACEMENT_3D('',#244,#245,#246);
#244 = CARTESIAN_POINT('',(-0.223,0.15,0.207));
#245 = DIRECTION('',(0.,-1.,0.));
#246 = DIRECTION('',(0.,0.,1.));
#247 = ORIENTED_EDGE('',*,*,#248,.F.);
#248 = EDGE_CURVE('',#249,#240,#251,.T.);
#249 = VERTEX_POINT('',#250);
#250 = CARTESIAN_POINT('',(-0.277,0.15,0.207));
#251 = LINE('',#252,#253);
#252 = CARTESIAN_POINT('',(-0.277,0.15,0.207));
#253 = VECTOR('',#254,1.);
#254 = DIRECTION('',(1.,0.,0.));
#255 = ORIENTED_EDGE('',*,*,#256,.F.);
#256 = EDGE_CURVE('',#257,#249,#259,.T.);
#257 = VERTEX_POINT('',#258);
#258 = CARTESIAN_POINT('',(-0.277,0.15,2.3E-02));
#259 = LINE('',#260,#261);
#260 = CARTESIAN_POINT('',(-0.277,0.15,2.3E-02));
#261 = VECTOR('',#262,1.);
#262 = DIRECTION('',(0.,0.,1.));
#263 = ORIENTED_EDGE('',*,*,#264,.T.);
#264 = EDGE_CURVE('',#257,#265,#267,.T.);
#265 = VERTEX_POINT('',#266);
#266 = CARTESIAN_POINT('',(-0.2,0.15,2.3E-02));
#267 = LINE('',#268,#269);
#268 = CARTESIAN_POINT('',(-0.277,0.15,2.3E-02));
#269 = VECTOR('',#270,1.);
#270 = DIRECTION('',(1.,0.,0.));
#271 = ORIENTED_EDGE('',*,*,#272,.T.);
#272 = EDGE_CURVE('',#265,#221,#273,.T.);
#273 = CIRCLE('',#274,2.3E-02);
#274 = AXIS2_PLACEMENT_3D('',#275,#276,#277);
#275 = CARTESIAN_POINT('',(-0.223,0.15,2.3E-02));
#276 = DIRECTION('',(0.,1.,0.));
#277 = DIRECTION('',(0.,-0.,1.));
#278 = PLANE('',#279);
#279 = AXIS2_PLACEMENT_3D('',#280,#281,#282);
#280 = CARTESIAN_POINT('',(-0.3,0.15,0.));
#281 = DIRECTION('',(0.,1.,0.));
#282 = DIRECTION('',(0.,-0.,1.));
#283 = ADVANCED_FACE('',(#284),#295,.F.);
#284 = FACE_BOUND('',#285,.F.);
#285 = EDGE_LOOP('',(#286,#287,#288,#289));
#286 = ORIENTED_EDGE('',*,*,#220,.F.);
#287 = ORIENTED_EDGE('',*,*,#180,.F.);
#288 = ORIENTED_EDGE('',*,*,#87,.T.);
#289 = ORIENTED_EDGE('',*,*,#290,.T.);
#290 = EDGE_CURVE('',#90,#221,#291,.T.);
#291 = LINE('',#292,#293);
#292 = CARTESIAN_POINT('',(-0.223,-0.15,-1.387778780781E-17));
#293 = VECTOR('',#294,1.);
#294 = DIRECTION('',(0.,1.,0.));
#295 = PLANE('',#296);
#296 = AXIS2_PLACEMENT_3D('',#297,#298,#299);
#297 = CARTESIAN_POINT('',(-0.3,-0.15,0.));
#298 = DIRECTION('',(0.,0.,1.));
#299 = DIRECTION('',(1.,0.,-0.));
#300 = ADVANCED_FACE('',(#301),#312,.T.);
#301 = FACE_BOUND('',#302,.T.);
#302 = EDGE_LOOP('',(#303,#304,#305,#306));
#303 = ORIENTED_EDGE('',*,*,#155,.T.);
#304 = ORIENTED_EDGE('',*,*,#290,.T.);
#305 = ORIENTED_EDGE('',*,*,#272,.F.);
#306 = ORIENTED_EDGE('',*,*,#307,.F.);
#307 = EDGE_CURVE('',#148,#265,#308,.T.);
#308 = LINE('',#309,#310);
#309 = CARTESIAN_POINT('',(-0.2,-0.15,2.3E-02));
#310 = VECTOR('',#311,1.);
#311 = DIRECTION('',(0.,1.,0.));
#312 = CYLINDRICAL_SURFACE('',#313,2.3E-02);
#313 = AXIS2_PLACEMENT_3D('',#314,#315,#316);
#314 = CARTESIAN_POINT('',(-0.223,-0.15,2.3E-02));
#315 = DIRECTION('',(0.,1.,0.));
#316 = DIRECTION('',(1.,0.,0.));
#317 = ADVANCED_FACE('',(#318),#361,.F.);
#318 = FACE_BOUND('',#319,.F.);
#319 = EDGE_LOOP('',(#320,#321,#322,#323,#331,#339,#347,#355));
#320 = ORIENTED_EDGE('',*,*,#147,.F.);
#321 = ORIENTED_EDGE('',*,*,#139,.T.);
#322 = ORIENTED_EDGE('',*,*,#131,.T.);
#323 = ORIENTED_EDGE('',*,*,#324,.T.);
#324 = EDGE_CURVE('',#123,#325,#327,.T.);
#325 = VERTEX_POINT('',#326);
#326 = CARTESIAN_POINT('',(0.2,-0.15,0.207));
#327 = LINE('',#328,#329);
#328 = CARTESIAN_POINT('',(-0.2,-0.15,0.207));
#329 = VECTOR('',#330,1.);
#330 = DIRECTION('',(1.,0.,0.));
#331 = ORIENTED_EDGE('',*,*,#332,.T.);
#332 = EDGE_CURVE('',#325,#333,#335,.T.);
#333 = VERTEX_POINT('',#334);
#334 = CARTESIAN_POINT('',(0.277,-0.15,0.207));
#335 = LINE('',#336,#337);
#336 = CARTESIAN_POINT('',(-0.277,-0.15,0.207));
#337 = VECTOR('',#338,1.);
#338 = DIRECTION('',(1.,0.,0.));
#339 = ORIENTED_EDGE('',*,*,#340,.F.);
#340 = EDGE_CURVE('',#341,#333,#343,.T.);
#341 = VERTEX_POINT('',#342);
#342 = CARTESIAN_POINT('',(0.277,-0.15,2.3E-02));
#343 = LINE('',#344,#345);
#344 = CARTESIAN_POINT('',(0.277,-0.15,2.3E-02));
#345 = VECTOR('',#346,1.);
#346 = DIRECTION('',(0.,0.,1.));
#347 = ORIENTED_EDGE('',*,*,#348,.F.);
#348 = EDGE_CURVE('',#349,#341,#351,.T.);
#349 = VERTEX_POINT('',#350);
#350 = CARTESIAN_POINT('',(0.2,-0.15,2.3E-02));
#351 = LINE('',#352,#353);
#352 = CARTESIAN_POINT('',(-0.277,-0.15,2.3E-02));
#353 = VECTOR('',#354,1.);
#354 = DIRECTION('',(1.,0.,0.));
#355 = ORIENTED_EDGE('',*,*,#356,.F.);
#356 = EDGE_CURVE('',#148,#349,#357,.T.);
#357 = LINE('',#358,#359);
#358 = CARTESIAN_POINT('',(-0.277,-0.15,2.3E-02));
#359 = VECTOR('',#360,1.);
#360 = DIRECTION('',(1.,0.,0.));
#361 = PLANE('',#362);
#362 = AXIS2_PLACEMENT_3D('',#363,#364,#365);
#363 = CARTESIAN_POINT('',(-0.277,-0.15,2.3E-02));
#364 = DIRECTION('',(0.,1.,0.));
#365 = DIRECTION('',(0.,-0.,1.));
#366 = ADVANCED_FACE('',(#367),#378,.T.);
#367 = FACE_BOUND('',#368,.T.);
#368 = EDGE_LOOP('',(#369,#370,#371,#372));
#369 = ORIENTED_EDGE('',*,*,#231,.F.);
#370 = ORIENTED_EDGE('',*,*,#196,.F.);
#371 = ORIENTED_EDGE('',*,*,#114,.T.);
#372 = ORIENTED_EDGE('',*,*,#373,.T.);
#373 = EDGE_CURVE('',#115,#232,#374,.T.);
#374 = LINE('',#375,#376);
#375 = CARTESIAN_POINT('',(-0.223,-0.15,0.23));
#376 = VECTOR('',#377,1.);
#377 = DIRECTION('',(0.,1.,0.));
#378 = PLANE('',#379);
#379 = AXIS2_PLACEMENT_3D('',#380,#381,#382);
#380 = CARTESIAN_POINT('',(-0.3,-0.15,0.23));
#381 = DIRECTION('',(0.,0.,1.));
#382 = DIRECTION('',(1.,0.,-0.));
#383 = ADVANCED_FACE('',(#384),#395,.T.);
#384 = FACE_BOUND('',#385,.T.);
#385 = EDGE_LOOP('',(#386,#392,#393,#394));
#386 = ORIENTED_EDGE('',*,*,#387,.T.);
#387 = EDGE_CURVE('',#123,#240,#388,.T.);
#388 = LINE('',#389,#390);
#389 = CARTESIAN_POINT('',(-0.2,-0.15,0.207));
#390 = VECTOR('',#391,1.);
#391 = DIRECTION('',(0.,1.,0.));
#392 = ORIENTED_EDGE('',*,*,#239,.T.);
#393 = ORIENTED_EDGE('',*,*,#373,.F.);
#394 = ORIENTED_EDGE('',*,*,#122,.F.);
#395 = CYLINDRICAL_SURFACE('',#396,2.3E-02);
#396 = AXIS2_PLACEMENT_3D('',#397,#398,#399);
#397 = CARTESIAN_POINT('',(-0.223,-0.15,0.207));
#398 = DIRECTION('',(0.,1.,0.));
#399 = DIRECTION('',(1.,0.,0.));
#400 = ADVANCED_FACE('',(#401),#444,.T.);
#401 = FACE_BOUND('',#402,.T.);
#402 = EDGE_LOOP('',(#403,#404,#405,#406,#414,#422,#430,#438));
#403 = ORIENTED_EDGE('',*,*,#264,.F.);
#404 = ORIENTED_EDGE('',*,*,#256,.T.);
#405 = ORIENTED_EDGE('',*,*,#248,.T.);
#406 = ORIENTED_EDGE('',*,*,#407,.T.);
#407 = EDGE_CURVE('',#240,#408,#410,.T.);
#408 = VERTEX_POINT('',#409);
#409 = CARTESIAN_POINT('',(0.2,0.15,0.207));
#410 = LINE('',#411,#412);
#411 = CARTESIAN_POINT('',(-0.2,0.15,0.207));
#412 = VECTOR('',#413,1.);
#413 = DIRECTION('',(1.,0.,0.));
#414 = ORIENTED_EDGE('',*,*,#415,.T.);
#415 = EDGE_CURVE('',#408,#416,#418,.T.);
#416 = VERTEX_POINT('',#417);
#417 = CARTESIAN_POINT('',(0.277,0.15,0.207));
#418 = LINE('',#419,#420);
#419 = CARTESIAN_POINT('',(-0.277,0.15,0.207));
#420 = VECTOR('',#421,1.);
#421 = DIRECTION('',(1.,0.,0.));
#422 = ORIENTED_EDGE('',*,*,#423,.F.);
#423 = EDGE_CURVE('',#424,#416,#426,.T.);
#424 = VERTEX_POINT('',#425);
#425 = CARTESIAN_POINT('',(0.277,0.15,2.3E-02));
#426 = LINE('',#427,#428);
#427 = CARTESIAN_POINT('',(0.277,0.15,2.3E-02));
#428 = VECTOR('',#429,1.);
#429 = DIRECTION('',(0.,0.,1.));
#430 = ORIENTED_EDGE('',*,*,#431,.F.);
#431 = EDGE_CURVE('',#432,#424,#434,.T.);
#432 = VERTEX_POINT('',#433);
#433 = CARTESIAN_POINT('',(0.2,0.15,2.3E-02));
#434 = LINE('',#435,#436);
#435 = CARTESIAN_POINT('',(-0.277,0.15,2.3E-02));
#436 = VECTOR('',#437,1.);
#437 = DIRECTION('',(1.,0.,0.));
#438 = ORIENTED_EDGE('',*,*,#439,.F.);
#439 = EDGE_CURVE('',#265,#432,#440,.T.);
#440 = LINE('',#441,#442);
#441 = CARTESIAN_POINT('',(-0.277,0.15,2.3E-02));
#442 = VECTOR('',#443,1.);
#443 = DIRECTION('',(1.,0.,0.));
#444 = PLANE('',#445);
#445 = AXIS2_PLACEMENT_3D('',#446,#447,#448);
#446 = CARTESIAN_POINT('',(-0.277,0.15,2.3E-02));
#447 = DIRECTION('',(0.,1.,0.));
#448 = DIRECTION('',(0.,-0.,1.));
#449 = ADVANCED_FACE('',(#450),#461,.F.);
#450 = FACE_BOUND('',#451,.F.);
#451 = EDGE_LOOP('',(#452,#453,#454,#460));
#452 = ORIENTED_EDGE('',*,*,#307,.F.);
#453 = ORIENTED_EDGE('',*,*,#356,.T.);
#454 = ORIENTED_EDGE('',*,*,#455,.T.);
#455 = EDGE_CURVE('',#349,#432,#456,.T.);
#456 = LINE('',#457,#458);
#457 = CARTESIAN_POINT('',(0.2,-0.15,2.3E-02));
#458 = VECTOR('',#459,1.);
#459 = DIRECTION('',(0.,1.,0.));
#460 = ORIENTED_EDGE('',*,*,#439,.F.);
#461 = PLANE('',#462);
#462 = AXIS2_PLACEMENT_3D('',#463,#464,#465);
#463 = CARTESIAN_POINT('',(-0.277,-0.15,2.3E-02));
#464 = DIRECTION('',(0.,0.,1.));
#465 = DIRECTION('',(1.,0.,-0.));
#466 = ADVANCED_FACE('',(#467),#530,.F.);
#467 = FACE_BOUND('',#468,.F.);
#468 = EDGE_LOOP('',(#469,#479,#486,#487,#488,#489,#498,#506,#515,#523)
  );
#469 = ORIENTED_EDGE('',*,*,#470,.F.);
#470 = EDGE_CURVE('',#471,#473,#475,.T.);
#471 = VERTEX_POINT('',#472);
#472 = CARTESIAN_POINT('',(0.223,-0.15,-1.387778780781E-17));
#473 = VERTEX_POINT('',#474);
#474 = CARTESIAN_POINT('',(0.277,-0.15,-1.387778780781E-17));
#475 = LINE('',#476,#477);
#476 = CARTESIAN_POINT('',(0.2,-0.15,0.));
#477 = VECTOR('',#478,1.);
#478 = DIRECTION('',(1.,0.,0.));
#479 = ORIENTED_EDGE('',*,*,#480,.F.);
#480 = EDGE_CURVE('',#349,#471,#481,.T.);
#481 = CIRCLE('',#482,2.3E-02);
#482 = AXIS2_PLACEMENT_3D('',#483,#484,#485);
#483 = CARTESIAN_POINT('',(0.223,-0.15,2.3E-02));
#484 = DIRECTION('',(0.,-1.,0.));
#485 = DIRECTION('',(0.,0.,1.));
#486 = ORIENTED_EDGE('',*,*,#348,.T.);
#487 = ORIENTED_EDGE('',*,*,#340,.T.);
#488 = ORIENTED_EDGE('',*,*,#332,.F.);
#489 = ORIENTED_EDGE('',*,*,#490,.T.);
#490 = EDGE_CURVE('',#325,#491,#493,.T.);
#491 = VERTEX_POINT('',#492);
#492 = CARTESIAN_POINT('',(0.223,-0.15,0.23));
#493 = CIRCLE('',#494,2.3E-02);
#494 = AXIS2_PLACEMENT_3D('',#495,#496,#497);
#495 = CARTESIAN_POINT('',(0.223,-0.15,0.207));
#496 = DIRECTION('',(0.,1.,0.));
#497 = DIRECTION('',(0.,-0.,1.));
#498 = ORIENTED_EDGE('',*,*,#499,.T.);
#499 = EDGE_CURVE('',#491,#500,#502,.T.);
#500 = VERTEX_POINT('',#501);
#501 = CARTESIAN_POINT('',(0.277,-0.15,0.23));
#502 = LINE('',#503,#504);
#503 = CARTESIAN_POINT('',(0.2,-0.15,0.23));
#504 = VECTOR('',#505,1.);
#505 = DIRECTION('',(1.,0.,0.));
#506 = ORIENTED_EDGE('',*,*,#507,.F.);
#507 = EDGE_CURVE('',#508,#500,#510,.T.);
#508 = VERTEX_POINT('',#509);
#509 = CARTESIAN_POINT('',(0.3,-0.15,0.207));
#510 = CIRCLE('',#511,2.3E-02);
#511 = AXIS2_PLACEMENT_3D('',#512,#513,#514);
#512 = CARTESIAN_POINT('',(0.277,-0.15,0.207));
#513 = DIRECTION('',(0.,-1.,0.));
#514 = DIRECTION('',(0.,0.,1.));
#515 = ORIENTED_EDGE('',*,*,#516,.F.);
#516 = EDGE_CURVE('',#517,#508,#519,.T.);
#517 = VERTEX_POINT('',#518);
#518 = CARTESIAN_POINT('',(0.3,-0.15,2.3E-02));
#519 = LINE('',#520,#521);
#520 = CARTESIAN_POINT('',(0.3,-0.15,0.));
#521 = VECTOR('',#522,1.);
#522 = DIRECTION('',(0.,0.,1.));
#523 = ORIENTED_EDGE('',*,*,#524,.T.);
#524 = EDGE_CURVE('',#517,#473,#525,.T.);
#525 = CIRCLE('',#526,2.3E-02);
#526 = AXIS2_PLACEMENT_3D('',#527,#528,#529);
#527 = CARTESIAN_POINT('',(0.277,-0.15,2.3E-02));
#528 = DIRECTION('',(0.,1.,0.));
#529 = DIRECTION('',(0.,-0.,1.));
#530 = PLANE('',#531);
#531 = AXIS2_PLACEMENT_3D('',#532,#533,#534);
#532 = CARTESIAN_POINT('',(0.2,-0.15,0.));
#533 = DIRECTION('',(0.,1.,0.));
#534 = DIRECTION('',(0.,-0.,1.));
#535 = ADVANCED_FACE('',(#536),#561,.F.);
#536 = FACE_BOUND('',#537,.F.);
#537 = EDGE_LOOP('',(#538,#539,#547,#555));
#538 = ORIENTED_EDGE('',*,*,#324,.F.);
#539 = ORIENTED_EDGE('',*,*,#540,.T.);
#540 = EDGE_CURVE('',#123,#541,#543,.T.);
#541 = VERTEX_POINT('',#542);
#542 = CARTESIAN_POINT('',(-0.2,-0.15,0.23));
#543 = LINE('',#544,#545);
#544 = CARTESIAN_POINT('',(-0.2,-0.15,0.207));
#545 = VECTOR('',#546,1.);
#546 = DIRECTION('',(0.,0.,1.));
#547 = ORIENTED_EDGE('',*,*,#548,.T.);
#548 = EDGE_CURVE('',#541,#549,#551,.T.);
#549 = VERTEX_POINT('',#550);
#550 = CARTESIAN_POINT('',(0.2,-0.15,0.23));
#551 = LINE('',#552,#553);
#552 = CARTESIAN_POINT('',(-0.2,-0.15,0.23));
#553 = VECTOR('',#554,1.);
#554 = DIRECTION('',(1.,0.,0.));
#555 = ORIENTED_EDGE('',*,*,#556,.F.);
#556 = EDGE_CURVE('',#325,#549,#557,.T.);
#557 = LINE('',#558,#559);
#558 = CARTESIAN_POINT('',(0.2,-0.15,0.207));
#559 = VECTOR('',#560,1.);
#560 = DIRECTION('',(0.,0.,1.));
#561 = PLANE('',#562);
#562 = AXIS2_PLACEMENT_3D('',#563,#564,#565);
#563 = CARTESIAN_POINT('',(-0.2,-0.15,0.207));
#564 = DIRECTION('',(0.,1.,0.));
#565 = DIRECTION('',(0.,-0.,1.));
#566 = ADVANCED_FACE('',(#567),#585,.F.);
#567 = FACE_BOUND('',#568,.F.);
#568 = EDGE_LOOP('',(#569,#570,#571,#579));
#569 = ORIENTED_EDGE('',*,*,#540,.F.);
#570 = ORIENTED_EDGE('',*,*,#387,.T.);
#571 = ORIENTED_EDGE('',*,*,#572,.T.);
#572 = EDGE_CURVE('',#240,#573,#575,.T.);
#573 = VERTEX_POINT('',#574);
#574 = CARTESIAN_POINT('',(-0.2,0.15,0.23));
#575 = LINE('',#576,#577);
#576 = CARTESIAN_POINT('',(-0.2,0.15,0.207));
#577 = VECTOR('',#578,1.);
#578 = DIRECTION('',(0.,0.,1.));
#579 = ORIENTED_EDGE('',*,*,#580,.F.);
#580 = EDGE_CURVE('',#541,#573,#581,.T.);
#581 = LINE('',#582,#583);
#582 = CARTESIAN_POINT('',(-0.2,-0.15,0.23));
#583 = VECTOR('',#584,1.);
#584 = DIRECTION('',(0.,1.,0.));
#585 = PLANE('',#586);
#586 = AXIS2_PLACEMENT_3D('',#587,#588,#589);
#587 = CARTESIAN_POINT('',(-0.2,-0.15,0.207));
#588 = DIRECTION('',(1.,0.,0.));
#589 = DIRECTION('',(0.,0.,1.));
#590 = ADVANCED_FACE('',(#591),#654,.T.);
#591 = FACE_BOUND('',#592,.T.);
#592 = EDGE_LOOP('',(#593,#603,#610,#611,#612,#613,#622,#630,#639,#647)
  );
#593 = ORIENTED_EDGE('',*,*,#594,.F.);
#594 = EDGE_CURVE('',#595,#597,#599,.T.);
#595 = VERTEX_POINT('',#596);
#596 = CARTESIAN_POINT('',(0.223,0.15,-1.387778780781E-17));
#597 = VERTEX_POINT('',#598);
#598 = CARTESIAN_POINT('',(0.277,0.15,-1.387778780781E-17));
#599 = LINE('',#600,#601);
#600 = CARTESIAN_POINT('',(0.2,0.15,0.));
#601 = VECTOR('',#602,1.);
#602 = DIRECTION('',(1.,0.,0.));
#603 = ORIENTED_EDGE('',*,*,#604,.F.);
#604 = EDGE_CURVE('',#432,#595,#605,.T.);
#605 = CIRCLE('',#606,2.3E-02);
#606 = AXIS2_PLACEMENT_3D('',#607,#608,#609);
#607 = CARTESIAN_POINT('',(0.223,0.15,2.3E-02));
#608 = DIRECTION('',(0.,-1.,0.));
#609 = DIRECTION('',(0.,0.,1.));
#610 = ORIENTED_EDGE('',*,*,#431,.T.);
#611 = ORIENTED_EDGE('',*,*,#423,.T.);
#612 = ORIENTED_EDGE('',*,*,#415,.F.);
#613 = ORIENTED_EDGE('',*,*,#614,.T.);
#614 = EDGE_CURVE('',#408,#615,#617,.T.);
#615 = VERTEX_POINT('',#616);
#616 = CARTESIAN_POINT('',(0.223,0.15,0.23));
#617 = CIRCLE('',#618,2.3E-02);
#618 = AXIS2_PLACEMENT_3D('',#619,#620,#621);
#619 = CARTESIAN_POINT('',(0.223,0.15,0.207));
#620 = DIRECTION('',(0.,1.,0.));
#621 = DIRECTION('',(0.,-0.,1.));
#622 = ORIENTED_EDGE('',*,*,#623,.T.);
#623 = EDGE_CURVE('',#615,#624,#626,.T.);
#624 = VERTEX_POINT('',#625);
#625 = CARTESIAN_POINT('',(0.277,0.15,0.23));
#626 = LINE('',#627,#628);
#627 = CARTESIAN_POINT('',(0.2,0.15,0.23));
#628 = VECTOR('',#629,1.);
#629 = DIRECTION('',(1.,0.,0.));
#630 = ORIENTED_EDGE('',*,*,#631,.F.);
#631 = EDGE_CURVE('',#632,#624,#634,.T.);
#632 = VERTEX_POINT('',#633);
#633 = CARTESIAN_POINT('',(0.3,0.15,0.207));
#634 = CIRCLE('',#635,2.3E-02);
#635 = AXIS2_PLACEMENT_3D('',#636,#637,#638);
#636 = CARTESIAN_POINT('',(0.277,0.15,0.207));
#637 = DIRECTION('',(0.,-1.,0.));
#638 = DIRECTION('',(0.,0.,1.));
#639 = ORIENTED_EDGE('',*,*,#640,.F.);
#640 = EDGE_CURVE('',#641,#632,#643,.T.);
#641 = VERTEX_POINT('',#642);
#642 = CARTESIAN_POINT('',(0.3,0.15,2.3E-02));
#643 = LINE('',#644,#645);
#644 = CARTESIAN_POINT('',(0.3,0.15,0.));
#645 = VECTOR('',#646,1.);
#646 = DIRECTION('',(0.,0.,1.));
#647 = ORIENTED_EDGE('',*,*,#648,.T.);
#648 = EDGE_CURVE('',#641,#597,#649,.T.);
#649 = CIRCLE('',#650,2.3E-02);
#650 = AXIS2_PLACEMENT_3D('',#651,#652,#653);
#651 = CARTESIAN_POINT('',(0.277,0.15,2.3E-02));
#652 = DIRECTION('',(0.,1.,0.));
#653 = DIRECTION('',(0.,-0.,1.));
#654 = PLANE('',#655);
#655 = AXIS2_PLACEMENT_3D('',#656,#657,#658);
#656 = CARTESIAN_POINT('',(0.2,0.15,0.));
#657 = DIRECTION('',(0.,1.,0.));
#658 = DIRECTION('',(0.,-0.,1.));
#659 = ADVANCED_FACE('',(#660),#678,.T.);
#660 = FACE_BOUND('',#661,.T.);
#661 = EDGE_LOOP('',(#662,#663,#664,#672));
#662 = ORIENTED_EDGE('',*,*,#407,.F.);
#663 = ORIENTED_EDGE('',*,*,#572,.T.);
#664 = ORIENTED_EDGE('',*,*,#665,.T.);
#665 = EDGE_CURVE('',#573,#666,#668,.T.);
#666 = VERTEX_POINT('',#667);
#667 = CARTESIAN_POINT('',(0.2,0.15,0.23));
#668 = LINE('',#669,#670);
#669 = CARTESIAN_POINT('',(-0.2,0.15,0.23));
#670 = VECTOR('',#671,1.);
#671 = DIRECTION('',(1.,0.,0.));
#672 = ORIENTED_EDGE('',*,*,#673,.F.);
#673 = EDGE_CURVE('',#408,#666,#674,.T.);
#674 = LINE('',#675,#676);
#675 = CARTESIAN_POINT('',(0.2,0.15,0.207));
#676 = VECTOR('',#677,1.);
#677 = DIRECTION('',(0.,0.,1.));
#678 = PLANE('',#679);
#679 = AXIS2_PLACEMENT_3D('',#680,#681,#682);
#680 = CARTESIAN_POINT('',(-0.2,0.15,0.207));
#681 = DIRECTION('',(0.,1.,0.));
#682 = DIRECTION('',(0.,-0.,1.));
#683 = ADVANCED_FACE('',(#684),#695,.T.);
#684 = FACE_BOUND('',#685,.T.);
#685 = EDGE_LOOP('',(#686,#687,#688,#694));
#686 = ORIENTED_EDGE('',*,*,#455,.T.);
#687 = ORIENTED_EDGE('',*,*,#604,.T.);
#688 = ORIENTED_EDGE('',*,*,#689,.F.);
#689 = EDGE_CURVE('',#471,#595,#690,.T.);
#690 = LINE('',#691,#692);
#691 = CARTESIAN_POINT('',(0.223,-0.15,-1.387778780781E-17));
#692 = VECTOR('',#693,1.);
#693 = DIRECTION('',(0.,1.,0.));
#694 = ORIENTED_EDGE('',*,*,#480,.F.);
#695 = CYLINDRICAL_SURFACE('',#696,2.3E-02);
#696 = AXIS2_PLACEMENT_3D('',#697,#698,#699);
#697 = CARTESIAN_POINT('',(0.223,-0.15,2.3E-02));
#698 = DIRECTION('',(0.,1.,0.));
#699 = DIRECTION('',(-1.,0.,0.));
#700 = ADVANCED_FACE('',(#701),#712,.F.);
#701 = FACE_BOUND('',#702,.F.);
#702 = EDGE_LOOP('',(#703,#704,#705,#706));
#703 = ORIENTED_EDGE('',*,*,#594,.F.);
#704 = ORIENTED_EDGE('',*,*,#689,.F.);
#705 = ORIENTED_EDGE('',*,*,#470,.T.);
#706 = ORIENTED_EDGE('',*,*,#707,.T.);
#707 = EDGE_CURVE('',#473,#597,#708,.T.);
#708 = LINE('',#709,#710);
#709 = CARTESIAN_POINT('',(0.277,-0.15,-1.387778780781E-17));
#710 = VECTOR('',#711,1.);
#711 = DIRECTION('',(0.,1.,0.));
#712 = PLANE('',#713);
#713 = AXIS2_PLACEMENT_3D('',#714,#715,#716);
#714 = CARTESIAN_POINT('',(0.2,-0.15,0.));
#715 = DIRECTION('',(0.,0.,1.));
#716 = DIRECTION('',(1.,0.,-0.));
#717 = ADVANCED_FACE('',(#718),#729,.T.);
#718 = FACE_BOUND('',#719,.T.);
#719 = EDGE_LOOP('',(#720,#721,#722,#723));
#720 = ORIENTED_EDGE('',*,*,#524,.T.);
#721 = ORIENTED_EDGE('',*,*,#707,.T.);
#722 = ORIENTED_EDGE('',*,*,#648,.F.);
#723 = ORIENTED_EDGE('',*,*,#724,.F.);
#724 = EDGE_CURVE('',#517,#641,#725,.T.);
#725 = LINE('',#726,#727);
#726 = CARTESIAN_POINT('',(0.3,-0.15,2.3E-02));
#727 = VECTOR('',#728,1.);
#728 = DIRECTION('',(0.,1.,0.));
#729 = CYLINDRICAL_SURFACE('',#730,2.3E-02);
#730 = AXIS2_PLACEMENT_3D('',#731,#732,#733);
#731 = CARTESIAN_POINT('',(0.277,-0.15,2.3E-02));
#732 = DIRECTION('',(0.,1.,0.));
#733 = DIRECTION('',(1.,0.,0.));
#734 = ADVANCED_FACE('',(#735),#746,.T.);
#735 = FACE_BOUND('',#736,.T.);
#736 = EDGE_LOOP('',(#737,#738,#739,#740));
#737 = ORIENTED_EDGE('',*,*,#516,.F.);
#738 = ORIENTED_EDGE('',*,*,#724,.T.);
#739 = ORIENTED_EDGE('',*,*,#640,.T.);
#740 = ORIENTED_EDGE('',*,*,#741,.F.);
#741 = EDGE_CURVE('',#508,#632,#742,.T.);
#742 = LINE('',#743,#744);
#743 = CARTESIAN_POINT('',(0.3,-0.15,0.207));
#744 = VECTOR('',#745,1.);
#745 = DIRECTION('',(0.,1.,0.));
#746 = PLANE('',#747);
#747 = AXIS2_PLACEMENT_3D('',#748,#749,#750);
#748 = CARTESIAN_POINT('',(0.3,-0.15,0.));
#749 = DIRECTION('',(1.,0.,0.));
#750 = DIRECTION('',(0.,0.,1.));
#751 = ADVANCED_FACE('',(#752),#763,.T.);
#752 = FACE_BOUND('',#753,.T.);
#753 = EDGE_LOOP('',(#754,#755,#756,#762));
#754 = ORIENTED_EDGE('',*,*,#741,.T.);
#755 = ORIENTED_EDGE('',*,*,#631,.T.);
#756 = ORIENTED_EDGE('',*,*,#757,.F.);
#757 = EDGE_CURVE('',#500,#624,#758,.T.);
#758 = LINE('',#759,#760);
#759 = CARTESIAN_POINT('',(0.277,-0.15,0.23));
#760 = VECTOR('',#761,1.);
#761 = DIRECTION('',(0.,1.,0.));
#762 = ORIENTED_EDGE('',*,*,#507,.F.);
#763 = CYLINDRICAL_SURFACE('',#764,2.3E-02);
#764 = AXIS2_PLACEMENT_3D('',#765,#766,#767);
#765 = CARTESIAN_POINT('',(0.277,-0.15,0.207));
#766 = DIRECTION('',(0.,1.,0.));
#767 = DIRECTION('',(1.,0.,0.));
#768 = ADVANCED_FACE('',(#769),#780,.T.);
#769 = FACE_BOUND('',#770,.T.);
#770 = EDGE_LOOP('',(#771,#772,#778,#779));
#771 = ORIENTED_EDGE('',*,*,#623,.F.);
#772 = ORIENTED_EDGE('',*,*,#773,.F.);
#773 = EDGE_CURVE('',#491,#615,#774,.T.);
#774 = LINE('',#775,#776);
#775 = CARTESIAN_POINT('',(0.223,-0.15,0.23));
#776 = VECTOR('',#777,1.);
#777 = DIRECTION('',(0.,1.,0.));
#778 = ORIENTED_EDGE('',*,*,#499,.T.);
#779 = ORIENTED_EDGE('',*,*,#757,.T.);
#780 = PLANE('',#781);
#781 = AXIS2_PLACEMENT_3D('',#782,#783,#784);
#782 = CARTESIAN_POINT('',(0.2,-0.15,0.23));
#783 = DIRECTION('',(0.,0.,1.));
#784 = DIRECTION('',(1.,0.,-0.));
#785 = ADVANCED_FACE('',(#786),#797,.T.);
#786 = FACE_BOUND('',#787,.T.);
#787 = EDGE_LOOP('',(#788,#789,#790,#791));
#788 = ORIENTED_EDGE('',*,*,#490,.T.);
#789 = ORIENTED_EDGE('',*,*,#773,.T.);
#790 = ORIENTED_EDGE('',*,*,#614,.F.);
#791 = ORIENTED_EDGE('',*,*,#792,.F.);
#792 = EDGE_CURVE('',#325,#408,#793,.T.);
#793 = LINE('',#794,#795);
#794 = CARTESIAN_POINT('',(0.2,-0.15,0.207));
#795 = VECTOR('',#796,1.);
#796 = DIRECTION('',(0.,1.,0.));
#797 = CYLINDRICAL_SURFACE('',#798,2.3E-02);
#798 = AXIS2_PLACEMENT_3D('',#799,#800,#801);
#799 = CARTESIAN_POINT('',(0.223,-0.15,0.207));
#800 = DIRECTION('',(0.,1.,0.));
#801 = DIRECTION('',(-1.,0.,0.));
#802 = ADVANCED_FACE('',(#803),#814,.T.);
#803 = FACE_BOUND('',#804,.T.);
#804 = EDGE_LOOP('',(#805,#806,#807,#808));
#805 = ORIENTED_EDGE('',*,*,#556,.F.);
#806 = ORIENTED_EDGE('',*,*,#792,.T.);
#807 = ORIENTED_EDGE('',*,*,#673,.T.);
#808 = ORIENTED_EDGE('',*,*,#809,.F.);
#809 = EDGE_CURVE('',#549,#666,#810,.T.);
#810 = LINE('',#811,#812);
#811 = CARTESIAN_POINT('',(0.2,-0.15,0.23));
#812 = VECTOR('',#813,1.);
#813 = DIRECTION('',(0.,1.,0.));
#814 = PLANE('',#815);
#815 = AXIS2_PLACEMENT_3D('',#816,#817,#818);
#816 = CARTESIAN_POINT('',(0.2,-0.15,0.207));
#817 = DIRECTION('',(1.,0.,0.));
#818 = DIRECTION('',(0.,0.,1.));
#819 = ADVANCED_FACE('',(#820),#826,.T.);
#820 = FACE_BOUND('',#821,.T.);
#821 = EDGE_LOOP('',(#822,#823,#824,#825));
#822 = ORIENTED_EDGE('',*,*,#580,.F.);
#823 = ORIENTED_EDGE('',*,*,#548,.T.);
#824 = ORIENTED_EDGE('',*,*,#809,.T.);
#825 = ORIENTED_EDGE('',*,*,#665,.F.);
#826 = PLANE('',#827);
#827 = AXIS2_PLACEMENT_3D('',#828,#829,#830);
#828 = CARTESIAN_POINT('',(-0.2,-0.15,0.23));
#829 = DIRECTION('',(0.,0.,1.));
#830 = DIRECTION('',(1.,0.,-0.));
#831 = ( GEOMETRIC_REPRESENTATION_CONTEXT(3) 
GLOBAL_UNCERTAINTY_ASSIGNED_CONTEXT((#835)) GLOBAL_UNIT_ASSIGNED_CONTEXT
((#832,#833,#834)) REPRESENTATION_CONTEXT('Context #1',
  '3D Context with UNIT and UNCERTAINTY') );
#832 = ( LENGTH_UNIT() NAMED_UNIT(*) SI_UNIT(.MILLI.,.METRE.) );
#833 = ( NAMED_UNIT(*) PLANE_ANGLE_UNIT() SI_UNIT($,.RADIAN.) );
#834 = ( NAMED_UNIT(*) SI_UNIT($,.STERADIAN.) SOLID_ANGLE_UNIT() );
#835 = UNCERTAINTY_MEASURE_WITH_UNIT(LENGTH_MEASURE(1.E-07),#832,
  'distance_accuracy_value','confusion accuracy');
#836 = CONTEXT_DEPENDENT_SHAPE_REPRESENTATION(#837,#839);
#837 = ( REPRESENTATION_RELATIONSHIP('','',#40,#10) 
REPRESENTATION_RELATIONSHIP_WITH_TRANSFORMATION(#838) 
SHAPE_REPRESENTATION_RELATIONSHIP() );
#838 = ITEM_DEFINED_TRANSFORMATION('','',#11,#15);
#839 = PRODUCT_DEFINITION_SHAPE('Placement','Placement of an item',#840
  );
#840 = NEXT_ASSEMBLY_USAGE_OCCURRENCE('1','R1','',#5,#35,$);
#841 = PRODUCT_RELATED_PRODUCT_CATEGORY('part',$,(#37));
#842 = SHAPE_DEFINITION_REPRESENTATION(#843,#849);
#843 = PRODUCT_DEFINITION_SHAPE('','',#844);
#844 = PRODUCT_DEFINITION('design','',#845,#848);
#845 = PRODUCT_DEFINITION_FORMATION('','',#846);
#846 = PRODUCT('kicad_embedded_6A8167ECC7562BB89ECF910EFD87DB84',
  'kicad_embedded_6A8167ECC7562BB89ECF910EFD87DB84','',(#847));
#847 = PRODUCT_CONTEXT('',#2,'mechanical');
#848 = PRODUCT_DEFINITION_CONTEXT('part definition',#2,'design');
#849 = ADVANCED_BREP_SHAPE_REPRESENTATION('',(#11,#850),#3644);
#850 = MANIFOLD_SOLID_BREP('',#851);
#851 = CLOSED_SHELL('',(#852,#892,#932,#972,#1012,#1070,#1079,#1103,
    #1145,#1187,#1228,#1269,#1300,#1356,#1396,#1444,#1492,#1539,#1556,
    #1573,#1591,#1614,#1646,#1722,#1744,#1762,#1779,#1792,#1810,#1822,
    #1834,#1875,#1909,#1949,#1989,#2020,#2042,#2082,#2113,#2135,#2175,
    #2206,#2228,#2259,#2281,#2325,#2367,#2409,#2449,#2490,#2531,#2563,
    #2587,#2599,#2618,#2646,#2670,#2699,#2715,#2772,#2829,#2854,#2904,
    #2929,#2979,#2997,#3029,#3046,#3164,#3180,#3204,#3244,#3284,#3324,
    #3364,#3386,#3403,#3421,#3434,#3456,#3473,#3491,#3504,#3526,#3543,
    #3561,#3574,#3596,#3613,#3631));
#852 = ADVANCED_FACE('',(#853),#887,.T.);
#853 = FACE_BOUND('',#854,.T.);
#854 = EDGE_LOOP('',(#855,#865,#873,#881));
#855 = ORIENTED_EDGE('',*,*,#856,.F.);
#856 = EDGE_CURVE('',#857,#859,#861,.T.);
#857 = VERTEX_POINT('',#858);
#858 = CARTESIAN_POINT('',(2.8829,2.1971,-3.672566));
#859 = VERTEX_POINT('',#860);
#860 = CARTESIAN_POINT('',(2.8829,2.1971,-1.299566));
#861 = LINE('',#862,#863);
#862 = CARTESIAN_POINT('',(2.8829,2.1971,-3.799688));
#863 = VECTOR('',#864,1.);
#864 = DIRECTION('',(-3.514366093748E-15,4.116923013628E-30,1.));
#865 = ORIENTED_EDGE('',*,*,#866,.T.);
#866 = EDGE_CURVE('',#857,#867,#869,.T.);
#867 = VERTEX_POINT('',#868);
#868 = CARTESIAN_POINT('',(2.8829,2.773605566767,-3.672566));
#869 = LINE('',#870,#871);
#870 = CARTESIAN_POINT('',(2.8829,2.1971,-3.672566));
#871 = VECTOR('',#872,1.);
#872 = DIRECTION('',(-1.085318345824E-15,1.,-7.931129009115E-30));
#873 = ORIENTED_EDGE('',*,*,#874,.F.);
#874 = EDGE_CURVE('',#875,#867,#877,.T.);
#875 = VERTEX_POINT('',#876);
#876 = CARTESIAN_POINT('',(2.8829,2.773605566767,-1.299566));
#877 = LINE('',#878,#879);
#878 = CARTESIAN_POINT('',(2.8829,2.773605566767,-3.799688));
#879 = VECTOR('',#880,1.);
#880 = DIRECTION('',(3.514366093748E-15,-4.116923013628E-30,-1.));
#881 = ORIENTED_EDGE('',*,*,#882,.F.);
#882 = EDGE_CURVE('',#859,#875,#883,.T.);
#883 = LINE('',#884,#885);
#884 = CARTESIAN_POINT('',(2.8829,2.1971,-1.299566));
#885 = VECTOR('',#886,1.);
#886 = DIRECTION('',(-1.085318345824E-15,1.,-7.931129009115E-30));
#887 = PLANE('',#888);
#888 = AXIS2_PLACEMENT_3D('',#889,#890,#891);
#889 = CARTESIAN_POINT('',(2.8829,2.1971,-3.799688));
#890 = DIRECTION('',(1.,1.085318345824E-15,3.514366093748E-15));
#891 = DIRECTION('',(1.085318345824E-15,-1.,-6.496982877968E-34));
#892 = ADVANCED_FACE('',(#893),#927,.T.);
#893 = FACE_BOUND('',#894,.T.);
#894 = EDGE_LOOP('',(#895,#905,#913,#921));
#895 = ORIENTED_EDGE('',*,*,#896,.T.);
#896 = EDGE_CURVE('',#897,#899,#901,.T.);
#897 = VERTEX_POINT('',#898);
#898 = CARTESIAN_POINT('',(-2.773605566767,-2.8829,-1.299566));
#899 = VERTEX_POINT('',#900);
#900 = CARTESIAN_POINT('',(-2.773605566767,-2.8829,-3.672566));
#901 = LINE('',#902,#903);
#902 = CARTESIAN_POINT('',(-2.773605566767,-2.8829,-3.799688));
#903 = VECTOR('',#904,1.);
#904 = DIRECTION('',(3.514366093748E-15,-4.116923013628E-30,-1.));
#905 = ORIENTED_EDGE('',*,*,#906,.T.);
#906 = EDGE_CURVE('',#899,#907,#909,.T.);
#907 = VERTEX_POINT('',#908);
#908 = CARTESIAN_POINT('',(-2.1971,-2.8829,-3.672566));
#909 = LINE('',#910,#911);
#910 = CARTESIAN_POINT('',(-2.773605566767,-2.8829,-3.672566));
#911 = VECTOR('',#912,1.);
#912 = DIRECTION('',(1.,4.846607863169E-15,3.514366093748E-15));
#913 = ORIENTED_EDGE('',*,*,#914,.T.);
#914 = EDGE_CURVE('',#907,#915,#917,.T.);
#915 = VERTEX_POINT('',#916);
#916 = CARTESIAN_POINT('',(-2.1971,-2.8829,-1.299566));
#917 = LINE('',#918,#919);
#918 = CARTESIAN_POINT('',(-2.1971,-2.8829,-3.799688));
#919 = VECTOR('',#920,1.);
#920 = DIRECTION('',(-3.514366093748E-15,4.116923013628E-30,1.));
#921 = ORIENTED_EDGE('',*,*,#922,.F.);
#922 = EDGE_CURVE('',#897,#915,#923,.T.);
#923 = LINE('',#924,#925);
#924 = CARTESIAN_POINT('',(-2.773605566767,-2.8829,-1.299566));
#925 = VECTOR('',#926,1.);
#926 = DIRECTION('',(1.,4.846607863169E-15,3.514366093748E-15));
#927 = PLANE('',#928);
#928 = AXIS2_PLACEMENT_3D('',#929,#930,#931);
#929 = CARTESIAN_POINT('',(-2.773605566767,-2.8829,-3.799688));
#930 = DIRECTION('',(4.846607863169E-15,-1.,2.114967735764E-29));
#931 = DIRECTION('',(-1.,-4.846607863169E-15,-3.514549762329E-15));
#932 = ADVANCED_FACE('',(#933),#967,.T.);
#933 = FACE_BOUND('',#934,.T.);
#934 = EDGE_LOOP('',(#935,#945,#953,#961));
#935 = ORIENTED_EDGE('',*,*,#936,.T.);
#936 = EDGE_CURVE('',#937,#939,#941,.T.);
#937 = VERTEX_POINT('',#938);
#938 = CARTESIAN_POINT('',(2.8829,-2.773605566767,-1.299566));
#939 = VERTEX_POINT('',#940);
#940 = CARTESIAN_POINT('',(2.8829,-2.773605566767,-3.672566));
#941 = LINE('',#942,#943);
#942 = CARTESIAN_POINT('',(2.8829,-2.773605566767,-3.799688));
#943 = VECTOR('',#944,1.);
#944 = DIRECTION('',(3.514366093748E-15,-4.116923013628E-30,-1.));
#945 = ORIENTED_EDGE('',*,*,#946,.T.);
#946 = EDGE_CURVE('',#939,#947,#949,.T.);
#947 = VERTEX_POINT('',#948);
#948 = CARTESIAN_POINT('',(2.8829,-2.1971,-3.672566));
#949 = LINE('',#950,#951);
#950 = CARTESIAN_POINT('',(2.8829,-2.773605566767,-3.672566));
#951 = VECTOR('',#952,1.);
#952 = DIRECTION('',(-5.598865766638E-15,1.,-2.379338702734E-29));
#953 = ORIENTED_EDGE('',*,*,#954,.T.);
#954 = EDGE_CURVE('',#947,#955,#957,.T.);
#955 = VERTEX_POINT('',#956);
#956 = CARTESIAN_POINT('',(2.8829,-2.1971,-1.299566));
#957 = LINE('',#958,#959);
#958 = CARTESIAN_POINT('',(2.8829,-2.1971,-3.799688));
#959 = VECTOR('',#960,1.);
#960 = DIRECTION('',(-3.514366093748E-15,4.116923013628E-30,1.));
#961 = ORIENTED_EDGE('',*,*,#962,.F.);
#962 = EDGE_CURVE('',#937,#955,#963,.T.);
#963 = LINE('',#964,#965);
#964 = CARTESIAN_POINT('',(2.8829,-2.773605566767,-1.299566));
#965 = VECTOR('',#966,1.);
#966 = DIRECTION('',(-5.598865766638E-15,1.,-2.379338702734E-29));
#967 = PLANE('',#968);
#968 = AXIS2_PLACEMENT_3D('',#969,#970,#971);
#969 = CARTESIAN_POINT('',(2.8829,-2.773605566767,-3.799688));
#970 = DIRECTION('',(1.,5.598865766638E-15,3.514366093748E-15));
#971 = DIRECTION('',(5.598865766638E-15,-1.,1.607749490973E-34));
#972 = ADVANCED_FACE('',(#973),#1007,.T.);
#973 = FACE_BOUND('',#974,.T.);
#974 = EDGE_LOOP('',(#975,#985,#993,#1001));
#975 = ORIENTED_EDGE('',*,*,#976,.F.);
#976 = EDGE_CURVE('',#977,#979,#981,.T.);
#977 = VERTEX_POINT('',#978);
#978 = CARTESIAN_POINT('',(2.1971,-2.8829,-3.672566));
#979 = VERTEX_POINT('',#980);
#980 = CARTESIAN_POINT('',(2.1971,-2.8829,-1.299566));
#981 = LINE('',#982,#983);
#982 = CARTESIAN_POINT('',(2.1971,-2.8829,-3.799688));
#983 = VECTOR('',#984,1.);
#984 = DIRECTION('',(-3.514366093748E-15,4.116923013628E-30,1.));
#985 = ORIENTED_EDGE('',*,*,#986,.T.);
#986 = EDGE_CURVE('',#977,#987,#989,.T.);
#987 = VERTEX_POINT('',#988);
#988 = CARTESIAN_POINT('',(2.773605566767,-2.8829,-3.672566));
#989 = LINE('',#990,#991);
#990 = CARTESIAN_POINT('',(2.1971,-2.8829,-3.672566));
#991 = VECTOR('',#992,1.);
#992 = DIRECTION('',(1.,1.837576249293E-15,3.514366093748E-15));
#993 = ORIENTED_EDGE('',*,*,#994,.F.);
#994 = EDGE_CURVE('',#995,#987,#997,.T.);
#995 = VERTEX_POINT('',#996);
#996 = CARTESIAN_POINT('',(2.773605566767,-2.8829,-1.299566));
#997 = LINE('',#998,#999);
#998 = CARTESIAN_POINT('',(2.773605566767,-2.8829,-3.799688));
#999 = VECTOR('',#1000,1.);
#1000 = DIRECTION('',(3.514366093748E-15,-4.116923013628E-30,-1.));
#1001 = ORIENTED_EDGE('',*,*,#1002,.F.);
#1002 = EDGE_CURVE('',#979,#995,#1003,.T.);
#1003 = LINE('',#1004,#1005);
#1004 = CARTESIAN_POINT('',(2.1971,-2.8829,-1.299566));
#1005 = VECTOR('',#1006,1.);
#1006 = DIRECTION('',(1.,1.837576249293E-15,3.514366093748E-15));
#1007 = PLANE('',#1008);
#1008 = AXIS2_PLACEMENT_3D('',#1009,#1010,#1011);
#1009 = CARTESIAN_POINT('',(2.1971,-2.8829,-3.799688));
#1010 = DIRECTION('',(1.837576249293E-15,-1.,1.057483867882E-29));
#1011 = DIRECTION('',(-1.,-1.837576249293E-15,-3.514549762329E-15));
#1012 = ADVANCED_FACE('',(#1013),#1041,.T.);
#1013 = FACE_BOUND('',#1014,.T.);
#1014 = EDGE_LOOP('',(#1015,#1024,#1033,#1040));
#1015 = ORIENTED_EDGE('',*,*,#1016,.T.);
#1016 = EDGE_CURVE('',#1017,#1017,#1019,.T.);
#1017 = VERTEX_POINT('',#1018);
#1018 = CARTESIAN_POINT('',(-5.E-02,1.171455364583E-16,1.2699996));
#1019 = CIRCLE('',#1020,5.E-02);
#1020 = AXIS2_PLACEMENT_3D('',#1021,#1022,#1023);
#1021 = CARTESIAN_POINT('',(-4.58655560758E-15,4.733165431326E-30,
    1.2699996));
#1022 = DIRECTION('',(3.514366093748E-15,-4.116923013628E-30,-1.));
#1023 = DIRECTION('',(-1.,2.342910729165E-15,-3.514366093748E-15));
#1024 = ORIENTED_EDGE('',*,*,#1025,.F.);
#1025 = EDGE_CURVE('',#1026,#1017,#1028,.T.);
#1026 = VERTEX_POINT('',#1027);
#1027 = CARTESIAN_POINT('',(-0.2,4.68582145833E-16,1.010191978864));
#1028 = ( BOUNDED_CURVE() B_SPLINE_CURVE(3,(#1029,#1030,#1031,#1032),
.UNSPECIFIED.,.F.,.F.) B_SPLINE_CURVE_WITH_KNOTS((4,4),(0.,1.),
.PIECEWISE_BEZIER_KNOTS.) CURVE() GEOMETRIC_REPRESENTATION_ITEM() 
RATIONAL_B_SPLINE_CURVE((1.,0.910683602522,0.910683602522,1.)) 
REPRESENTATION_ITEM('') );
#1029 = CARTESIAN_POINT('',(-0.2,3.51482214845E-30,1.010191978864));
#1030 = CARTESIAN_POINT('',(-0.2,1.041244050879E-29,1.119999599999));
#1031 = CARTESIAN_POINT('',(-0.145096189433,1.638595323447E-29,
    1.215095789432));
#1032 = CARTESIAN_POINT('',(-5.E-02,1.983476241464E-29,1.2699996));
#1033 = ORIENTED_EDGE('',*,*,#1034,.F.);
#1034 = EDGE_CURVE('',#1026,#1026,#1035,.T.);
#1035 = CIRCLE('',#1036,0.2);
#1036 = AXIS2_PLACEMENT_3D('',#1037,#1038,#1039);
#1037 = CARTESIAN_POINT('',(-3.673496512962E-15,3.663557456754E-30,
    1.010191978864));
#1038 = DIRECTION('',(3.514366093748E-15,-4.116923013628E-30,-1.));
#1039 = DIRECTION('',(-1.,2.342910729165E-15,-3.514366093748E-15));
#1040 = ORIENTED_EDGE('',*,*,#1025,.T.);
#1041 = ( BOUNDED_SURFACE() B_SPLINE_SURFACE(3,3,(
    (#1042,#1043,#1044,#1045,#1046,#1047,#1048)
    ,(#1049,#1050,#1051,#1052,#1053,#1054,#1055)
    ,(#1056,#1057,#1058,#1059,#1060,#1061,#1062)
    ,(#1063,#1064,#1065,#1066,#1067,#1068,#1069
)),.UNSPECIFIED.,.F.,.T.,.F.) B_SPLINE_SURFACE_WITH_KNOTS((4,4),(1,3,3,3
    ,1),(0.,1.),(-0.5,0.,0.5,1.,1.5),.UNSPECIFIED.) 
GEOMETRIC_REPRESENTATION_ITEM() RATIONAL_B_SPLINE_SURFACE((
    (1.,0.333333333333,0.333333333333,1.,0.333333333333,0.333333333333
      ,1.)
    ,(0.910683602522,0.303561200841,0.303561200841,0.910683602522
      ,0.303561200841,0.303561200841,0.910683602522)
    ,(0.910683602522,0.303561200841,0.303561200841,0.910683602522
      ,0.303561200841,0.303561200841,0.910683602522)
    ,(1.,0.333333333333,0.333333333333,1.,0.333333333333,0.333333333333
,1.))) REPRESENTATION_ITEM('') SURFACE() );
#1042 = CARTESIAN_POINT('',(-0.2,3.51482214845E-30,1.010191978864));
#1043 = CARTESIAN_POINT('',(-0.2,0.4,1.010191978864));
#1044 = CARTESIAN_POINT('',(0.2,0.4,1.010191978864));
#1045 = CARTESIAN_POINT('',(0.2,3.51482214845E-30,1.010191978864));
#1046 = CARTESIAN_POINT('',(0.2,-0.4,1.010191978864));
#1047 = CARTESIAN_POINT('',(-0.2,-0.4,1.010191978864));
#1048 = CARTESIAN_POINT('',(-0.2,3.51482214845E-30,1.010191978864));
#1049 = CARTESIAN_POINT('',(-0.2,1.041244050879E-29,1.119999599999));
#1050 = CARTESIAN_POINT('',(-0.2,0.400000000001,1.119999599999));
#1051 = CARTESIAN_POINT('',(0.2,0.400000000001,1.119999599999));
#1052 = CARTESIAN_POINT('',(0.2,1.041244050879E-29,1.119999599999));
#1053 = CARTESIAN_POINT('',(0.2,-0.400000000001,1.119999599999));
#1054 = CARTESIAN_POINT('',(-0.2,-0.400000000001,1.119999599999));
#1055 = CARTESIAN_POINT('',(-0.2,1.041244050879E-29,1.119999599999));
#1056 = CARTESIAN_POINT('',(-0.145096189433,1.638595323447E-29,
    1.215095789432));
#1057 = CARTESIAN_POINT('',(-0.145096189433,0.290192378865,
    1.215095789432));
#1058 = CARTESIAN_POINT('',(0.145096189433,0.290192378865,1.215095789432
    ));
#1059 = CARTESIAN_POINT('',(0.145096189433,1.638595323447E-29,
    1.215095789432));
#1060 = CARTESIAN_POINT('',(0.145096189433,-0.290192378865,
    1.215095789432));
#1061 = CARTESIAN_POINT('',(-0.145096189433,-0.290192378865,
    1.215095789432));
#1062 = CARTESIAN_POINT('',(-0.145096189433,1.638595323447E-29,
    1.215095789432));
#1063 = CARTESIAN_POINT('',(-5.E-02,1.983476241464E-29,1.2699996));
#1064 = CARTESIAN_POINT('',(-5.E-02,9.999999999999E-02,1.2699996));
#1065 = CARTESIAN_POINT('',(4.999999999998E-02,9.999999999999E-02,
    1.2699996));
#1066 = CARTESIAN_POINT('',(4.999999999998E-02,1.983476241464E-29,
    1.2699996));
#1067 = CARTESIAN_POINT('',(4.999999999998E-02,-9.999999999999E-02,
    1.2699996));
#1068 = CARTESIAN_POINT('',(-5.E-02,-9.999999999999E-02,1.2699996));
#1069 = CARTESIAN_POINT('',(-5.E-02,1.983476241464E-29,1.2699996));
#1070 = ADVANCED_FACE('',(#1071),#1074,.F.);
#1071 = FACE_BOUND('',#1072,.T.);
#1072 = EDGE_LOOP('',(#1073));
#1073 = ORIENTED_EDGE('',*,*,#1016,.F.);
#1074 = PLANE('',#1075);
#1075 = AXIS2_PLACEMENT_3D('',#1076,#1077,#1078);
#1076 = CARTESIAN_POINT('',(-4.58655560758E-15,4.733165431326E-30,
    1.2699996));
#1077 = DIRECTION('',(3.514366093748E-15,-4.116923013628E-30,-1.));
#1078 = DIRECTION('',(-1.,2.342910729165E-15,-3.514366093748E-15));
#1079 = ADVANCED_FACE('',(#1080),#1098,.T.);
#1080 = FACE_BOUND('',#1081,.T.);
#1081 = EDGE_LOOP('',(#1082,#1091,#1096,#1097));
#1082 = ORIENTED_EDGE('',*,*,#1083,.T.);
#1083 = EDGE_CURVE('',#1084,#1084,#1086,.T.);
#1084 = VERTEX_POINT('',#1085);
#1085 = CARTESIAN_POINT('',(-0.2,-4.953267959809E-31,-4.000000008393E-07
    ));
#1086 = CIRCLE('',#1087,0.2);
#1087 = AXIS2_PLACEMENT_3D('',#1088,#1089,#1090);
#1088 = CARTESIAN_POINT('',(-1.23310668521E-16,-4.953267959809E-31,
    -4.000000001364E-07));
#1089 = DIRECTION('',(-3.514366093748E-15,4.116923013628E-30,1.));
#1090 = DIRECTION('',(-1.,-3.330847619871E-52,-3.514366093748E-15));
#1091 = ORIENTED_EDGE('',*,*,#1092,.F.);
#1092 = EDGE_CURVE('',#1026,#1084,#1093,.T.);
#1093 = B_SPLINE_CURVE_WITH_KNOTS('',1,(#1094,#1095),.UNSPECIFIED.,.F.,
  .F.,(2,2),(0.259807621136,1.27),.PIECEWISE_BEZIER_KNOTS.);
#1094 = CARTESIAN_POINT('',(-0.2,4.195962738671E-16,1.010191978864));
#1095 = CARTESIAN_POINT('',(-0.2,4.195962738671E-16,-4.000000008997E-07)
  );
#1096 = ORIENTED_EDGE('',*,*,#1034,.T.);
#1097 = ORIENTED_EDGE('',*,*,#1092,.T.);
#1098 = CYLINDRICAL_SURFACE('',#1099,0.2);
#1099 = AXIS2_PLACEMENT_3D('',#1100,#1101,#1102);
#1100 = CARTESIAN_POINT('',(-4.58655560758E-15,4.733165431326E-30,
    1.2699996));
#1101 = DIRECTION('',(3.514366093748E-15,-4.116923013628E-30,-1.));
#1102 = DIRECTION('',(-1.,2.342910729165E-15,-3.514366093748E-15));
#1103 = ADVANCED_FACE('',(#1104),#1140,.T.);
#1104 = FACE_BOUND('',#1105,.T.);
#1105 = EDGE_LOOP('',(#1106,#1117,#1125,#1134));
#1106 = ORIENTED_EDGE('',*,*,#1107,.T.);
#1107 = EDGE_CURVE('',#1108,#1110,#1112,.T.);
#1108 = VERTEX_POINT('',#1109);
#1109 = CARTESIAN_POINT('',(-1.99339157521,1.049909,-0.377546));
#1110 = VERTEX_POINT('',#1111);
#1111 = CARTESIAN_POINT('',(-1.990949437044,1.054532701974,-0.377546));
#1112 = CIRCLE('',#1113,2.25298);
#1113 = AXIS2_PLACEMENT_3D('',#1114,#1115,#1116);
#1114 = CARTESIAN_POINT('',(1.453195936294E-15,-1.627643186977E-30,
    -0.377546));
#1115 = DIRECTION('',(3.514366093748E-15,-4.116923013628E-30,-1.));
#1116 = DIRECTION('',(1.,5.702459978264E-48,3.514366093748E-15));
#1117 = ORIENTED_EDGE('',*,*,#1118,.T.);
#1118 = EDGE_CURVE('',#1110,#1119,#1121,.T.);
#1119 = VERTEX_POINT('',#1120);
#1120 = CARTESIAN_POINT('',(-1.990949437044,1.054532701974,-1.289584));
#1121 = LINE('',#1122,#1123);
#1122 = CARTESIAN_POINT('',(-1.990949437044,1.054532701974,-0.838556));
#1123 = VECTOR('',#1124,1.);
#1124 = DIRECTION('',(3.514366093748E-15,-4.116923013628E-30,-1.));
#1125 = ORIENTED_EDGE('',*,*,#1126,.T.);
#1126 = EDGE_CURVE('',#1119,#1127,#1129,.T.);
#1127 = VERTEX_POINT('',#1128);
#1128 = CARTESIAN_POINT('',(-1.99339157521,1.049909,-1.289584));
#1129 = CIRCLE('',#1130,2.25298);
#1130 = AXIS2_PLACEMENT_3D('',#1131,#1132,#1133);
#1131 = CARTESIAN_POINT('',(4.658431359704E-15,-5.38243341848E-30,
    -1.289584));
#1132 = DIRECTION('',(-3.514366093748E-15,4.116923013628E-30,1.));
#1133 = DIRECTION('',(-1.,1.924163371407E-46,-3.514366093748E-15));
#1134 = ORIENTED_EDGE('',*,*,#1135,.T.);
#1135 = EDGE_CURVE('',#1127,#1108,#1136,.T.);
#1136 = LINE('',#1137,#1138);
#1137 = CARTESIAN_POINT('',(-1.99339157521,1.049909,-0.802615));
#1138 = VECTOR('',#1139,1.);
#1139 = DIRECTION('',(-3.514366093748E-15,4.116923013628E-30,1.));
#1140 = CYLINDRICAL_SURFACE('',#1141,2.25298);
#1141 = AXIS2_PLACEMENT_3D('',#1142,#1143,#1144);
#1142 = CARTESIAN_POINT('',(-4.485597779618E-15,5.329388570677E-30,
    1.312316));
#1143 = DIRECTION('',(3.514366093748E-15,-4.116923013628E-30,-1.));
#1144 = DIRECTION('',(1.,-2.342910729165E-15,3.514366093748E-15));
#1145 = ADVANCED_FACE('',(#1146),#1182,.T.);
#1146 = FACE_BOUND('',#1147,.T.);
#1147 = EDGE_LOOP('',(#1148,#1159,#1167,#1176));
#1148 = ORIENTED_EDGE('',*,*,#1149,.T.);
#1149 = EDGE_CURVE('',#1150,#1152,#1154,.T.);
#1150 = VERTEX_POINT('',#1151);
#1151 = CARTESIAN_POINT('',(-1.99339157521,-1.049909,-1.289584));
#1152 = VERTEX_POINT('',#1153);
#1153 = CARTESIAN_POINT('',(-1.990949437044,-1.054532701974,-1.289584));
#1154 = CIRCLE('',#1155,2.25298);
#1155 = AXIS2_PLACEMENT_3D('',#1156,#1157,#1158);
#1156 = CARTESIAN_POINT('',(4.658431359704E-15,-5.38243341848E-30,
    -1.289584));
#1157 = DIRECTION('',(-3.514366093748E-15,4.116923013628E-30,1.));
#1158 = DIRECTION('',(-1.,1.924163371407E-46,-3.514366093748E-15));
#1159 = ORIENTED_EDGE('',*,*,#1160,.F.);
#1160 = EDGE_CURVE('',#1161,#1152,#1163,.T.);
#1161 = VERTEX_POINT('',#1162);
#1162 = CARTESIAN_POINT('',(-1.990949437044,-1.054532701974,-0.377546));
#1163 = LINE('',#1164,#1165);
#1164 = CARTESIAN_POINT('',(-1.990949437044,-1.054532701974,-0.838556));
#1165 = VECTOR('',#1166,1.);
#1166 = DIRECTION('',(3.514366093748E-15,-4.116923013628E-30,-1.));
#1167 = ORIENTED_EDGE('',*,*,#1168,.T.);
#1168 = EDGE_CURVE('',#1161,#1169,#1171,.T.);
#1169 = VERTEX_POINT('',#1170);
#1170 = CARTESIAN_POINT('',(-1.99339157521,-1.049909,-0.377546));
#1171 = CIRCLE('',#1172,2.25298);
#1172 = AXIS2_PLACEMENT_3D('',#1173,#1174,#1175);
#1173 = CARTESIAN_POINT('',(1.453195936294E-15,-1.627643186977E-30,
    -0.377546));
#1174 = DIRECTION('',(3.514366093748E-15,-4.116923013628E-30,-1.));
#1175 = DIRECTION('',(1.,5.702459978264E-48,3.514366093748E-15));
#1176 = ORIENTED_EDGE('',*,*,#1177,.F.);
#1177 = EDGE_CURVE('',#1150,#1169,#1178,.T.);
#1178 = LINE('',#1179,#1180);
#1179 = CARTESIAN_POINT('',(-1.99339157521,-1.049909,-0.802615));
#1180 = VECTOR('',#1181,1.);
#1181 = DIRECTION('',(-3.514366093748E-15,4.116923013628E-30,1.));
#1182 = CYLINDRICAL_SURFACE('',#1183,2.25298);
#1183 = AXIS2_PLACEMENT_3D('',#1184,#1185,#1186);
#1184 = CARTESIAN_POINT('',(-4.485597779618E-15,5.329388570677E-30,
    1.312316));
#1185 = DIRECTION('',(3.514366093748E-15,-4.116923013628E-30,-1.));
#1186 = DIRECTION('',(1.,-2.342910729165E-15,3.514366093748E-15));
#1187 = ADVANCED_FACE('',(#1188),#1223,.T.);
#1188 = FACE_BOUND('',#1189,.T.);
#1189 = EDGE_LOOP('',(#1190,#1200,#1209,#1217));
#1190 = ORIENTED_EDGE('',*,*,#1191,.F.);
#1191 = EDGE_CURVE('',#1192,#1194,#1196,.T.);
#1192 = VERTEX_POINT('',#1193);
#1193 = CARTESIAN_POINT('',(1.355761092983E-08,0.400025,-0.97754734));
#1194 = VERTEX_POINT('',#1195);
#1195 = CARTESIAN_POINT('',(2.217178134003,0.40005,-0.97754734));
#1196 = LINE('',#1197,#1198);
#1197 = CARTESIAN_POINT('',(4.499101738996E-15,0.40005,-0.97754734));
#1198 = VECTOR('',#1199,1.);
#1199 = DIRECTION('',(1.,-2.342910729165E-15,3.514366093748E-15));
#1200 = ORIENTED_EDGE('',*,*,#1201,.T.);
#1201 = EDGE_CURVE('',#1192,#1202,#1204,.T.);
#1202 = VERTEX_POINT('',#1203);
#1203 = CARTESIAN_POINT('',(2.092070959772E-04,0.40005,-1.289584));
#1204 = B_SPLINE_CURVE_WITH_KNOTS('',3,(#1205,#1206,#1207,#1208),
  .UNSPECIFIED.,.F.,.F.,(4,4),(0.,1.),.PIECEWISE_BEZIER_KNOTS.);
#1205 = CARTESIAN_POINT('',(4.336808689942E-15,0.40005,-0.97754734));
#1206 = CARTESIAN_POINT('',(4.702342258967E-15,0.40005,-1.08155956));
#1207 = CARTESIAN_POINT('',(5.067875827993E-15,0.40005,-1.18557178));
#1208 = CARTESIAN_POINT('',(5.433409397018E-15,0.40005,-1.289584));
#1209 = ORIENTED_EDGE('',*,*,#1210,.F.);
#1210 = EDGE_CURVE('',#1211,#1202,#1213,.T.);
#1211 = VERTEX_POINT('',#1212);
#1212 = CARTESIAN_POINT('',(2.217178134003,0.40005,-1.289584));
#1213 = LINE('',#1214,#1215);
#1214 = CARTESIAN_POINT('',(-0.3302,0.40005,-1.289584));
#1215 = VECTOR('',#1216,1.);
#1216 = DIRECTION('',(-1.,2.342910729165E-15,-3.514366093748E-15));
#1217 = ORIENTED_EDGE('',*,*,#1218,.T.);
#1218 = EDGE_CURVE('',#1211,#1194,#1219,.T.);
#1219 = LINE('',#1220,#1221);
#1220 = CARTESIAN_POINT('',(2.217178134003,0.40005,-1.10261567));
#1221 = VECTOR('',#1222,1.);
#1222 = DIRECTION('',(-3.514366093748E-15,4.116923013628E-30,1.));
#1223 = PLANE('',#1224);
#1224 = AXIS2_PLACEMENT_3D('',#1225,#1226,#1227);
#1225 = CARTESIAN_POINT('',(2.7432,0.40005,-0.97754734));
#1226 = DIRECTION('',(-2.283625833469E-15,-1.,-3.908574186323E-30));
#1227 = DIRECTION('',(1.,-2.283625833469E-15,3.514332921895E-15));
#1228 = ADVANCED_FACE('',(#1229),#1264,.T.);
#1229 = FACE_BOUND('',#1230,.T.);
#1230 = EDGE_LOOP('',(#1231,#1241,#1250,#1258));
#1231 = ORIENTED_EDGE('',*,*,#1232,.F.);
#1232 = EDGE_CURVE('',#1233,#1235,#1237,.T.);
#1233 = VERTEX_POINT('',#1234);
#1234 = CARTESIAN_POINT('',(-1.699986465378,-0.400038534622,-0.97754734)
  );
#1235 = VERTEX_POINT('',#1236);
#1236 = CARTESIAN_POINT('',(-2.449957,-0.40005,-0.97754734));
#1237 = LINE('',#1238,#1239);
#1238 = CARTESIAN_POINT('',(2.624538864591E-15,-0.40005,-0.97754734));
#1239 = VECTOR('',#1240,1.);
#1240 = DIRECTION('',(-1.,2.342910729165E-15,-3.514366093748E-15));
#1241 = ORIENTED_EDGE('',*,*,#1242,.T.);
#1242 = EDGE_CURVE('',#1233,#1243,#1245,.T.);
#1243 = VERTEX_POINT('',#1244);
#1244 = CARTESIAN_POINT('',(-1.699975,-0.40005,-1.289584));
#1245 = B_SPLINE_CURVE_WITH_KNOTS('',3,(#1246,#1247,#1248,#1249),
  .UNSPECIFIED.,.F.,.F.,(4,4),(0.,1.),.PIECEWISE_BEZIER_KNOTS.);
#1246 = CARTESIAN_POINT('',(-1.7,-0.40005,-0.97754734));
#1247 = CARTESIAN_POINT('',(-1.7,-0.40005,-1.08155956));
#1248 = CARTESIAN_POINT('',(-1.7,-0.40005,-1.18557178));
#1249 = CARTESIAN_POINT('',(-1.7,-0.40005,-1.289584));
#1250 = ORIENTED_EDGE('',*,*,#1251,.F.);
#1251 = EDGE_CURVE('',#1252,#1243,#1254,.T.);
#1252 = VERTEX_POINT('',#1253);
#1253 = CARTESIAN_POINT('',(-2.449957,-0.40005,-1.289584));
#1254 = LINE('',#1255,#1256);
#1255 = CARTESIAN_POINT('',(-0.3302,-0.40005,-1.289584));
#1256 = VECTOR('',#1257,1.);
#1257 = DIRECTION('',(1.,-2.342910729165E-15,3.514366093748E-15));
#1258 = ORIENTED_EDGE('',*,*,#1259,.T.);
#1259 = EDGE_CURVE('',#1252,#1235,#1260,.T.);
#1260 = LINE('',#1261,#1262);
#1261 = CARTESIAN_POINT('',(-2.449957,-0.40005,1.312316));
#1262 = VECTOR('',#1263,1.);
#1263 = DIRECTION('',(-3.514366093748E-15,4.116923013628E-30,1.));
#1264 = PLANE('',#1265);
#1265 = AXIS2_PLACEMENT_3D('',#1266,#1267,#1268);
#1266 = CARTESIAN_POINT('',(-2.7432,-0.40005,-0.97754734));
#1267 = DIRECTION('',(2.402195624861E-15,1.,4.325271840932E-30));
#1268 = DIRECTION('',(-1.,2.402195624861E-15,-3.514332921895E-15));
#1269 = ADVANCED_FACE('',(#1270),#1295,.F.);
#1270 = FACE_BOUND('',#1271,.T.);
#1271 = EDGE_LOOP('',(#1272,#1280,#1288,#1294));
#1272 = ORIENTED_EDGE('',*,*,#1273,.F.);
#1273 = EDGE_CURVE('',#1274,#1235,#1276,.T.);
#1274 = VERTEX_POINT('',#1275);
#1275 = CARTESIAN_POINT('',(-2.449957,-0.2,-0.96877387));
#1276 = LINE('',#1277,#1278);
#1277 = CARTESIAN_POINT('',(-2.449957,1.049909,-0.97754734));
#1278 = VECTOR('',#1279,1.);
#1279 = DIRECTION('',(-2.342910729165E-15,-1.,-4.116923013628E-30));
#1280 = ORIENTED_EDGE('',*,*,#1281,.T.);
#1281 = EDGE_CURVE('',#1274,#1282,#1284,.T.);
#1282 = VERTEX_POINT('',#1283);
#1283 = CARTESIAN_POINT('',(-1.9,-0.2,-0.97754734));
#1284 = LINE('',#1285,#1286);
#1285 = CARTESIAN_POINT('',(3.09323815596E-15,-0.2,-0.97754734));
#1286 = VECTOR('',#1287,1.);
#1287 = DIRECTION('',(1.,-2.342910729165E-15,3.514366093748E-15));
#1288 = ORIENTED_EDGE('',*,*,#1289,.T.);
#1289 = EDGE_CURVE('',#1282,#1233,#1290,.T.);
#1290 = LINE('',#1291,#1292);
#1291 = CARTESIAN_POINT('',(-1.9,-0.2,-0.97754734));
#1292 = VECTOR('',#1293,1.);
#1293 = DIRECTION('',(0.707106781187,-0.707106781187,2.299940125025E-15)
  );
#1294 = ORIENTED_EDGE('',*,*,#1232,.T.);
#1295 = PLANE('',#1296);
#1296 = AXIS2_PLACEMENT_3D('',#1297,#1298,#1299);
#1297 = CARTESIAN_POINT('',(3.561820301793E-15,-4.097802511831E-30,
    -0.97754734));
#1298 = DIRECTION('',(-3.514366093748E-15,4.116923013628E-30,1.));
#1299 = DIRECTION('',(-1.,2.342910729165E-15,-3.514366093748E-15));
#1300 = ADVANCED_FACE('',(#1301),#1351,.F.);
#1301 = FACE_BOUND('',#1302,.T.);
#1302 = EDGE_LOOP('',(#1303,#1313,#1343,#1344));
#1303 = ORIENTED_EDGE('',*,*,#1304,.T.);
#1304 = EDGE_CURVE('',#1305,#1307,#1309,.T.);
#1305 = VERTEX_POINT('',#1306);
#1306 = CARTESIAN_POINT('',(2.217178134003,-0.40005,-0.97754734));
#1307 = VERTEX_POINT('',#1308);
#1308 = CARTESIAN_POINT('',(-9.400621992782E-16,-0.400025,-0.97754734));
#1309 = LINE('',#1310,#1311);
#1310 = CARTESIAN_POINT('',(2.624538864591E-15,-0.40005,-0.97754734));
#1311 = VECTOR('',#1312,1.);
#1312 = DIRECTION('',(-1.,2.342910729165E-15,-3.514366093748E-15));
#1313 = ORIENTED_EDGE('',*,*,#1314,.T.);
#1314 = EDGE_CURVE('',#1307,#1192,#1315,.T.);
#1315 = B_SPLINE_CURVE_WITH_KNOTS('',3,(#1316,#1317,#1318,#1319,#1320,
    #1321,#1322,#1323,#1324,#1325,#1326,#1327,#1328,#1329,#1330,#1331,
    #1332,#1333,#1334,#1335,#1336,#1337,#1338,#1339,#1340,#1341,#1342),
  .UNSPECIFIED.,.F.,.F.,(4,1,1,1,1,2,2,1,1,1,1,2,2,1,1,1,2,2,4),(0.,
    0.125,0.1875,0.21875,0.234375,0.2421875,0.25,0.375,0.4375,0.46875,
    0.484375,0.4921875,0.5,0.625,0.6875,0.71875,0.734375,0.75,1.),
  .UNSPECIFIED.);
#1316 = CARTESIAN_POINT('',(2.4313187054E-15,-0.4,-0.97754734));
#1317 = CARTESIAN_POINT('',(5.355028754759E-02,-0.4,-0.97754734));
#1318 = CARTESIAN_POINT('',(0.128826766781,-0.385112121561,-0.97754734)
  );
#1319 = CARTESIAN_POINT('',(0.207813659732,-0.341689142781,-0.97754734)
  );
#1320 = CARTESIAN_POINT('',(0.245098189669,-0.313464206575,-0.97754734)
  );
#1321 = CARTESIAN_POINT('',(0.263188225503,-0.297723376767,-0.97754734)
  );
#1322 = CARTESIAN_POINT('',(0.270822763189,-0.290628372199,-0.97754734)
  );
#1323 = CARTESIAN_POINT('',(0.275886158354,-0.285820828119,-0.97754734)
  );
#1324 = CARTESIAN_POINT('',(0.278495159386,-0.283288703439,-0.97754734)
  );
#1325 = CARTESIAN_POINT('',(0.319549295704,-0.242629277304,-0.97754734)
  );
#1326 = CARTESIAN_POINT('',(0.363414922473,-0.178816384353,-0.97754734)
  );
#1327 = CARTESIAN_POINT('',(0.389928467687,-9.314814644324E-02,
    -0.97754734));
#1328 = CARTESIAN_POINT('',(0.397019485456,-4.750906178832E-02,
    -0.97754734));
#1329 = CARTESIAN_POINT('',(0.399023555631,-2.398827803583E-02,
    -0.97754734));
#1330 = CARTESIAN_POINT('',(0.399552134554,-1.375767612226E-02,
    -0.97754734));
#1331 = CARTESIAN_POINT('',(0.39983111866,-6.903882397741E-03,
    -0.97754734));
#1332 = CARTESIAN_POINT('',(0.399936625466,-3.318104502345E-03,
    -0.97754734));
#1333 = CARTESIAN_POINT('',(0.401013992538,5.30896720375E-02,-0.97754734
    ));
#1334 = CARTESIAN_POINT('',(0.387368374839,0.128019047627,-0.97754734));
#1335 = CARTESIAN_POINT('',(0.344906926137,0.207202670664,-0.97754734));
#1336 = CARTESIAN_POINT('',(0.31704081144,0.244735986728,-0.97754734));
#1337 = CARTESIAN_POINT('',(0.303676321495,0.260380587444,-0.97754734));
#1338 = CARTESIAN_POINT('',(0.294450690563,0.270712297662,-0.97754734));
#1339 = CARTESIAN_POINT('',(0.289577570742,0.275934346344,-0.97754734));
#1340 = CARTESIAN_POINT('',(0.207527622153,0.36029899083,-0.97754734));
#1341 = CARTESIAN_POINT('',(0.11261058776,0.4,-0.97754734));
#1342 = CARTESIAN_POINT('',(4.102281552362E-15,0.4,-0.97754734));
#1343 = ORIENTED_EDGE('',*,*,#1191,.T.);
#1344 = ORIENTED_EDGE('',*,*,#1345,.F.);
#1345 = EDGE_CURVE('',#1305,#1194,#1346,.T.);
#1346 = CIRCLE('',#1347,2.25298);
#1347 = AXIS2_PLACEMENT_3D('',#1348,#1349,#1350);
#1348 = CARTESIAN_POINT('',(3.561820301793E-15,-4.097802511831E-30,
    -0.97754734));
#1349 = DIRECTION('',(-3.514366093748E-15,4.116923013628E-30,1.));
#1350 = DIRECTION('',(1.,-1.924163371407E-46,3.514366093748E-15));
#1351 = PLANE('',#1352);
#1352 = AXIS2_PLACEMENT_3D('',#1353,#1354,#1355);
#1353 = CARTESIAN_POINT('',(3.561820301793E-15,-4.097802511831E-30,
    -0.97754734));
#1354 = DIRECTION('',(-3.514366093748E-15,4.116923013628E-30,1.));
#1355 = DIRECTION('',(-1.,2.342910729165E-15,-3.514366093748E-15));
#1356 = ADVANCED_FACE('',(#1357),#1391,.F.);
#1357 = FACE_BOUND('',#1358,.T.);
#1358 = EDGE_LOOP('',(#1359,#1369,#1377,#1385));
#1359 = ORIENTED_EDGE('',*,*,#1360,.T.);
#1360 = EDGE_CURVE('',#1361,#1363,#1365,.T.);
#1361 = VERTEX_POINT('',#1362);
#1362 = CARTESIAN_POINT('',(-2.449957,0.40005,-0.97754734));
#1363 = VERTEX_POINT('',#1364);
#1364 = CARTESIAN_POINT('',(-1.699995255481,0.400025,-0.97754734));
#1365 = LINE('',#1366,#1367);
#1366 = CARTESIAN_POINT('',(4.499101738996E-15,0.40005,-0.97754734));
#1367 = VECTOR('',#1368,1.);
#1368 = DIRECTION('',(1.,-2.342910729165E-15,3.514366093748E-15));
#1369 = ORIENTED_EDGE('',*,*,#1370,.T.);
#1370 = EDGE_CURVE('',#1363,#1371,#1373,.T.);
#1371 = VERTEX_POINT('',#1372);
#1372 = CARTESIAN_POINT('',(-1.9,0.2,-0.97754734));
#1373 = LINE('',#1374,#1375);
#1374 = CARTESIAN_POINT('',(-1.7,0.4,-0.97754734));
#1375 = VECTOR('',#1376,1.);
#1376 = DIRECTION('',(-0.707106781187,-0.707106781187,
    -2.299940125025E-15));
#1377 = ORIENTED_EDGE('',*,*,#1378,.T.);
#1378 = EDGE_CURVE('',#1371,#1379,#1381,.T.);
#1379 = VERTEX_POINT('',#1380);
#1380 = CARTESIAN_POINT('',(-2.449957,0.2,-0.96877387));
#1381 = LINE('',#1382,#1383);
#1382 = CARTESIAN_POINT('',(4.030402447626E-15,0.2,-0.97754734));
#1383 = VECTOR('',#1384,1.);
#1384 = DIRECTION('',(-1.,2.342910729165E-15,-3.514366093748E-15));
#1385 = ORIENTED_EDGE('',*,*,#1386,.F.);
#1386 = EDGE_CURVE('',#1361,#1379,#1387,.T.);
#1387 = LINE('',#1388,#1389);
#1388 = CARTESIAN_POINT('',(-2.449957,1.049909,-0.97754734));
#1389 = VECTOR('',#1390,1.);
#1390 = DIRECTION('',(-2.342910729165E-15,-1.,-4.116923013628E-30));
#1391 = PLANE('',#1392);
#1392 = AXIS2_PLACEMENT_3D('',#1393,#1394,#1395);
#1393 = CARTESIAN_POINT('',(3.561820301793E-15,-4.097802511831E-30,
    -0.97754734));
#1394 = DIRECTION('',(-3.514366093748E-15,4.116923013628E-30,1.));
#1395 = DIRECTION('',(-1.,2.342910729165E-15,-3.514366093748E-15));
#1396 = ADVANCED_FACE('',(#1397),#1439,.T.);
#1397 = FACE_BOUND('',#1398,.T.);
#1398 = EDGE_LOOP('',(#1399,#1406,#1407,#1416,#1424,#1432,#1438));
#1399 = ORIENTED_EDGE('',*,*,#1400,.F.);
#1400 = EDGE_CURVE('',#1211,#1119,#1401,.T.);
#1401 = CIRCLE('',#1402,2.25298);
#1402 = AXIS2_PLACEMENT_3D('',#1403,#1404,#1405);
#1403 = CARTESIAN_POINT('',(4.658431359704E-15,-5.38243341848E-30,
    -1.289584));
#1404 = DIRECTION('',(-3.514366093748E-15,4.116923013628E-30,1.));
#1405 = DIRECTION('',(-1.,1.924163371407E-46,-3.514366093748E-15));
#1406 = ORIENTED_EDGE('',*,*,#1210,.T.);
#1407 = ORIENTED_EDGE('',*,*,#1408,.F.);
#1408 = EDGE_CURVE('',#1409,#1202,#1411,.T.);
#1409 = VERTEX_POINT('',#1410);
#1410 = CARTESIAN_POINT('',(-1.699975,0.40005,-1.289584));
#1411 = B_SPLINE_CURVE_WITH_KNOTS('',3,(#1412,#1413,#1414,#1415),
  .UNSPECIFIED.,.F.,.F.,(4,4),(0.,1.),.PIECEWISE_BEZIER_KNOTS.);
#1412 = CARTESIAN_POINT('',(-1.699975,0.4,-1.2896004));
#1413 = CARTESIAN_POINT('',(-1.133316666667,0.4,-1.2896004));
#1414 = CARTESIAN_POINT('',(-0.566658333333,0.4,-1.2896004));
#1415 = CARTESIAN_POINT('',(5.273972981608E-15,0.4,-1.2896004));
#1416 = ORIENTED_EDGE('',*,*,#1417,.T.);
#1417 = EDGE_CURVE('',#1409,#1418,#1420,.T.);
#1418 = VERTEX_POINT('',#1419);
#1419 = CARTESIAN_POINT('',(-2.449957,0.40005,-1.289584));
#1420 = LINE('',#1421,#1422);
#1421 = CARTESIAN_POINT('',(-0.3302,0.40005,-1.289584));
#1422 = VECTOR('',#1423,1.);
#1423 = DIRECTION('',(-1.,2.342910729165E-15,-3.514366093748E-15));
#1424 = ORIENTED_EDGE('',*,*,#1425,.F.);
#1425 = EDGE_CURVE('',#1426,#1418,#1428,.T.);
#1426 = VERTEX_POINT('',#1427);
#1427 = CARTESIAN_POINT('',(-2.449957,1.049909,-1.289584));
#1428 = LINE('',#1429,#1430);
#1429 = CARTESIAN_POINT('',(-2.449957,5.740030541293E-15,-1.289584));
#1430 = VECTOR('',#1431,1.);
#1431 = DIRECTION('',(-2.342910729165E-15,-1.,-4.116923013628E-30));
#1432 = ORIENTED_EDGE('',*,*,#1433,.F.);
#1433 = EDGE_CURVE('',#1127,#1426,#1434,.T.);
#1434 = LINE('',#1435,#1436);
#1435 = CARTESIAN_POINT('',(-0.3302,1.049909,-1.289584));
#1436 = VECTOR('',#1437,1.);
#1437 = DIRECTION('',(-1.,2.342910729165E-15,-3.514366093748E-15));
#1438 = ORIENTED_EDGE('',*,*,#1126,.F.);
#1439 = PLANE('',#1440);
#1440 = AXIS2_PLACEMENT_3D('',#1441,#1442,#1443);
#1441 = CARTESIAN_POINT('',(-0.3302,7.736291227703E-16,-1.289584));
#1442 = DIRECTION('',(3.514366093748E-15,-4.116923013628E-30,-1.));
#1443 = DIRECTION('',(1.,-2.342910729165E-15,3.514366093748E-15));
#1444 = ADVANCED_FACE('',(#1445),#1487,.T.);
#1445 = FACE_BOUND('',#1446,.T.);
#1446 = EDGE_LOOP('',(#1447,#1455,#1456,#1465,#1473,#1480,#1481));
#1447 = ORIENTED_EDGE('',*,*,#1448,.F.);
#1448 = EDGE_CURVE('',#1252,#1449,#1451,.T.);
#1449 = VERTEX_POINT('',#1450);
#1450 = CARTESIAN_POINT('',(-2.449957,-1.049909,-1.289584));
#1451 = LINE('',#1452,#1453);
#1452 = CARTESIAN_POINT('',(-2.449957,5.740030541293E-15,-1.289584));
#1453 = VECTOR('',#1454,1.);
#1454 = DIRECTION('',(-2.342910729165E-15,-1.,-4.116923013628E-30));
#1455 = ORIENTED_EDGE('',*,*,#1251,.T.);
#1456 = ORIENTED_EDGE('',*,*,#1457,.F.);
#1457 = EDGE_CURVE('',#1458,#1243,#1460,.T.);
#1458 = VERTEX_POINT('',#1459);
#1459 = CARTESIAN_POINT('',(2.117673823847E-04,-0.40005,-1.289584));
#1460 = B_SPLINE_CURVE_WITH_KNOTS('',3,(#1461,#1462,#1463,#1464),
  .UNSPECIFIED.,.F.,.F.,(4,4),(0.,1.),.PIECEWISE_BEZIER_KNOTS.);
#1461 = CARTESIAN_POINT('',(3.399644398276E-15,-0.4,-1.2896004));
#1462 = CARTESIAN_POINT('',(-0.566658333333,-0.4,-1.2896004));
#1463 = CARTESIAN_POINT('',(-1.133316666667,-0.4,-1.2896004));
#1464 = CARTESIAN_POINT('',(-1.699975,-0.4,-1.2896004));
#1465 = ORIENTED_EDGE('',*,*,#1466,.T.);
#1466 = EDGE_CURVE('',#1458,#1467,#1469,.T.);
#1467 = VERTEX_POINT('',#1468);
#1468 = CARTESIAN_POINT('',(2.217178134003,-0.40005,-1.289584));
#1469 = LINE('',#1470,#1471);
#1470 = CARTESIAN_POINT('',(-0.3302,-0.40005,-1.289584));
#1471 = VECTOR('',#1472,1.);
#1472 = DIRECTION('',(1.,-2.342910729165E-15,3.514366093748E-15));
#1473 = ORIENTED_EDGE('',*,*,#1474,.F.);
#1474 = EDGE_CURVE('',#1152,#1467,#1475,.T.);
#1475 = CIRCLE('',#1476,2.25298);
#1476 = AXIS2_PLACEMENT_3D('',#1477,#1478,#1479);
#1477 = CARTESIAN_POINT('',(4.658431359704E-15,-5.38243341848E-30,
    -1.289584));
#1478 = DIRECTION('',(-3.514366093748E-15,4.116923013628E-30,1.));
#1479 = DIRECTION('',(-1.,1.924163371407E-46,-3.514366093748E-15));
#1480 = ORIENTED_EDGE('',*,*,#1149,.F.);
#1481 = ORIENTED_EDGE('',*,*,#1482,.F.);
#1482 = EDGE_CURVE('',#1449,#1150,#1483,.T.);
#1483 = LINE('',#1484,#1485);
#1484 = CARTESIAN_POINT('',(-0.3302,-1.049909,-1.289584));
#1485 = VECTOR('',#1486,1.);
#1486 = DIRECTION('',(1.,-2.342910729165E-15,3.514366093748E-15));
#1487 = PLANE('',#1488);
#1488 = AXIS2_PLACEMENT_3D('',#1489,#1490,#1491);
#1489 = CARTESIAN_POINT('',(-0.3302,7.736291227703E-16,-1.289584));
#1490 = DIRECTION('',(3.514366093748E-15,-4.116923013628E-30,-1.));
#1491 = DIRECTION('',(1.,-2.342910729165E-15,3.514366093748E-15));
#1492 = ADVANCED_FACE('',(#1493),#1534,.F.);
#1493 = FACE_BOUND('',#1494,.T.);
#1494 = EDGE_LOOP('',(#1495,#1501,#1502,#1508,#1509,#1510,#1511,#1519,
    #1527,#1533));
#1495 = ORIENTED_EDGE('',*,*,#1496,.F.);
#1496 = EDGE_CURVE('',#1361,#1418,#1497,.T.);
#1497 = LINE('',#1498,#1499);
#1498 = CARTESIAN_POINT('',(-2.449957,0.40005,1.312316));
#1499 = VECTOR('',#1500,1.);
#1500 = DIRECTION('',(3.514366093748E-15,-4.116923013628E-30,-1.));
#1501 = ORIENTED_EDGE('',*,*,#1386,.T.);
#1502 = ORIENTED_EDGE('',*,*,#1503,.T.);
#1503 = EDGE_CURVE('',#1379,#1274,#1504,.T.);
#1504 = LINE('',#1505,#1506);
#1505 = CARTESIAN_POINT('',(-2.449957,5.745404152435E-15,-0.96877387));
#1506 = VECTOR('',#1507,1.);
#1507 = DIRECTION('',(-2.342910729165E-15,-1.,-4.116923013628E-30));
#1508 = ORIENTED_EDGE('',*,*,#1273,.T.);
#1509 = ORIENTED_EDGE('',*,*,#1259,.F.);
#1510 = ORIENTED_EDGE('',*,*,#1448,.T.);
#1511 = ORIENTED_EDGE('',*,*,#1512,.T.);
#1512 = EDGE_CURVE('',#1449,#1513,#1515,.T.);
#1513 = VERTEX_POINT('',#1514);
#1514 = CARTESIAN_POINT('',(-2.449957,-1.049909,-0.377546));
#1515 = LINE('',#1516,#1517);
#1516 = CARTESIAN_POINT('',(-2.449957,-1.049909,1.312316));
#1517 = VECTOR('',#1518,1.);
#1518 = DIRECTION('',(-3.514366093748E-15,4.116923013628E-30,1.));
#1519 = ORIENTED_EDGE('',*,*,#1520,.T.);
#1520 = EDGE_CURVE('',#1513,#1521,#1523,.T.);
#1521 = VERTEX_POINT('',#1522);
#1522 = CARTESIAN_POINT('',(-2.449957,1.049909,-0.377546));
#1523 = LINE('',#1524,#1525);
#1524 = CARTESIAN_POINT('',(-2.449957,5.740030541293E-15,-0.377546));
#1525 = VECTOR('',#1526,1.);
#1526 = DIRECTION('',(2.342910729165E-15,1.,4.116923013628E-30));
#1527 = ORIENTED_EDGE('',*,*,#1528,.F.);
#1528 = EDGE_CURVE('',#1426,#1521,#1529,.T.);
#1529 = LINE('',#1530,#1531);
#1530 = CARTESIAN_POINT('',(-2.449957,1.049909,1.312316));
#1531 = VECTOR('',#1532,1.);
#1532 = DIRECTION('',(-3.514366093748E-15,4.116923013628E-30,1.));
#1533 = ORIENTED_EDGE('',*,*,#1425,.T.);
#1534 = PLANE('',#1535);
#1535 = AXIS2_PLACEMENT_3D('',#1536,#1537,#1538);
#1536 = CARTESIAN_POINT('',(-2.449957,1.049909,1.312316));
#1537 = DIRECTION('',(1.,-2.342910729165E-15,3.514366093748E-15));
#1538 = DIRECTION('',(2.342910729165E-15,1.,5.857564709353E-34));
#1539 = ADVANCED_FACE('',(#1540),#1551,.F.);
#1540 = FACE_BOUND('',#1541,.T.);
#1541 = EDGE_LOOP('',(#1542,#1548,#1549,#1550));
#1542 = ORIENTED_EDGE('',*,*,#1543,.T.);
#1543 = EDGE_CURVE('',#1521,#1108,#1544,.T.);
#1544 = LINE('',#1545,#1546);
#1545 = CARTESIAN_POINT('',(-3.048,1.049909,-0.377546));
#1546 = VECTOR('',#1547,1.);
#1547 = DIRECTION('',(1.,-2.342910729165E-15,3.514366093748E-15));
#1548 = ORIENTED_EDGE('',*,*,#1135,.F.);
#1549 = ORIENTED_EDGE('',*,*,#1433,.T.);
#1550 = ORIENTED_EDGE('',*,*,#1528,.T.);
#1551 = PLANE('',#1552);
#1552 = AXIS2_PLACEMENT_3D('',#1553,#1554,#1555);
#1553 = CARTESIAN_POINT('',(-1.990089594767,1.049909,1.312316));
#1554 = DIRECTION('',(-2.342910729165E-15,-1.,-4.116923013628E-30));
#1555 = DIRECTION('',(1.,-2.342910729165E-15,3.514332921895E-15));
#1556 = ADVANCED_FACE('',(#1557),#1568,.F.);
#1557 = FACE_BOUND('',#1558,.T.);
#1558 = EDGE_LOOP('',(#1559,#1565,#1566,#1567));
#1559 = ORIENTED_EDGE('',*,*,#1560,.T.);
#1560 = EDGE_CURVE('',#1169,#1513,#1561,.T.);
#1561 = LINE('',#1562,#1563);
#1562 = CARTESIAN_POINT('',(-3.048,-1.049909,-0.377546));
#1563 = VECTOR('',#1564,1.);
#1564 = DIRECTION('',(-1.,2.342910729165E-15,-3.514366093748E-15));
#1565 = ORIENTED_EDGE('',*,*,#1512,.F.);
#1566 = ORIENTED_EDGE('',*,*,#1482,.T.);
#1567 = ORIENTED_EDGE('',*,*,#1177,.T.);
#1568 = PLANE('',#1569);
#1569 = AXIS2_PLACEMENT_3D('',#1570,#1571,#1572);
#1570 = CARTESIAN_POINT('',(-2.449957,-1.049909,1.312316));
#1571 = DIRECTION('',(2.342910729165E-15,1.,4.116923013628E-30));
#1572 = DIRECTION('',(-1.,2.342910729165E-15,-3.514332921895E-15));
#1573 = ADVANCED_FACE('',(#1574),#1586,.T.);
#1574 = FACE_BOUND('',#1575,.T.);
#1575 = EDGE_LOOP('',(#1576,#1583,#1584,#1585));
#1576 = ORIENTED_EDGE('',*,*,#1577,.F.);
#1577 = EDGE_CURVE('',#1363,#1409,#1578,.T.);
#1578 = B_SPLINE_CURVE_WITH_KNOTS('',3,(#1579,#1580,#1581,#1582),
  .UNSPECIFIED.,.F.,.F.,(4,4),(0.,1.),.PIECEWISE_BEZIER_KNOTS.);
#1579 = CARTESIAN_POINT('',(-1.7,0.4,-0.97754734));
#1580 = CARTESIAN_POINT('',(-1.7,0.4,-1.08155956));
#1581 = CARTESIAN_POINT('',(-1.7,0.4,-1.18557178));
#1582 = CARTESIAN_POINT('',(-1.7,0.4,-1.289584));
#1583 = ORIENTED_EDGE('',*,*,#1360,.F.);
#1584 = ORIENTED_EDGE('',*,*,#1496,.T.);
#1585 = ORIENTED_EDGE('',*,*,#1417,.F.);
#1586 = PLANE('',#1587);
#1587 = AXIS2_PLACEMENT_3D('',#1588,#1589,#1590);
#1588 = CARTESIAN_POINT('',(2.7432,0.40005,-0.97754734));
#1589 = DIRECTION('',(-2.283625833469E-15,-1.,-3.908574186323E-30));
#1590 = DIRECTION('',(1.,-2.283625833469E-15,3.514332921895E-15));
#1591 = ADVANCED_FACE('',(#1592),#1609,.T.);
#1592 = FACE_BOUND('',#1593,.T.);
#1593 = EDGE_LOOP('',(#1594,#1601,#1602,#1608));
#1594 = ORIENTED_EDGE('',*,*,#1595,.F.);
#1595 = EDGE_CURVE('',#1307,#1458,#1596,.T.);
#1596 = B_SPLINE_CURVE_WITH_KNOTS('',3,(#1597,#1598,#1599,#1600),
  .UNSPECIFIED.,.F.,.F.,(4,4),(0.,1.),.PIECEWISE_BEZIER_KNOTS.);
#1597 = CARTESIAN_POINT('',(2.301504052847E-15,-0.4,-0.97754734));
#1598 = CARTESIAN_POINT('',(2.66704107215E-15,-0.4,-1.08155956));
#1599 = CARTESIAN_POINT('',(3.032578091454E-15,-0.4,-1.18557178));
#1600 = CARTESIAN_POINT('',(3.398115110757E-15,-0.4,-1.289584));
#1601 = ORIENTED_EDGE('',*,*,#1304,.F.);
#1602 = ORIENTED_EDGE('',*,*,#1603,.T.);
#1603 = EDGE_CURVE('',#1305,#1467,#1604,.T.);
#1604 = LINE('',#1605,#1606);
#1605 = CARTESIAN_POINT('',(2.217178134003,-0.40005,-1.10261567));
#1606 = VECTOR('',#1607,1.);
#1607 = DIRECTION('',(3.514366093748E-15,-4.116923013628E-30,-1.));
#1608 = ORIENTED_EDGE('',*,*,#1466,.F.);
#1609 = PLANE('',#1610);
#1610 = AXIS2_PLACEMENT_3D('',#1611,#1612,#1613);
#1611 = CARTESIAN_POINT('',(-2.7432,-0.40005,-0.97754734));
#1612 = DIRECTION('',(2.402195624861E-15,1.,4.325271840932E-30));
#1613 = DIRECTION('',(-1.,2.402195624861E-15,-3.514332921895E-15));
#1614 = ADVANCED_FACE('',(#1615),#1641,.F.);
#1615 = FACE_BOUND('',#1616,.T.);
#1616 = EDGE_LOOP('',(#1617,#1618,#1626,#1635));
#1617 = ORIENTED_EDGE('',*,*,#1503,.F.);
#1618 = ORIENTED_EDGE('',*,*,#1619,.T.);
#1619 = EDGE_CURVE('',#1379,#1620,#1622,.T.);
#1620 = VERTEX_POINT('',#1621);
#1621 = CARTESIAN_POINT('',(-3.46923983028,0.2,-0.9600004));
#1622 = LINE('',#1623,#1624);
#1623 = CARTESIAN_POINT('',(-0.33,0.2,-0.9600004));
#1624 = VECTOR('',#1625,1.);
#1625 = DIRECTION('',(-1.,2.757119962004E-15,-3.514366093748E-15));
#1626 = ORIENTED_EDGE('',*,*,#1627,.F.);
#1627 = EDGE_CURVE('',#1628,#1620,#1630,.T.);
#1628 = VERTEX_POINT('',#1629);
#1629 = CARTESIAN_POINT('',(-3.46923983028,-0.2,-0.9600004));
#1630 = CIRCLE('',#1631,3.475);
#1631 = AXIS2_PLACEMENT_3D('',#1632,#1633,#1634);
#1632 = CARTESIAN_POINT('',(3.250480781477E-15,-4.447572889063E-30,
    -0.9600004));
#1633 = DIRECTION('',(3.514366093748E-15,-4.116923013628E-30,-1.));
#1634 = DIRECTION('',(-1.,2.342910729165E-15,-3.514366093748E-15));
#1635 = ORIENTED_EDGE('',*,*,#1636,.T.);
#1636 = EDGE_CURVE('',#1628,#1274,#1637,.T.);
#1637 = LINE('',#1638,#1639);
#1638 = CARTESIAN_POINT('',(-0.33,-0.2,-0.9600004));
#1639 = VECTOR('',#1640,1.);
#1640 = DIRECTION('',(1.,-1.928701496326E-15,3.514366093748E-15));
#1641 = PLANE('',#1642);
#1642 = AXIS2_PLACEMENT_3D('',#1643,#1644,#1645);
#1643 = CARTESIAN_POINT('',(-0.33,7.731605406245E-16,-0.9600004));
#1644 = DIRECTION('',(3.514366093748E-15,-4.116923013628E-30,-1.));
#1645 = DIRECTION('',(-1.,2.342910729165E-15,-3.514366093748E-15));
#1646 = ADVANCED_FACE('',(#1647,#1697),#1717,.F.);
#1647 = FACE_BOUND('',#1648,.T.);
#1648 = EDGE_LOOP('',(#1649,#1657,#1665,#1674,#1682,#1688,#1689,#1696));
#1649 = ORIENTED_EDGE('',*,*,#1650,.T.);
#1650 = EDGE_CURVE('',#1243,#1651,#1653,.T.);
#1651 = VERTEX_POINT('',#1652);
#1652 = CARTESIAN_POINT('',(-1.9,-0.2,-1.2896004));
#1653 = LINE('',#1654,#1655);
#1654 = CARTESIAN_POINT('',(-2.7875,0.6875,-1.2896004));
#1655 = VECTOR('',#1656,1.);
#1656 = DIRECTION('',(-0.707106781187,0.707106781187,-2.485032096461E-15
    ));
#1657 = ORIENTED_EDGE('',*,*,#1658,.T.);
#1658 = EDGE_CURVE('',#1651,#1659,#1661,.T.);
#1659 = VERTEX_POINT('',#1660);
#1660 = CARTESIAN_POINT('',(-3.46923983028,-0.2,-1.2896004));
#1661 = LINE('',#1662,#1663);
#1662 = CARTESIAN_POINT('',(-3.475,-0.2,-1.2896004));
#1663 = VECTOR('',#1664,1.);
#1664 = DIRECTION('',(-1.,1.928701496326E-15,-3.514366093748E-15));
#1665 = ORIENTED_EDGE('',*,*,#1666,.T.);
#1666 = EDGE_CURVE('',#1659,#1667,#1669,.T.);
#1667 = VERTEX_POINT('',#1668);
#1668 = CARTESIAN_POINT('',(-3.46923983028,0.2,-1.2896004));
#1669 = CIRCLE('',#1670,3.475);
#1670 = AXIS2_PLACEMENT_3D('',#1671,#1672,#1673);
#1671 = CARTESIAN_POINT('',(4.408815845976E-15,-5.804510714355E-30,
    -1.2896004));
#1672 = DIRECTION('',(3.514366093748E-15,-4.116923013628E-30,-1.));
#1673 = DIRECTION('',(1.,8.217004427977E-47,3.514366093748E-15));
#1674 = ORIENTED_EDGE('',*,*,#1675,.T.);
#1675 = EDGE_CURVE('',#1667,#1676,#1678,.T.);
#1676 = VERTEX_POINT('',#1677);
#1677 = CARTESIAN_POINT('',(-1.9,0.2,-1.2896004));
#1678 = LINE('',#1679,#1680);
#1679 = CARTESIAN_POINT('',(-3.475,0.2,-1.2896004));
#1680 = VECTOR('',#1681,1.);
#1681 = DIRECTION('',(1.,-2.757119962004E-15,3.514366093748E-15));
#1682 = ORIENTED_EDGE('',*,*,#1683,.T.);
#1683 = EDGE_CURVE('',#1676,#1409,#1684,.T.);
#1684 = LINE('',#1685,#1686);
#1685 = CARTESIAN_POINT('',(-2.7875,-0.6875,-1.2896004));
#1686 = VECTOR('',#1687,1.);
#1687 = DIRECTION('',(0.707106781187,0.707106781187,2.485032096461E-15)
  );
#1688 = ORIENTED_EDGE('',*,*,#1408,.T.);
#1689 = ORIENTED_EDGE('',*,*,#1690,.T.);
#1690 = EDGE_CURVE('',#1202,#1458,#1691,.T.);
#1691 = CIRCLE('',#1692,0.4);
#1692 = AXIS2_PLACEMENT_3D('',#1693,#1694,#1695);
#1693 = CARTESIAN_POINT('',(4.408815845976E-15,-5.804510714355E-30,
    -1.2896004));
#1694 = DIRECTION('',(3.514366093748E-15,-4.116923013628E-30,-1.));
#1695 = DIRECTION('',(1.,1.07764402367E-45,3.514366093748E-15));
#1696 = ORIENTED_EDGE('',*,*,#1457,.T.);
#1697 = FACE_BOUND('',#1698,.T.);
#1698 = EDGE_LOOP('',(#1699,#1710));
#1699 = ORIENTED_EDGE('',*,*,#1700,.F.);
#1700 = EDGE_CURVE('',#1701,#1703,#1705,.T.);
#1701 = VERTEX_POINT('',#1702);
#1702 = CARTESIAN_POINT('',(0.251268703904,-5.804510714355E-30,
    -1.2896004));
#1703 = VERTEX_POINT('',#1704);
#1704 = CARTESIAN_POINT('',(-0.251268746885,5.887002429812E-16,
    -1.289600325554));
#1705 = CIRCLE('',#1706,0.251268703904);
#1706 = AXIS2_PLACEMENT_3D('',#1707,#1708,#1709);
#1707 = CARTESIAN_POINT('',(4.408815845976E-15,-5.804510714355E-30,
    -1.2896004));
#1708 = DIRECTION('',(3.514366093748E-15,-4.116923013628E-30,-1.));
#1709 = DIRECTION('',(1.,2.570485084317E-46,3.514366093748E-15));
#1710 = ORIENTED_EDGE('',*,*,#1711,.F.);
#1711 = EDGE_CURVE('',#1703,#1701,#1712,.T.);
#1712 = CIRCLE('',#1713,0.251268703904);
#1713 = AXIS2_PLACEMENT_3D('',#1714,#1715,#1716);
#1714 = CARTESIAN_POINT('',(4.408815845976E-15,-5.804510714355E-30,
    -1.2896004));
#1715 = DIRECTION('',(3.514366093748E-15,-4.116923013628E-30,-1.));
#1716 = DIRECTION('',(1.,2.570485084317E-46,3.514366093748E-15));
#1717 = PLANE('',#1718);
#1718 = AXIS2_PLACEMENT_3D('',#1719,#1720,#1721);
#1719 = CARTESIAN_POINT('',(-3.475,8.141614783849E-15,-1.2896004));
#1720 = DIRECTION('',(-3.514366093748E-15,4.116923013628E-30,1.));
#1721 = DIRECTION('',(1.,-2.342910729165E-15,3.514366093748E-15));
#1722 = ADVANCED_FACE('',(#1723),#1739,.T.);
#1723 = FACE_BOUND('',#1724,.T.);
#1724 = EDGE_LOOP('',(#1725,#1726,#1732,#1733));
#1725 = ORIENTED_EDGE('',*,*,#1666,.F.);
#1726 = ORIENTED_EDGE('',*,*,#1727,.T.);
#1727 = EDGE_CURVE('',#1659,#1628,#1728,.T.);
#1728 = LINE('',#1729,#1730);
#1729 = CARTESIAN_POINT('',(-3.46923983028,-0.2,1.2699996));
#1730 = VECTOR('',#1731,1.);
#1731 = DIRECTION('',(-3.514366093748E-15,4.116923013628E-30,1.));
#1732 = ORIENTED_EDGE('',*,*,#1627,.T.);
#1733 = ORIENTED_EDGE('',*,*,#1734,.T.);
#1734 = EDGE_CURVE('',#1620,#1667,#1735,.T.);
#1735 = LINE('',#1736,#1737);
#1736 = CARTESIAN_POINT('',(-3.46923983028,0.2,1.2699996));
#1737 = VECTOR('',#1738,1.);
#1738 = DIRECTION('',(3.514366093748E-15,-4.116923013628E-30,-1.));
#1739 = CYLINDRICAL_SURFACE('',#1740,3.475);
#1740 = AXIS2_PLACEMENT_3D('',#1741,#1742,#1743);
#1741 = CARTESIAN_POINT('',(-4.58655560758E-15,4.733165431326E-30,
    1.2699996));
#1742 = DIRECTION('',(3.514366093748E-15,-4.116923013628E-30,-1.));
#1743 = DIRECTION('',(-1.,2.342910729165E-15,-3.514366093748E-15));
#1744 = ADVANCED_FACE('',(#1745),#1757,.F.);
#1745 = FACE_BOUND('',#1746,.F.);
#1746 = EDGE_LOOP('',(#1747,#1748,#1755,#1756));
#1747 = ORIENTED_EDGE('',*,*,#1711,.F.);
#1748 = ORIENTED_EDGE('',*,*,#1749,.F.);
#1749 = EDGE_CURVE('',#1750,#1703,#1752,.T.);
#1750 = VERTEX_POINT('',#1751);
#1751 = CARTESIAN_POINT('',(3.926091621862E-15,-5.270773193684E-30,
    -1.144530346162));
#1752 = B_SPLINE_CURVE_WITH_KNOTS('',1,(#1753,#1754),.UNSPECIFIED.,.F.,
  .F.,(2,2),(-0.230939914067,5.919999999994E-02),
  .PIECEWISE_BEZIER_KNOTS.);
#1753 = CARTESIAN_POINT('',(3.913536161804E-15,-5.226203497089E-30,
    -1.14453073338));
#1754 = CARTESIAN_POINT('',(-0.251268746885,5.271571496614E-16,
    -1.289600325554));
#1755 = ORIENTED_EDGE('',*,*,#1749,.T.);
#1756 = ORIENTED_EDGE('',*,*,#1700,.F.);
#1757 = CONICAL_SURFACE('',#1758,0.2,1.047199003266);
#1758 = AXIS2_PLACEMENT_3D('',#1759,#1760,#1761);
#1759 = CARTESIAN_POINT('',(4.304790609601E-15,-5.682649793152E-30,
    -1.2600004));
#1760 = DIRECTION('',(3.514366093748E-15,-4.116923013628E-30,-1.));
#1761 = DIRECTION('',(-1.,2.342910729165E-15,-3.514366093748E-15));
#1762 = ADVANCED_FACE('',(#1763),#1774,.F.);
#1763 = FACE_BOUND('',#1764,.T.);
#1764 = EDGE_LOOP('',(#1765,#1771,#1772,#1773));
#1765 = ORIENTED_EDGE('',*,*,#1766,.T.);
#1766 = EDGE_CURVE('',#1282,#1651,#1767,.T.);
#1767 = LINE('',#1768,#1769);
#1768 = CARTESIAN_POINT('',(-1.9,-0.2,-1.3300004));
#1769 = VECTOR('',#1770,1.);
#1770 = DIRECTION('',(3.514366093748E-15,-4.116923013628E-30,-1.));
#1771 = ORIENTED_EDGE('',*,*,#1650,.F.);
#1772 = ORIENTED_EDGE('',*,*,#1242,.F.);
#1773 = ORIENTED_EDGE('',*,*,#1289,.F.);
#1774 = PLANE('',#1775);
#1775 = AXIS2_PLACEMENT_3D('',#1776,#1777,#1778);
#1776 = CARTESIAN_POINT('',(-1.7,-0.4,-1.3300004));
#1777 = DIRECTION('',(0.707106781187,0.707106781187,2.485032096461E-15)
  );
#1778 = DIRECTION('',(0.707106781187,-0.707106781187,2.484991379337E-15)
  );
#1779 = ADVANCED_FACE('',(#1780),#1787,.F.);
#1780 = FACE_BOUND('',#1781,.T.);
#1781 = EDGE_LOOP('',(#1782,#1783,#1784,#1785,#1786));
#1782 = ORIENTED_EDGE('',*,*,#1727,.F.);
#1783 = ORIENTED_EDGE('',*,*,#1658,.F.);
#1784 = ORIENTED_EDGE('',*,*,#1766,.F.);
#1785 = ORIENTED_EDGE('',*,*,#1281,.F.);
#1786 = ORIENTED_EDGE('',*,*,#1636,.F.);
#1787 = PLANE('',#1788);
#1788 = AXIS2_PLACEMENT_3D('',#1789,#1790,#1791);
#1789 = CARTESIAN_POINT('',(-1.9,-0.2,-1.3300004));
#1790 = DIRECTION('',(1.928701496326E-15,1.,2.66124013002E-30));
#1791 = DIRECTION('',(1.,-1.928701496326E-15,3.514332921895E-15));
#1792 = ADVANCED_FACE('',(#1793),#1805,.F.);
#1793 = FACE_BOUND('',#1794,.T.);
#1794 = EDGE_LOOP('',(#1795,#1801,#1802,#1803,#1804));
#1795 = ORIENTED_EDGE('',*,*,#1796,.T.);
#1796 = EDGE_CURVE('',#1371,#1676,#1797,.T.);
#1797 = LINE('',#1798,#1799);
#1798 = CARTESIAN_POINT('',(-1.9,0.2,-1.3300004));
#1799 = VECTOR('',#1800,1.);
#1800 = DIRECTION('',(3.514366093748E-15,-4.116923013628E-30,-1.));
#1801 = ORIENTED_EDGE('',*,*,#1675,.F.);
#1802 = ORIENTED_EDGE('',*,*,#1734,.F.);
#1803 = ORIENTED_EDGE('',*,*,#1619,.F.);
#1804 = ORIENTED_EDGE('',*,*,#1378,.F.);
#1805 = PLANE('',#1806);
#1806 = AXIS2_PLACEMENT_3D('',#1807,#1808,#1809);
#1807 = CARTESIAN_POINT('',(-4.059456432608,0.2,-1.3300004));
#1808 = DIRECTION('',(-2.757119962004E-15,-1.,-5.572605897235E-30));
#1809 = DIRECTION('',(-1.,2.757119962004E-15,-3.514332921895E-15));
#1810 = ADVANCED_FACE('',(#1811),#1817,.F.);
#1811 = FACE_BOUND('',#1812,.T.);
#1812 = EDGE_LOOP('',(#1813,#1814,#1815,#1816));
#1813 = ORIENTED_EDGE('',*,*,#1577,.T.);
#1814 = ORIENTED_EDGE('',*,*,#1683,.F.);
#1815 = ORIENTED_EDGE('',*,*,#1796,.F.);
#1816 = ORIENTED_EDGE('',*,*,#1370,.F.);
#1817 = PLANE('',#1818);
#1818 = AXIS2_PLACEMENT_3D('',#1819,#1820,#1821);
#1819 = CARTESIAN_POINT('',(-1.9,0.2,-1.3300004));
#1820 = DIRECTION('',(0.707106781187,-0.707106781187,2.485032096461E-15)
  );
#1821 = DIRECTION('',(-0.707106781187,-0.707106781187,
    -2.484991379337E-15));
#1822 = ADVANCED_FACE('',(#1823),#1829,.T.);
#1823 = FACE_BOUND('',#1824,.T.);
#1824 = EDGE_LOOP('',(#1825,#1826,#1827,#1828));
#1825 = ORIENTED_EDGE('',*,*,#1595,.T.);
#1826 = ORIENTED_EDGE('',*,*,#1690,.F.);
#1827 = ORIENTED_EDGE('',*,*,#1201,.F.);
#1828 = ORIENTED_EDGE('',*,*,#1314,.F.);
#1829 = CYLINDRICAL_SURFACE('',#1830,0.4);
#1830 = AXIS2_PLACEMENT_3D('',#1831,#1832,#1833);
#1831 = CARTESIAN_POINT('',(4.550796236163E-15,-5.970834404105E-30,
    -1.3300004));
#1832 = DIRECTION('',(-3.514366093748E-15,4.116923013628E-30,1.));
#1833 = DIRECTION('',(1.,-2.342910729165E-15,3.514366093748E-15));
#1834 = ADVANCED_FACE('',(#1835),#1870,.T.);
#1835 = FACE_BOUND('',#1836,.T.);
#1836 = EDGE_LOOP('',(#1837,#1846,#1853,#1862,#1869));
#1837 = ORIENTED_EDGE('',*,*,#1838,.F.);
#1838 = EDGE_CURVE('',#1839,#1839,#1841,.T.);
#1839 = VERTEX_POINT('',#1840);
#1840 = CARTESIAN_POINT('',(-3.000121,3.514507839847E-15,1.084986));
#1841 = CIRCLE('',#1842,3.000121);
#1842 = AXIS2_PLACEMENT_3D('',#1843,#1844,#1845);
#1843 = CARTESIAN_POINT('',(-3.813038010591E-15,4.466803832864E-30,
    1.084986));
#1844 = DIRECTION('',(3.514366093748E-15,-4.116923013628E-30,-1.));
#1845 = DIRECTION('',(-1.,1.171455364583E-15,-3.514366093748E-15));
#1846 = ORIENTED_EDGE('',*,*,#1847,.F.);
#1847 = EDGE_CURVE('',#1848,#1839,#1850,.T.);
#1848 = VERTEX_POINT('',#1849);
#1849 = CARTESIAN_POINT('',(-2.805049,3.285989698967E-15,1.280058));
#1850 = B_SPLINE_CURVE_WITH_KNOTS('',1,(#1851,#1852),.UNSPECIFIED.,.F.,
  .F.,(2,2),(0.,0.275873468039),.PIECEWISE_BEZIER_KNOTS.);
#1851 = CARTESIAN_POINT('',(-2.805049,2.598950843107E-15,1.280058));
#1852 = CARTESIAN_POINT('',(-3.000121212443,2.77969032074E-15,
    1.084986212444));
#1853 = ORIENTED_EDGE('',*,*,#1854,.F.);
#1854 = EDGE_CURVE('',#1855,#1848,#1857,.T.);
#1855 = VERTEX_POINT('',#1856);
#1856 = CARTESIAN_POINT('',(2.805048735414,-3.973028180072E-15,
    1.280058264587));
#1857 = CIRCLE('',#1858,2.805049);
#1858 = AXIS2_PLACEMENT_3D('',#1859,#1860,#1861);
#1859 = CARTESIAN_POINT('',(-4.49859243323E-15,5.269900238978E-30,
    1.280058));
#1860 = DIRECTION('',(-3.514366093748E-15,4.116923013628E-30,1.));
#1861 = DIRECTION('',(-1.,1.171455364583E-15,-3.514366093748E-15));
#1862 = ORIENTED_EDGE('',*,*,#1863,.F.);
#1863 = EDGE_CURVE('',#1848,#1855,#1864,.T.);
#1864 = CIRCLE('',#1865,2.805049);
#1865 = AXIS2_PLACEMENT_3D('',#1866,#1867,#1868);
#1866 = CARTESIAN_POINT('',(-4.49859243323E-15,5.269900238978E-30,
    1.280058));
#1867 = DIRECTION('',(-3.514366093748E-15,4.116923013628E-30,1.));
#1868 = DIRECTION('',(-1.,1.171455364583E-15,-3.514366093748E-15));
#1869 = ORIENTED_EDGE('',*,*,#1847,.T.);
#1870 = CONICAL_SURFACE('',#1871,2.805049,0.78539925245);
#1871 = AXIS2_PLACEMENT_3D('',#1872,#1873,#1874);
#1872 = CARTESIAN_POINT('',(-4.49859243323E-15,5.269900238978E-30,
    1.280058));
#1873 = DIRECTION('',(3.514366093748E-15,-4.116923013628E-30,-1.));
#1874 = DIRECTION('',(-1.,1.171455364583E-15,-3.514366093748E-15));
#1875 = ADVANCED_FACE('',(#1876),#1904,.T.);
#1876 = FACE_BOUND('',#1877,.T.);
#1877 = EDGE_LOOP('',(#1878,#1889,#1894,#1895,#1896,#1897));
#1878 = ORIENTED_EDGE('',*,*,#1879,.F.);
#1879 = EDGE_CURVE('',#1880,#1882,#1884,.T.);
#1880 = VERTEX_POINT('',#1881);
#1881 = CARTESIAN_POINT('',(3.000121,-3.514507839847E-15,1.47513));
#1882 = VERTEX_POINT('',#1883);
#1883 = CARTESIAN_POINT('',(-3.000121,3.514507839847E-15,1.47513));
#1884 = CIRCLE('',#1885,3.000121);
#1885 = AXIS2_PLACEMENT_3D('',#1886,#1887,#1888);
#1886 = CARTESIAN_POINT('',(-5.18414685587E-15,6.072996645092E-30,
    1.47513));
#1887 = DIRECTION('',(-3.514366093748E-15,4.116923013628E-30,1.));
#1888 = DIRECTION('',(1.,-1.171455364583E-15,3.514366093748E-15));
#1889 = ORIENTED_EDGE('',*,*,#1890,.F.);
#1890 = EDGE_CURVE('',#1855,#1880,#1891,.T.);
#1891 = B_SPLINE_CURVE_WITH_KNOTS('',1,(#1892,#1893),.UNSPECIFIED.,.F.,
  .F.,(2,2),(-0.343584599192,-6.771113115282E-02),
  .PIECEWISE_BEZIER_KNOTS.);
#1892 = CARTESIAN_POINT('',(2.805048735414,-3.973028180072E-15,
    1.280058264587));
#1893 = CARTESIAN_POINT('',(3.000120947857,-4.249325481934E-15,
    1.475130052143));
#1894 = ORIENTED_EDGE('',*,*,#1854,.T.);
#1895 = ORIENTED_EDGE('',*,*,#1863,.T.);
#1896 = ORIENTED_EDGE('',*,*,#1890,.T.);
#1897 = ORIENTED_EDGE('',*,*,#1898,.F.);
#1898 = EDGE_CURVE('',#1882,#1880,#1899,.T.);
#1899 = CIRCLE('',#1900,3.000121);
#1900 = AXIS2_PLACEMENT_3D('',#1901,#1902,#1903);
#1901 = CARTESIAN_POINT('',(-5.18414685587E-15,6.072996645092E-30,
    1.47513));
#1902 = DIRECTION('',(-3.514366093748E-15,4.116923013628E-30,1.));
#1903 = DIRECTION('',(1.,-1.171455364583E-15,3.514366093748E-15));
#1904 = CONICAL_SURFACE('',#1905,3.048,0.78539925245);
#1905 = AXIS2_PLACEMENT_3D('',#1906,#1907,#1908);
#1906 = CARTESIAN_POINT('',(-5.352411190072E-15,6.270110802062E-30,
    1.523009));
#1907 = DIRECTION('',(-3.514366093748E-15,4.116923013628E-30,1.));
#1908 = DIRECTION('',(1.,-1.171455364583E-15,3.514366093748E-15));
#1909 = ADVANCED_FACE('',(#1910),#1944,.T.);
#1910 = FACE_BOUND('',#1911,.T.);
#1911 = EDGE_LOOP('',(#1912,#1922,#1930,#1938));
#1912 = ORIENTED_EDGE('',*,*,#1913,.T.);
#1913 = EDGE_CURVE('',#1914,#1916,#1918,.T.);
#1914 = VERTEX_POINT('',#1915);
#1915 = CARTESIAN_POINT('',(-2.8829,2.773605566767,-1.299566));
#1916 = VERTEX_POINT('',#1917);
#1917 = CARTESIAN_POINT('',(-2.8829,2.773605566767,-3.672566));
#1918 = LINE('',#1919,#1920);
#1919 = CARTESIAN_POINT('',(-2.8829,2.773605566767,-3.799688));
#1920 = VECTOR('',#1921,1.);
#1921 = DIRECTION('',(3.514366093748E-15,-4.116923013628E-30,-1.));
#1922 = ORIENTED_EDGE('',*,*,#1923,.T.);
#1923 = EDGE_CURVE('',#1916,#1924,#1926,.T.);
#1924 = VERTEX_POINT('',#1925);
#1925 = CARTESIAN_POINT('',(-2.8829,2.1971,-3.672566));
#1926 = LINE('',#1927,#1928);
#1927 = CARTESIAN_POINT('',(-2.8829,2.773605566767,-3.672566));
#1928 = VECTOR('',#1929,1.);
#1929 = DIRECTION('',(3.330604423554E-16,-1.,5.28741933941E-30));
#1930 = ORIENTED_EDGE('',*,*,#1931,.T.);
#1931 = EDGE_CURVE('',#1924,#1932,#1934,.T.);
#1932 = VERTEX_POINT('',#1933);
#1933 = CARTESIAN_POINT('',(-2.8829,2.1971,-1.299566));
#1934 = LINE('',#1935,#1936);
#1935 = CARTESIAN_POINT('',(-2.8829,2.1971,-3.799688));
#1936 = VECTOR('',#1937,1.);
#1937 = DIRECTION('',(-3.514366093748E-15,4.116923013628E-30,1.));
#1938 = ORIENTED_EDGE('',*,*,#1939,.F.);
#1939 = EDGE_CURVE('',#1914,#1932,#1940,.T.);
#1940 = LINE('',#1941,#1942);
#1941 = CARTESIAN_POINT('',(-2.8829,2.773605566767,-1.299566));
#1942 = VECTOR('',#1943,1.);
#1943 = DIRECTION('',(3.330604423554E-16,-1.,5.28741933941E-30));
#1944 = PLANE('',#1945);
#1945 = AXIS2_PLACEMENT_3D('',#1946,#1947,#1948);
#1946 = CARTESIAN_POINT('',(-2.8829,2.773605566767,-3.799688));
#1947 = DIRECTION('',(-1.,-3.330604423554E-16,-3.514366093748E-15));
#1948 = DIRECTION('',(-3.330604423554E-16,1.,2.27204898673E-35));
#1949 = ADVANCED_FACE('',(#1950),#1984,.T.);
#1950 = FACE_BOUND('',#1951,.T.);
#1951 = EDGE_LOOP('',(#1952,#1962,#1970,#1978));
#1952 = ORIENTED_EDGE('',*,*,#1953,.F.);
#1953 = EDGE_CURVE('',#1954,#1956,#1958,.T.);
#1954 = VERTEX_POINT('',#1955);
#1955 = CARTESIAN_POINT('',(-2.1971,2.8829,-3.672566));
#1956 = VERTEX_POINT('',#1957);
#1957 = CARTESIAN_POINT('',(-2.1971,2.8829,-1.299566));
#1958 = LINE('',#1959,#1960);
#1959 = CARTESIAN_POINT('',(-2.1971,2.8829,-3.799688));
#1960 = VECTOR('',#1961,1.);
#1961 = DIRECTION('',(-3.514366093748E-15,4.116923013628E-30,1.));
#1962 = ORIENTED_EDGE('',*,*,#1963,.T.);
#1963 = EDGE_CURVE('',#1954,#1964,#1966,.T.);
#1964 = VERTEX_POINT('',#1965);
#1965 = CARTESIAN_POINT('',(-2.773605566767,2.8829,-3.672566));
#1966 = LINE('',#1967,#1968);
#1967 = CARTESIAN_POINT('',(-2.1971,2.8829,-3.672566));
#1968 = VECTOR('',#1969,1.);
#1969 = DIRECTION('',(-1.,-3.330604423554E-16,-3.514366093748E-15));
#1970 = ORIENTED_EDGE('',*,*,#1971,.F.);
#1971 = EDGE_CURVE('',#1972,#1964,#1974,.T.);
#1972 = VERTEX_POINT('',#1973);
#1973 = CARTESIAN_POINT('',(-2.773605566767,2.8829,-1.299566));
#1974 = LINE('',#1975,#1976);
#1975 = CARTESIAN_POINT('',(-2.773605566767,2.8829,-3.799688));
#1976 = VECTOR('',#1977,1.);
#1977 = DIRECTION('',(3.514366093748E-15,-4.116923013628E-30,-1.));
#1978 = ORIENTED_EDGE('',*,*,#1979,.F.);
#1979 = EDGE_CURVE('',#1956,#1972,#1980,.T.);
#1980 = LINE('',#1981,#1982);
#1981 = CARTESIAN_POINT('',(-2.1971,2.8829,-1.299566));
#1982 = VECTOR('',#1983,1.);
#1983 = DIRECTION('',(-1.,-3.330604423554E-16,-3.514366093748E-15));
#1984 = PLANE('',#1985);
#1985 = AXIS2_PLACEMENT_3D('',#1986,#1987,#1988);
#1986 = CARTESIAN_POINT('',(-2.1971,2.8829,-3.799688));
#1987 = DIRECTION('',(-3.330604423554E-16,1.,-5.28741933941E-30));
#1988 = DIRECTION('',(1.,3.330604423554E-16,3.514549762329E-15));
#1989 = ADVANCED_FACE('',(#1990),#2015,.T.);
#1990 = FACE_BOUND('',#1991,.T.);
#1991 = EDGE_LOOP('',(#1992,#2002,#2008,#2009));
#1992 = ORIENTED_EDGE('',*,*,#1993,.F.);
#1993 = EDGE_CURVE('',#1994,#1996,#1998,.T.);
#1994 = VERTEX_POINT('',#1995);
#1995 = CARTESIAN_POINT('',(-2.1971,2.1971,-3.672566));
#1996 = VERTEX_POINT('',#1997);
#1997 = CARTESIAN_POINT('',(-2.1971,2.1971,-1.299566));
#1998 = LINE('',#1999,#2000);
#1999 = CARTESIAN_POINT('',(-2.1971,2.1971,-3.799688));
#2000 = VECTOR('',#2001,1.);
#2001 = DIRECTION('',(-3.514366093748E-15,4.116923013628E-30,1.));
#2002 = ORIENTED_EDGE('',*,*,#2003,.T.);
#2003 = EDGE_CURVE('',#1994,#1954,#2004,.T.);
#2004 = LINE('',#2005,#2006);
#2005 = CARTESIAN_POINT('',(-2.1971,2.1971,-3.672566));
#2006 = VECTOR('',#2007,1.);
#2007 = DIRECTION('',(-1.990405739196E-15,1.,-1.111193745626E-29));
#2008 = ORIENTED_EDGE('',*,*,#1953,.T.);
#2009 = ORIENTED_EDGE('',*,*,#2010,.F.);
#2010 = EDGE_CURVE('',#1996,#1956,#2011,.T.);
#2011 = LINE('',#2012,#2013);
#2012 = CARTESIAN_POINT('',(-2.1971,2.1971,-1.299566));
#2013 = VECTOR('',#2014,1.);
#2014 = DIRECTION('',(-1.990405739196E-15,1.,-1.111193745626E-29));
#2015 = PLANE('',#2016);
#2016 = AXIS2_PLACEMENT_3D('',#2017,#2018,#2019);
#2017 = CARTESIAN_POINT('',(-2.1971,2.1971,-3.799688));
#2018 = DIRECTION('',(1.,1.990405739196E-15,3.514366093748E-15));
#2019 = DIRECTION('',(1.990405739196E-15,-1.,-6.657948565076E-34));
#2020 = ADVANCED_FACE('',(#2021),#2037,.T.);
#2021 = FACE_BOUND('',#2022,.T.);
#2022 = EDGE_LOOP('',(#2023,#2024,#2030,#2031));
#2023 = ORIENTED_EDGE('',*,*,#1931,.F.);
#2024 = ORIENTED_EDGE('',*,*,#2025,.T.);
#2025 = EDGE_CURVE('',#1924,#1994,#2026,.T.);
#2026 = LINE('',#2027,#2028);
#2027 = CARTESIAN_POINT('',(-2.8829,2.1971,-3.672566));
#2028 = VECTOR('',#2029,1.);
#2029 = DIRECTION('',(1.,-5.390831438269E-16,3.514366093748E-15));
#2030 = ORIENTED_EDGE('',*,*,#1993,.T.);
#2031 = ORIENTED_EDGE('',*,*,#2032,.F.);
#2032 = EDGE_CURVE('',#1932,#1996,#2033,.T.);
#2033 = LINE('',#2034,#2035);
#2034 = CARTESIAN_POINT('',(-2.8829,2.1971,-1.299566));
#2035 = VECTOR('',#2036,1.);
#2036 = DIRECTION('',(1.,-5.390831438269E-16,3.514366093748E-15));
#2037 = PLANE('',#2038);
#2038 = AXIS2_PLACEMENT_3D('',#2039,#2040,#2041);
#2039 = CARTESIAN_POINT('',(-2.8829,2.1971,-3.799688));
#2040 = DIRECTION('',(-5.390831438269E-16,-1.,2.222387491251E-30));
#2041 = DIRECTION('',(-1.,5.390831438269E-16,-3.514549762329E-15));
#2042 = ADVANCED_FACE('',(#2043),#2077,.T.);
#2043 = FACE_BOUND('',#2044,.T.);
#2044 = EDGE_LOOP('',(#2045,#2055,#2063,#2071));
#2045 = ORIENTED_EDGE('',*,*,#2046,.F.);
#2046 = EDGE_CURVE('',#2047,#2049,#2051,.T.);
#2047 = VERTEX_POINT('',#2048);
#2048 = CARTESIAN_POINT('',(2.1971,2.8829,-3.672566));
#2049 = VERTEX_POINT('',#2050);
#2050 = CARTESIAN_POINT('',(2.1971,2.8829,-1.299566));
#2051 = LINE('',#2052,#2053);
#2052 = CARTESIAN_POINT('',(2.1971,2.8829,-3.799688));
#2053 = VECTOR('',#2054,1.);
#2054 = DIRECTION('',(-3.514366093748E-15,4.116923013628E-30,1.));
#2055 = ORIENTED_EDGE('',*,*,#2056,.T.);
#2056 = EDGE_CURVE('',#2047,#2057,#2059,.T.);
#2057 = VERTEX_POINT('',#2058);
#2058 = CARTESIAN_POINT('',(2.1971,2.1971,-3.672566));
#2059 = LINE('',#2060,#2061);
#2060 = CARTESIAN_POINT('',(2.1971,2.8829,-3.672566));
#2061 = VECTOR('',#2062,1.);
#2062 = DIRECTION('',(9.328907692871E-17,-1.,4.444774982503E-30));
#2063 = ORIENTED_EDGE('',*,*,#2064,.T.);
#2064 = EDGE_CURVE('',#2057,#2065,#2067,.T.);
#2065 = VERTEX_POINT('',#2066);
#2066 = CARTESIAN_POINT('',(2.1971,2.1971,-1.299566));
#2067 = LINE('',#2068,#2069);
#2068 = CARTESIAN_POINT('',(2.1971,2.1971,-3.799688));
#2069 = VECTOR('',#2070,1.);
#2070 = DIRECTION('',(-3.514366093748E-15,4.116923013628E-30,1.));
#2071 = ORIENTED_EDGE('',*,*,#2072,.F.);
#2072 = EDGE_CURVE('',#2049,#2065,#2073,.T.);
#2073 = LINE('',#2074,#2075);
#2074 = CARTESIAN_POINT('',(2.1971,2.8829,-1.299566));
#2075 = VECTOR('',#2076,1.);
#2076 = DIRECTION('',(9.328907692871E-17,-1.,4.444774982503E-30));
#2077 = PLANE('',#2078);
#2078 = AXIS2_PLACEMENT_3D('',#2079,#2080,#2081);
#2079 = CARTESIAN_POINT('',(2.1971,2.8829,-3.799688));
#2080 = DIRECTION('',(-1.,-9.328907692871E-17,-3.514366093748E-15));
#2081 = DIRECTION('',(-9.328907692871E-17,1.,-1.676004527259E-34));
#2082 = ADVANCED_FACE('',(#2083),#2108,.T.);
#2083 = FACE_BOUND('',#2084,.T.);
#2084 = EDGE_LOOP('',(#2085,#2095,#2101,#2102));
#2085 = ORIENTED_EDGE('',*,*,#2086,.T.);
#2086 = EDGE_CURVE('',#2087,#2089,#2091,.T.);
#2087 = VERTEX_POINT('',#2088);
#2088 = CARTESIAN_POINT('',(2.773605566767,2.8829,-1.299566));
#2089 = VERTEX_POINT('',#2090);
#2090 = CARTESIAN_POINT('',(2.773605566767,2.8829,-3.672566));
#2091 = LINE('',#2092,#2093);
#2092 = CARTESIAN_POINT('',(2.773605566767,2.8829,-3.799688));
#2093 = VECTOR('',#2094,1.);
#2094 = DIRECTION('',(3.514366093748E-15,-4.116923013628E-30,-1.));
#2095 = ORIENTED_EDGE('',*,*,#2096,.T.);
#2096 = EDGE_CURVE('',#2089,#2047,#2097,.T.);
#2097 = LINE('',#2098,#2099);
#2098 = CARTESIAN_POINT('',(2.773605566767,2.8829,-3.672566));
#2099 = VECTOR('',#2100,1.);
#2100 = DIRECTION('',(-1.,-2.589834152762E-15,-3.514366093748E-15));
#2101 = ORIENTED_EDGE('',*,*,#2046,.T.);
#2102 = ORIENTED_EDGE('',*,*,#2103,.F.);
#2103 = EDGE_CURVE('',#2087,#2049,#2104,.T.);
#2104 = LINE('',#2105,#2106);
#2105 = CARTESIAN_POINT('',(2.773605566767,2.8829,-1.299566));
#2106 = VECTOR('',#2107,1.);
#2107 = DIRECTION('',(-1.,-2.589834152762E-15,-3.514366093748E-15));
#2108 = PLANE('',#2109);
#2109 = AXIS2_PLACEMENT_3D('',#2110,#2111,#2112);
#2110 = CARTESIAN_POINT('',(2.773605566767,2.8829,-3.799688));
#2111 = DIRECTION('',(-2.589834152762E-15,1.,-1.321854834852E-29));
#2112 = DIRECTION('',(1.,2.589834152762E-15,3.514549762329E-15));
#2113 = ADVANCED_FACE('',(#2114),#2130,.T.);
#2114 = FACE_BOUND('',#2115,.T.);
#2115 = EDGE_LOOP('',(#2116,#2117,#2123,#2124));
#2116 = ORIENTED_EDGE('',*,*,#2064,.F.);
#2117 = ORIENTED_EDGE('',*,*,#2118,.T.);
#2118 = EDGE_CURVE('',#2057,#857,#2119,.T.);
#2119 = LINE('',#2120,#2121);
#2120 = CARTESIAN_POINT('',(2.1971,2.1971,-3.672566));
#2121 = VECTOR('',#2122,1.);
#2122 = DIRECTION('',(1.,7.256612976843E-16,3.514366093748E-15));
#2123 = ORIENTED_EDGE('',*,*,#856,.T.);
#2124 = ORIENTED_EDGE('',*,*,#2125,.F.);
#2125 = EDGE_CURVE('',#2065,#859,#2126,.T.);
#2126 = LINE('',#2127,#2128);
#2127 = CARTESIAN_POINT('',(2.1971,2.1971,-1.299566));
#2128 = VECTOR('',#2129,1.);
#2129 = DIRECTION('',(1.,7.256612976843E-16,3.514366093748E-15));
#2130 = PLANE('',#2131);
#2131 = AXIS2_PLACEMENT_3D('',#2132,#2133,#2134);
#2132 = CARTESIAN_POINT('',(2.1971,2.1971,-3.799688));
#2133 = DIRECTION('',(7.256612976843E-16,-1.,6.667162473754E-30));
#2134 = DIRECTION('',(-1.,-7.256612976843E-16,-3.514549762329E-15));
#2135 = ADVANCED_FACE('',(#2136),#2170,.T.);
#2136 = FACE_BOUND('',#2137,.T.);
#2137 = EDGE_LOOP('',(#2138,#2148,#2156,#2164));
#2138 = ORIENTED_EDGE('',*,*,#2139,.F.);
#2139 = EDGE_CURVE('',#2140,#2142,#2144,.T.);
#2140 = VERTEX_POINT('',#2141);
#2141 = CARTESIAN_POINT('',(-2.8829,-2.1971,-3.672566));
#2142 = VERTEX_POINT('',#2143);
#2143 = CARTESIAN_POINT('',(-2.8829,-2.1971,-1.299566));
#2144 = LINE('',#2145,#2146);
#2145 = CARTESIAN_POINT('',(-2.8829,-2.1971,-3.799688));
#2146 = VECTOR('',#2147,1.);
#2147 = DIRECTION('',(-3.514366093748E-15,4.116923013628E-30,1.));
#2148 = ORIENTED_EDGE('',*,*,#2149,.T.);
#2149 = EDGE_CURVE('',#2140,#2150,#2152,.T.);
#2150 = VERTEX_POINT('',#2151);
#2151 = CARTESIAN_POINT('',(-2.8829,-2.773605566767,-3.672566));
#2152 = LINE('',#2153,#2154);
#2153 = CARTESIAN_POINT('',(-2.8829,-2.1971,-3.672566));
#2154 = VECTOR('',#2155,1.);
#2155 = DIRECTION('',(-4.191974611136E-16,-1.,2.643709669705E-30));
#2156 = ORIENTED_EDGE('',*,*,#2157,.F.);
#2157 = EDGE_CURVE('',#2158,#2150,#2160,.T.);
#2158 = VERTEX_POINT('',#2159);
#2159 = CARTESIAN_POINT('',(-2.8829,-2.773605566767,-1.299566));
#2160 = LINE('',#2161,#2162);
#2161 = CARTESIAN_POINT('',(-2.8829,-2.773605566767,-3.799688));
#2162 = VECTOR('',#2163,1.);
#2163 = DIRECTION('',(3.514366093748E-15,-4.116923013628E-30,-1.));
#2164 = ORIENTED_EDGE('',*,*,#2165,.F.);
#2165 = EDGE_CURVE('',#2142,#2158,#2166,.T.);
#2166 = LINE('',#2167,#2168);
#2167 = CARTESIAN_POINT('',(-2.8829,-2.1971,-1.299566));
#2168 = VECTOR('',#2169,1.);
#2169 = DIRECTION('',(-4.191974611136E-16,-1.,2.643709669705E-30));
#2170 = PLANE('',#2171);
#2171 = AXIS2_PLACEMENT_3D('',#2172,#2173,#2174);
#2172 = CARTESIAN_POINT('',(-2.8829,-2.1971,-3.799688));
#2173 = DIRECTION('',(-1.,4.191974611136E-16,-3.514366093748E-15));
#2174 = DIRECTION('',(4.191974611136E-16,1.,-6.042573080769E-34));
#2175 = ADVANCED_FACE('',(#2176),#2201,.T.);
#2176 = FACE_BOUND('',#2177,.T.);
#2177 = EDGE_LOOP('',(#2178,#2188,#2194,#2195));
#2178 = ORIENTED_EDGE('',*,*,#2179,.F.);
#2179 = EDGE_CURVE('',#2180,#2182,#2184,.T.);
#2180 = VERTEX_POINT('',#2181);
#2181 = CARTESIAN_POINT('',(-2.1971,-2.1971,-3.672566));
#2182 = VERTEX_POINT('',#2183);
#2183 = CARTESIAN_POINT('',(-2.1971,-2.1971,-1.299566));
#2184 = LINE('',#2185,#2186);
#2185 = CARTESIAN_POINT('',(-2.1971,-2.1971,-3.799688));
#2186 = VECTOR('',#2187,1.);
#2187 = DIRECTION('',(-3.514366093748E-15,4.116923013628E-30,1.));
#2188 = ORIENTED_EDGE('',*,*,#2189,.T.);
#2189 = EDGE_CURVE('',#2180,#2140,#2190,.T.);
#2190 = LINE('',#2191,#2192);
#2191 = CARTESIAN_POINT('',(-2.1971,-2.1971,-3.672566));
#2192 = VECTOR('',#2193,1.);
#2193 = DIRECTION('',(-1.,-9.328907692871E-17,-3.514366093748E-15));
#2194 = ORIENTED_EDGE('',*,*,#2139,.T.);
#2195 = ORIENTED_EDGE('',*,*,#2196,.F.);
#2196 = EDGE_CURVE('',#2182,#2142,#2197,.T.);
#2197 = LINE('',#2198,#2199);
#2198 = CARTESIAN_POINT('',(-2.1971,-2.1971,-1.299566));
#2199 = VECTOR('',#2200,1.);
#2200 = DIRECTION('',(-1.,-9.328907692871E-17,-3.514366093748E-15));
#2201 = PLANE('',#2202);
#2202 = AXIS2_PLACEMENT_3D('',#2203,#2204,#2205);
#2203 = CARTESIAN_POINT('',(-2.1971,-2.1971,-3.799688));
#2204 = DIRECTION('',(-9.328907692871E-17,1.,-4.444774982503E-30));
#2205 = DIRECTION('',(1.,9.328907692871E-17,3.514549762329E-15));
#2206 = ADVANCED_FACE('',(#2207),#2223,.T.);
#2207 = FACE_BOUND('',#2208,.T.);
#2208 = EDGE_LOOP('',(#2209,#2210,#2216,#2217));
#2209 = ORIENTED_EDGE('',*,*,#914,.F.);
#2210 = ORIENTED_EDGE('',*,*,#2211,.T.);
#2211 = EDGE_CURVE('',#907,#2180,#2212,.T.);
#2212 = LINE('',#2213,#2214);
#2213 = CARTESIAN_POINT('',(-2.1971,-2.8829,-3.672566));
#2214 = VECTOR('',#2215,1.);
#2215 = DIRECTION('',(5.390831438269E-16,1.,-2.222387491251E-30));
#2216 = ORIENTED_EDGE('',*,*,#2179,.T.);
#2217 = ORIENTED_EDGE('',*,*,#2218,.F.);
#2218 = EDGE_CURVE('',#915,#2182,#2219,.T.);
#2219 = LINE('',#2220,#2221);
#2220 = CARTESIAN_POINT('',(-2.1971,-2.8829,-1.299566));
#2221 = VECTOR('',#2222,1.);
#2222 = DIRECTION('',(5.390831438269E-16,1.,-2.222387491251E-30));
#2223 = PLANE('',#2224);
#2224 = AXIS2_PLACEMENT_3D('',#2225,#2226,#2227);
#2225 = CARTESIAN_POINT('',(-2.1971,-2.8829,-3.799688));
#2226 = DIRECTION('',(1.,-5.390831438269E-16,3.514366093748E-15));
#2227 = DIRECTION('',(-5.390831438269E-16,-1.,-6.263889137526E-35));
#2228 = ADVANCED_FACE('',(#2229),#2254,.T.);
#2229 = FACE_BOUND('',#2230,.T.);
#2230 = EDGE_LOOP('',(#2231,#2241,#2247,#2248));
#2231 = ORIENTED_EDGE('',*,*,#2232,.F.);
#2232 = EDGE_CURVE('',#2233,#2235,#2237,.T.);
#2233 = VERTEX_POINT('',#2234);
#2234 = CARTESIAN_POINT('',(2.1971,-2.1971,-3.672566));
#2235 = VERTEX_POINT('',#2236);
#2236 = CARTESIAN_POINT('',(2.1971,-2.1971,-1.299566));
#2237 = LINE('',#2238,#2239);
#2238 = CARTESIAN_POINT('',(2.1971,-2.1971,-3.799688));
#2239 = VECTOR('',#2240,1.);
#2240 = DIRECTION('',(-3.514366093748E-15,4.116923013628E-30,1.));
#2241 = ORIENTED_EDGE('',*,*,#2242,.T.);
#2242 = EDGE_CURVE('',#2233,#977,#2243,.T.);
#2243 = LINE('',#2244,#2245);
#2244 = CARTESIAN_POINT('',(2.1971,-2.1971,-3.672566));
#2245 = VECTOR('',#2246,1.);
#2246 = DIRECTION('',(-5.390831438269E-16,-1.,2.222387491251E-30));
#2247 = ORIENTED_EDGE('',*,*,#976,.T.);
#2248 = ORIENTED_EDGE('',*,*,#2249,.F.);
#2249 = EDGE_CURVE('',#2235,#979,#2250,.T.);
#2250 = LINE('',#2251,#2252);
#2251 = CARTESIAN_POINT('',(2.1971,-2.1971,-1.299566));
#2252 = VECTOR('',#2253,1.);
#2253 = DIRECTION('',(-5.390831438269E-16,-1.,2.222387491251E-30));
#2254 = PLANE('',#2255);
#2255 = AXIS2_PLACEMENT_3D('',#2256,#2257,#2258);
#2256 = CARTESIAN_POINT('',(2.1971,-2.1971,-3.799688));
#2257 = DIRECTION('',(-1.,5.390831438269E-16,-3.514366093748E-15));
#2258 = DIRECTION('',(5.390831438269E-16,1.,6.263889137876E-35));
#2259 = ADVANCED_FACE('',(#2260),#2276,.T.);
#2260 = FACE_BOUND('',#2261,.T.);
#2261 = EDGE_LOOP('',(#2262,#2263,#2269,#2270));
#2262 = ORIENTED_EDGE('',*,*,#954,.F.);
#2263 = ORIENTED_EDGE('',*,*,#2264,.T.);
#2264 = EDGE_CURVE('',#947,#2233,#2265,.T.);
#2265 = LINE('',#2266,#2267);
#2266 = CARTESIAN_POINT('',(2.8829,-2.1971,-3.672566));
#2267 = VECTOR('',#2268,1.);
#2268 = DIRECTION('',(-1.,-9.328907692871E-17,-3.514366093748E-15));
#2269 = ORIENTED_EDGE('',*,*,#2232,.T.);
#2270 = ORIENTED_EDGE('',*,*,#2271,.F.);
#2271 = EDGE_CURVE('',#955,#2235,#2272,.T.);
#2272 = LINE('',#2273,#2274);
#2273 = CARTESIAN_POINT('',(2.8829,-2.1971,-1.299566));
#2274 = VECTOR('',#2275,1.);
#2275 = DIRECTION('',(-1.,-9.328907692871E-17,-3.514366093748E-15));
#2276 = PLANE('',#2277);
#2277 = AXIS2_PLACEMENT_3D('',#2278,#2279,#2280);
#2278 = CARTESIAN_POINT('',(2.8829,-2.1971,-3.799688));
#2279 = DIRECTION('',(-9.328907692871E-17,1.,-4.444774982503E-30));
#2280 = DIRECTION('',(1.,9.328907692871E-17,3.514549762329E-15));
#2281 = ADVANCED_FACE('',(#2282),#2320,.T.);
#2282 = FACE_BOUND('',#2283,.T.);
#2283 = EDGE_LOOP('',(#2284,#2295,#2304,#2313));
#2284 = ORIENTED_EDGE('',*,*,#2285,.F.);
#2285 = EDGE_CURVE('',#2286,#2288,#2290,.T.);
#2286 = VERTEX_POINT('',#2287);
#2287 = CARTESIAN_POINT('',(-4.571045776074E-15,-3.000121,0.300634));
#2288 = VERTEX_POINT('',#2289);
#2289 = CARTESIAN_POINT('',(3.000121,-5.235292450192E-15,0.300634));
#2290 = CIRCLE('',#2291,3.000121);
#2291 = AXIS2_PLACEMENT_3D('',#2292,#2293,#2294);
#2292 = CARTESIAN_POINT('',(-1.056537936228E-15,1.237687033279E-30,
    0.300634));
#2293 = DIRECTION('',(-3.514366093748E-15,4.116923013628E-30,1.));
#2294 = DIRECTION('',(1.,-1.171455364583E-15,3.514366093748E-15));
#2295 = ORIENTED_EDGE('',*,*,#2296,.F.);
#2296 = EDGE_CURVE('',#2297,#2286,#2299,.T.);
#2297 = VERTEX_POINT('',#2298);
#2298 = CARTESIAN_POINT('',(2.646370011045,-3.000121,3.258325482496E-02)
  );
#2299 = B_SPLINE_CURVE_WITH_KNOTS('',3,(#2300,#2301,#2302,#2303),
  .UNSPECIFIED.,.F.,.F.,(4,4),(0.,1.),.PIECEWISE_BEZIER_KNOTS.);
#2300 = CARTESIAN_POINT('',(2.646370011045,-3.000121,3.258325482496E-02)
  );
#2301 = CARTESIAN_POINT('',(1.638192476587,-3.000121,0.211283751608));
#2302 = CARTESIAN_POINT('',(0.756069139572,-3.000121,0.300634));
#2303 = CARTESIAN_POINT('',(-5.189954672621E-15,-3.000121,0.300634));
#2304 = ORIENTED_EDGE('',*,*,#2305,.F.);
#2305 = EDGE_CURVE('',#2306,#2297,#2308,.T.);
#2306 = VERTEX_POINT('',#2307);
#2307 = CARTESIAN_POINT('',(3.000121,-2.646370011045,3.258325482496E-02)
  );
#2308 = CIRCLE('',#2309,4.0005);
#2309 = AXIS2_PLACEMENT_3D('',#2310,#2311,#2312);
#2310 = CARTESIAN_POINT('',(-1.145094859807E-16,1.341427516477E-31,
    3.258325482495E-02));
#2311 = DIRECTION('',(3.514366093748E-15,-4.116923013628E-30,-1.));
#2312 = DIRECTION('',(-1.,1.171455364583E-15,-3.514366093748E-15));
#2313 = ORIENTED_EDGE('',*,*,#2314,.F.);
#2314 = EDGE_CURVE('',#2288,#2306,#2315,.T.);
#2315 = B_SPLINE_CURVE_WITH_KNOTS('',3,(#2316,#2317,#2318,#2319),
  .UNSPECIFIED.,.F.,.F.,(4,4),(0.,1.),.PIECEWISE_BEZIER_KNOTS.);
#2316 = CARTESIAN_POINT('',(3.000121,-5.20417042793E-15,0.300634));
#2317 = CARTESIAN_POINT('',(3.000121,-0.756069139572,0.300634));
#2318 = CARTESIAN_POINT('',(3.000121,-1.638192476587,0.211283751608));
#2319 = CARTESIAN_POINT('',(3.000121,-2.646370011045,3.258325482496E-02)
  );
#2320 = CONICAL_SURFACE('',#2321,3.000121,1.308998754083);
#2321 = AXIS2_PLACEMENT_3D('',#2322,#2323,#2324);
#2322 = CARTESIAN_POINT('',(-1.056537936228E-15,1.237687033279E-30,
    0.300634));
#2323 = DIRECTION('',(3.514366093748E-15,-4.116923013628E-30,-1.));
#2324 = DIRECTION('',(-1.,1.171455364583E-15,-3.514366093748E-15));
#2325 = ADVANCED_FACE('',(#2326),#2362,.T.);
#2326 = FACE_BOUND('',#2327,.T.);
#2327 = EDGE_LOOP('',(#2328,#2339,#2346,#2355));
#2328 = ORIENTED_EDGE('',*,*,#2329,.F.);
#2329 = EDGE_CURVE('',#2330,#2332,#2334,.T.);
#2330 = VERTEX_POINT('',#2331);
#2331 = CARTESIAN_POINT('',(2.457969903619E-15,3.000121,0.300634));
#2332 = VERTEX_POINT('',#2333);
#2333 = CARTESIAN_POINT('',(2.646370011045,3.000121,3.258325482496E-02)
  );
#2334 = B_SPLINE_CURVE_WITH_KNOTS('',3,(#2335,#2336,#2337,#2338),
  .UNSPECIFIED.,.F.,.F.,(4,4),(0.,1.),.PIECEWISE_BEZIER_KNOTS.);
#2335 = CARTESIAN_POINT('',(2.616300969274E-15,3.000121,0.300634));
#2336 = CARTESIAN_POINT('',(0.756069139572,3.000121,0.300634));
#2337 = CARTESIAN_POINT('',(1.638192476587,3.000121,0.211283751608));
#2338 = CARTESIAN_POINT('',(2.646370011045,3.000121,3.258325482496E-02)
  );
#2339 = ORIENTED_EDGE('',*,*,#2340,.F.);
#2340 = EDGE_CURVE('',#2288,#2330,#2341,.T.);
#2341 = CIRCLE('',#2342,3.000121);
#2342 = AXIS2_PLACEMENT_3D('',#2343,#2344,#2345);
#2343 = CARTESIAN_POINT('',(-1.056537936228E-15,1.237687033279E-30,
    0.300634));
#2344 = DIRECTION('',(-3.514366093748E-15,4.116923013628E-30,1.));
#2345 = DIRECTION('',(1.,-1.171455364583E-15,3.514366093748E-15));
#2346 = ORIENTED_EDGE('',*,*,#2347,.F.);
#2347 = EDGE_CURVE('',#2348,#2288,#2350,.T.);
#2348 = VERTEX_POINT('',#2349);
#2349 = CARTESIAN_POINT('',(3.000121,2.646370011045,3.258325482506E-02)
  );
#2350 = B_SPLINE_CURVE_WITH_KNOTS('',3,(#2351,#2352,#2353,#2354),
  .UNSPECIFIED.,.F.,.F.,(4,4),(0.,1.),.PIECEWISE_BEZIER_KNOTS.);
#2351 = CARTESIAN_POINT('',(3.000121,2.646370011045,3.258325482495E-02)
  );
#2352 = CARTESIAN_POINT('',(3.000121,1.638192476587,0.211283751608));
#2353 = CARTESIAN_POINT('',(3.000121,0.756069139572,0.300634));
#2354 = CARTESIAN_POINT('',(3.000121,-5.20417042793E-15,0.300634));
#2355 = ORIENTED_EDGE('',*,*,#2356,.F.);
#2356 = EDGE_CURVE('',#2332,#2348,#2357,.T.);
#2357 = CIRCLE('',#2358,4.0005);
#2358 = AXIS2_PLACEMENT_3D('',#2359,#2360,#2361);
#2359 = CARTESIAN_POINT('',(-1.145094859807E-16,1.341427516477E-31,
    3.258325482495E-02));
#2360 = DIRECTION('',(3.514366093748E-15,-4.116923013628E-30,-1.));
#2361 = DIRECTION('',(-1.,1.171455364583E-15,-3.514366093748E-15));
#2362 = CONICAL_SURFACE('',#2363,3.000121,1.308998754083);
#2363 = AXIS2_PLACEMENT_3D('',#2364,#2365,#2366);
#2364 = CARTESIAN_POINT('',(-1.056537936228E-15,1.237687033279E-30,
    0.300634));
#2365 = DIRECTION('',(3.514366093748E-15,-4.116923013628E-30,-1.));
#2366 = DIRECTION('',(-1.,1.171455364583E-15,-3.514366093748E-15));
#2367 = ADVANCED_FACE('',(#2368),#2404,.T.);
#2368 = FACE_BOUND('',#2369,.T.);
#2369 = EDGE_LOOP('',(#2370,#2381,#2390,#2397));
#2370 = ORIENTED_EDGE('',*,*,#2371,.F.);
#2371 = EDGE_CURVE('',#2372,#2374,#2376,.T.);
#2372 = VERTEX_POINT('',#2373);
#2373 = CARTESIAN_POINT('',(-3.000121,2.646370011045,3.258325482503E-02)
  );
#2374 = VERTEX_POINT('',#2375);
#2375 = CARTESIAN_POINT('',(-2.646370011045,3.000121,3.258325482494E-02)
  );
#2376 = CIRCLE('',#2377,4.0005);
#2377 = AXIS2_PLACEMENT_3D('',#2378,#2379,#2380);
#2378 = CARTESIAN_POINT('',(-1.145094859807E-16,1.341427516477E-31,
    3.258325482495E-02));
#2379 = DIRECTION('',(3.514366093748E-15,-4.116923013628E-30,-1.));
#2380 = DIRECTION('',(-1.,1.171455364583E-15,-3.514366093748E-15));
#2381 = ORIENTED_EDGE('',*,*,#2382,.F.);
#2382 = EDGE_CURVE('',#2383,#2372,#2385,.T.);
#2383 = VERTEX_POINT('',#2384);
#2384 = CARTESIAN_POINT('',(-3.000121,-2.139498737004E-15,0.300634));
#2385 = B_SPLINE_CURVE_WITH_KNOTS('',3,(#2386,#2387,#2388,#2389),
  .UNSPECIFIED.,.F.,.F.,(4,4),(0.,1.),.PIECEWISE_BEZIER_KNOTS.);
#2386 = CARTESIAN_POINT('',(-3.000121,-2.168404344971E-15,0.300634));
#2387 = CARTESIAN_POINT('',(-3.000121,0.756069139572,0.300634));
#2388 = CARTESIAN_POINT('',(-3.000121,1.638192476587,0.211283751608));
#2389 = CARTESIAN_POINT('',(-3.000121,2.646370011045,3.258325482493E-02)
  );
#2390 = ORIENTED_EDGE('',*,*,#2391,.F.);
#2391 = EDGE_CURVE('',#2330,#2383,#2392,.T.);
#2392 = CIRCLE('',#2393,3.000121);
#2393 = AXIS2_PLACEMENT_3D('',#2394,#2395,#2396);
#2394 = CARTESIAN_POINT('',(-1.056537936228E-15,1.237687033279E-30,
    0.300634));
#2395 = DIRECTION('',(-3.514366093748E-15,4.116923013628E-30,1.));
#2396 = DIRECTION('',(1.,-1.171455364583E-15,3.514366093748E-15));
#2397 = ORIENTED_EDGE('',*,*,#2398,.F.);
#2398 = EDGE_CURVE('',#2374,#2330,#2399,.T.);
#2399 = B_SPLINE_CURVE_WITH_KNOTS('',3,(#2400,#2401,#2402,#2403),
  .UNSPECIFIED.,.F.,.F.,(4,4),(0.,1.),.PIECEWISE_BEZIER_KNOTS.);
#2400 = CARTESIAN_POINT('',(-2.646370011045,3.000121,3.258325482494E-02)
  );
#2401 = CARTESIAN_POINT('',(-1.638192476587,3.000121,0.211283751608));
#2402 = CARTESIAN_POINT('',(-0.756069139572,3.000121,0.300634));
#2403 = CARTESIAN_POINT('',(2.616300969274E-15,3.000121,0.300634));
#2404 = CONICAL_SURFACE('',#2405,3.000121,1.308998754083);
#2405 = AXIS2_PLACEMENT_3D('',#2406,#2407,#2408);
#2406 = CARTESIAN_POINT('',(-1.056537936228E-15,1.237687033279E-30,
    0.300634));
#2407 = DIRECTION('',(3.514366093748E-15,-4.116923013628E-30,-1.));
#2408 = DIRECTION('',(-1.,1.171455364583E-15,-3.514366093748E-15));
#2409 = ADVANCED_FACE('',(#2410),#2444,.T.);
#2410 = FACE_BOUND('',#2411,.T.);
#2411 = EDGE_LOOP('',(#2412,#2423,#2430,#2437));
#2412 = ORIENTED_EDGE('',*,*,#2413,.F.);
#2413 = EDGE_CURVE('',#2414,#2416,#2418,.T.);
#2414 = VERTEX_POINT('',#2415);
#2415 = CARTESIAN_POINT('',(-2.646370011045,-3.000121,3.258325482494E-02
    ));
#2416 = VERTEX_POINT('',#2417);
#2417 = CARTESIAN_POINT('',(-3.000121,-2.646370011045,3.258325482494E-02
    ));
#2418 = CIRCLE('',#2419,4.0005);
#2419 = AXIS2_PLACEMENT_3D('',#2420,#2421,#2422);
#2420 = CARTESIAN_POINT('',(-1.145094859807E-16,1.341427516477E-31,
    3.258325482495E-02));
#2421 = DIRECTION('',(3.514366093748E-15,-4.116923013628E-30,-1.));
#2422 = DIRECTION('',(-1.,1.171455364583E-15,-3.514366093748E-15));
#2423 = ORIENTED_EDGE('',*,*,#2424,.F.);
#2424 = EDGE_CURVE('',#2286,#2414,#2425,.T.);
#2425 = B_SPLINE_CURVE_WITH_KNOTS('',3,(#2426,#2427,#2428,#2429),
  .UNSPECIFIED.,.F.,.F.,(4,4),(0.,1.),.PIECEWISE_BEZIER_KNOTS.);
#2426 = CARTESIAN_POINT('',(-5.189954672621E-15,-3.000121,0.300634));
#2427 = CARTESIAN_POINT('',(-0.756069139572,-3.000121,0.300634));
#2428 = CARTESIAN_POINT('',(-1.638192476587,-3.000121,0.211283751608));
#2429 = CARTESIAN_POINT('',(-2.646370011045,-3.000121,3.258325482494E-02
    ));
#2430 = ORIENTED_EDGE('',*,*,#2431,.F.);
#2431 = EDGE_CURVE('',#2383,#2286,#2432,.T.);
#2432 = CIRCLE('',#2433,3.000121);
#2433 = AXIS2_PLACEMENT_3D('',#2434,#2435,#2436);
#2434 = CARTESIAN_POINT('',(-1.056537936228E-15,1.237687033279E-30,
    0.300634));
#2435 = DIRECTION('',(-3.514366093748E-15,4.116923013628E-30,1.));
#2436 = DIRECTION('',(1.,-1.171455364583E-15,3.514366093748E-15));
#2437 = ORIENTED_EDGE('',*,*,#2438,.F.);
#2438 = EDGE_CURVE('',#2416,#2383,#2439,.T.);
#2439 = B_SPLINE_CURVE_WITH_KNOTS('',3,(#2440,#2441,#2442,#2443),
  .UNSPECIFIED.,.F.,.F.,(4,4),(0.,1.),.PIECEWISE_BEZIER_KNOTS.);
#2440 = CARTESIAN_POINT('',(-3.000121,-2.646370011045,3.258325482494E-02
    ));
#2441 = CARTESIAN_POINT('',(-3.000121,-1.638192476587,0.211283751608));
#2442 = CARTESIAN_POINT('',(-3.000121,-0.756069139572,0.300634));
#2443 = CARTESIAN_POINT('',(-3.000121,-2.168404344971E-15,0.300634));
#2444 = CONICAL_SURFACE('',#2445,3.000121,1.308998754083);
#2445 = AXIS2_PLACEMENT_3D('',#2446,#2447,#2448);
#2446 = CARTESIAN_POINT('',(-1.056537936228E-15,1.237687033279E-30,
    0.300634));
#2447 = DIRECTION('',(3.514366093748E-15,-4.116923013628E-30,-1.));
#2448 = DIRECTION('',(-1.,1.171455364583E-15,-3.514366093748E-15));
#2449 = ADVANCED_FACE('',(#2450),#2485,.F.);
#2450 = FACE_BOUND('',#2451,.F.);
#2451 = EDGE_LOOP('',(#2452,#2463,#2469,#2470,#2479));
#2452 = ORIENTED_EDGE('',*,*,#2453,.T.);
#2453 = EDGE_CURVE('',#2454,#2456,#2458,.T.);
#2454 = VERTEX_POINT('',#2455);
#2455 = CARTESIAN_POINT('',(-3.000121,-1.057055499858,-1.299566));
#2456 = VERTEX_POINT('',#2457);
#2457 = CARTESIAN_POINT('',(-1.990949437044,-1.054532701974,-1.299566));
#2458 = CIRCLE('',#2459,1.170178);
#2459 = AXIS2_PLACEMENT_3D('',#2460,#2461,#2462);
#2460 = CARTESIAN_POINT('',(-2.498174566698,8.130670425752E-15,-1.299566
    ));
#2461 = DIRECTION('',(-3.514366093748E-15,4.116923013628E-30,1.));
#2462 = DIRECTION('',(1.,-1.171455364583E-15,3.514366093748E-15));
#2463 = ORIENTED_EDGE('',*,*,#2464,.F.);
#2464 = EDGE_CURVE('',#1152,#2456,#2465,.T.);
#2465 = LINE('',#2466,#2467);
#2466 = CARTESIAN_POINT('',(-1.990949437044,-1.054532701974,-0.838556));
#2467 = VECTOR('',#2468,1.);
#2468 = DIRECTION('',(3.514366093748E-15,-4.116923013628E-30,-1.));
#2469 = ORIENTED_EDGE('',*,*,#1160,.F.);
#2470 = ORIENTED_EDGE('',*,*,#2471,.T.);
#2471 = EDGE_CURVE('',#1161,#2472,#2474,.T.);
#2472 = VERTEX_POINT('',#2473);
#2473 = CARTESIAN_POINT('',(-3.000121,-1.057055499858,-0.377546));
#2474 = CIRCLE('',#2475,1.170178);
#2475 = AXIS2_PLACEMENT_3D('',#2476,#2477,#2478);
#2476 = CARTESIAN_POINT('',(-2.498174566698,8.130670425752E-15,-0.377546
    ));
#2477 = DIRECTION('',(3.514366093748E-15,-4.116923013628E-30,-1.));
#2478 = DIRECTION('',(-1.111833077517E-15,-1.,2.09534544095E-31));
#2479 = ORIENTED_EDGE('',*,*,#2480,.T.);
#2480 = EDGE_CURVE('',#2472,#2454,#2481,.T.);
#2481 = LINE('',#2482,#2483);
#2482 = CARTESIAN_POINT('',(-3.000121,-1.057055499858,-0.377546));
#2483 = VECTOR('',#2484,1.);
#2484 = DIRECTION('',(3.514366093748E-15,-4.116923013628E-30,-1.));
#2485 = CYLINDRICAL_SURFACE('',#2486,1.170178);
#2486 = AXIS2_PLACEMENT_3D('',#2487,#2488,#2489);
#2487 = CARTESIAN_POINT('',(-2.498174566698,8.130670425752E-15,-0.377546
    ));
#2488 = DIRECTION('',(3.514366093748E-15,-4.116923013628E-30,-1.));
#2489 = DIRECTION('',(-1.,1.171455364583E-15,-3.514366093748E-15));
#2490 = ADVANCED_FACE('',(#2491),#2526,.F.);
#2491 = FACE_BOUND('',#2492,.F.);
#2492 = EDGE_LOOP('',(#2493,#2501,#2510,#2518,#2525));
#2493 = ORIENTED_EDGE('',*,*,#2494,.T.);
#2494 = EDGE_CURVE('',#1119,#2495,#2497,.T.);
#2495 = VERTEX_POINT('',#2496);
#2496 = CARTESIAN_POINT('',(-1.990949437044,1.054532701974,-1.299566));
#2497 = LINE('',#2498,#2499);
#2498 = CARTESIAN_POINT('',(-1.990949437044,1.054532701974,-0.838556));
#2499 = VECTOR('',#2500,1.);
#2500 = DIRECTION('',(3.514366093748E-15,-4.116923013628E-30,-1.));
#2501 = ORIENTED_EDGE('',*,*,#2502,.T.);
#2502 = EDGE_CURVE('',#2495,#2503,#2505,.T.);
#2503 = VERTEX_POINT('',#2504);
#2504 = CARTESIAN_POINT('',(-3.000121,1.057055499857,-1.299566));
#2505 = CIRCLE('',#2506,1.170178);
#2506 = AXIS2_PLACEMENT_3D('',#2507,#2508,#2509);
#2507 = CARTESIAN_POINT('',(-2.498174566698,8.130670425752E-15,-1.299566
    ));
#2508 = DIRECTION('',(-3.514366093748E-15,4.116923013628E-30,1.));
#2509 = DIRECTION('',(1.,-1.171455364583E-15,3.514366093748E-15));
#2510 = ORIENTED_EDGE('',*,*,#2511,.F.);
#2511 = EDGE_CURVE('',#2512,#2503,#2514,.T.);
#2512 = VERTEX_POINT('',#2513);
#2513 = CARTESIAN_POINT('',(-3.000121,1.057055499857,-0.377546));
#2514 = LINE('',#2515,#2516);
#2515 = CARTESIAN_POINT('',(-3.000121,1.057055499857,-0.377546));
#2516 = VECTOR('',#2517,1.);
#2517 = DIRECTION('',(3.514366093748E-15,-4.116923013628E-30,-1.));
#2518 = ORIENTED_EDGE('',*,*,#2519,.T.);
#2519 = EDGE_CURVE('',#2512,#1110,#2520,.T.);
#2520 = CIRCLE('',#2521,1.170178);
#2521 = AXIS2_PLACEMENT_3D('',#2522,#2523,#2524);
#2522 = CARTESIAN_POINT('',(-2.498174566698,8.130670425752E-15,-0.377546
    ));
#2523 = DIRECTION('',(3.514366093748E-15,-4.116923013628E-30,-1.));
#2524 = DIRECTION('',(-1.111833077517E-15,-1.,2.09534544095E-31));
#2525 = ORIENTED_EDGE('',*,*,#1118,.T.);
#2526 = CYLINDRICAL_SURFACE('',#2527,1.170178);
#2527 = AXIS2_PLACEMENT_3D('',#2528,#2529,#2530);
#2528 = CARTESIAN_POINT('',(-2.498174566698,8.130670425752E-15,-0.377546
    ));
#2529 = DIRECTION('',(3.514366093748E-15,-4.116923013628E-30,-1.));
#2530 = DIRECTION('',(-1.,1.171455364583E-15,-3.514366093748E-15));
#2531 = ADVANCED_FACE('',(#2532),#2558,.F.);
#2532 = FACE_BOUND('',#2533,.F.);
#2533 = EDGE_LOOP('',(#2534,#2543,#2550,#2557));
#2534 = ORIENTED_EDGE('',*,*,#2535,.F.);
#2535 = EDGE_CURVE('',#2536,#2536,#2538,.T.);
#2536 = VERTEX_POINT('',#2537);
#2537 = CARTESIAN_POINT('',(-1.59004,1.862660887901E-15,0.5699756));
#2538 = CIRCLE('',#2539,1.59004);
#2539 = AXIS2_PLACEMENT_3D('',#2540,#2541,#2542);
#2540 = CARTESIAN_POINT('',(-2.003102922903E-15,2.346545664846E-30,
    0.5699756));
#2541 = DIRECTION('',(3.514366093748E-15,-4.116923013628E-30,-1.));
#2542 = DIRECTION('',(-1.,1.171455364583E-15,-3.514366093748E-15));
#2543 = ORIENTED_EDGE('',*,*,#2544,.F.);
#2544 = EDGE_CURVE('',#2545,#2536,#2547,.T.);
#2545 = VERTEX_POINT('',#2546);
#2546 = CARTESIAN_POINT('',(-1.52499949,1.786468833546E-15,0.68262906787
    ));
#2547 = B_SPLINE_CURVE_WITH_KNOTS('',1,(#2548,#2549),.UNSPECIFIED.,.F.,
  .F.,(2,2),(-0.13008102,0.),.PIECEWISE_BEZIER_KNOTS.);
#2548 = CARTESIAN_POINT('',(-1.52499940821,1.412951608939E-15,
    0.682629020648));
#2549 = CARTESIAN_POINT('',(-1.59004,1.473213408598E-15,0.5699756));
#2550 = ORIENTED_EDGE('',*,*,#2551,.T.);
#2551 = EDGE_CURVE('',#2545,#2545,#2552,.T.);
#2552 = CIRCLE('',#2553,1.52499949);
#2553 = AXIS2_PLACEMENT_3D('',#2554,#2555,#2556);
#2554 = CARTESIAN_POINT('',(-2.39900845073E-15,2.810331319286E-30,
    0.68262906787));
#2555 = DIRECTION('',(3.514366093748E-15,-4.116923013628E-30,-1.));
#2556 = DIRECTION('',(-1.,1.171455364583E-15,-3.514366093748E-15));
#2557 = ORIENTED_EDGE('',*,*,#2544,.T.);
#2558 = CONICAL_SURFACE('',#2559,1.59004,0.523599501633);
#2559 = AXIS2_PLACEMENT_3D('',#2560,#2561,#2562);
#2560 = CARTESIAN_POINT('',(-2.003102922903E-15,2.346545664846E-30,
    0.5699756));
#2561 = DIRECTION('',(3.514366093748E-15,-4.116923013628E-30,-1.));
#2562 = DIRECTION('',(-1.,1.171455364583E-15,-3.514366093748E-15));
#2563 = ADVANCED_FACE('',(#2564),#2582,.F.);
#2564 = FACE_BOUND('',#2565,.F.);
#2565 = EDGE_LOOP('',(#2566,#2575,#2580,#2581));
#2566 = ORIENTED_EDGE('',*,*,#2567,.F.);
#2567 = EDGE_CURVE('',#2568,#2568,#2570,.T.);
#2568 = VERTEX_POINT('',#2569);
#2569 = CARTESIAN_POINT('',(-1.59004,1.862660887901E-15,
    -4.000000052907E-07));
#2570 = CIRCLE('',#2571,1.59004);
#2571 = AXIS2_PLACEMENT_3D('',#2572,#2573,#2574);
#2572 = CARTESIAN_POINT('',(1.405746435318E-21,-1.64676920677E-36,
    -3.999999997027E-07));
#2573 = DIRECTION('',(3.514366093748E-15,-4.116923013628E-30,-1.));
#2574 = DIRECTION('',(-1.,1.171455364583E-15,-3.514366093748E-15));
#2575 = ORIENTED_EDGE('',*,*,#2576,.F.);
#2576 = EDGE_CURVE('',#2536,#2568,#2577,.T.);
#2577 = B_SPLINE_CURVE_WITH_KNOTS('',1,(#2578,#2579),.UNSPECIFIED.,.F.,
  .F.,(2,2),(2.2300184,2.7999944),.PIECEWISE_BEZIER_KNOTS.);
#2578 = CARTESIAN_POINT('',(-1.59004,1.473213408598E-15,0.5699756));
#2579 = CARTESIAN_POINT('',(-1.59004,1.473213408598E-15,
    -4.000000055626E-07));
#2580 = ORIENTED_EDGE('',*,*,#2535,.T.);
#2581 = ORIENTED_EDGE('',*,*,#2576,.T.);
#2582 = CYLINDRICAL_SURFACE('',#2583,1.59004);
#2583 = AXIS2_PLACEMENT_3D('',#2584,#2585,#2586);
#2584 = CARTESIAN_POINT('',(-9.840203976297E-15,1.152735973662E-29,
    2.799994));
#2585 = DIRECTION('',(3.514366093748E-15,-4.116923013628E-30,-1.));
#2586 = DIRECTION('',(-1.,1.171455364583E-15,-3.514366093748E-15));
#2587 = ADVANCED_FACE('',(#2588,#2591),#2594,.F.);
#2588 = FACE_BOUND('',#2589,.T.);
#2589 = EDGE_LOOP('',(#2590));
#2590 = ORIENTED_EDGE('',*,*,#1083,.F.);
#2591 = FACE_BOUND('',#2592,.T.);
#2592 = EDGE_LOOP('',(#2593));
#2593 = ORIENTED_EDGE('',*,*,#2567,.F.);
#2594 = PLANE('',#2595);
#2595 = AXIS2_PLACEMENT_3D('',#2596,#2597,#2598);
#2596 = CARTESIAN_POINT('',(-1.09982,1.288390039075E-15,
    -4.000000040395E-07));
#2597 = DIRECTION('',(3.514366093748E-15,-4.116923013628E-30,-1.));
#2598 = DIRECTION('',(-1.,1.171455364583E-15,-3.514366093748E-15));
#2599 = ADVANCED_FACE('',(#2600),#2613,.T.);
#2600 = FACE_BOUND('',#2601,.T.);
#2601 = EDGE_LOOP('',(#2602,#2603,#2604,#2605,#2610,#2611,#2612));
#2602 = ORIENTED_EDGE('',*,*,#2285,.T.);
#2603 = ORIENTED_EDGE('',*,*,#2340,.T.);
#2604 = ORIENTED_EDGE('',*,*,#2391,.T.);
#2605 = ORIENTED_EDGE('',*,*,#2606,.F.);
#2606 = EDGE_CURVE('',#1839,#2383,#2607,.T.);
#2607 = B_SPLINE_CURVE_WITH_KNOTS('',1,(#2608,#2609),.UNSPECIFIED.,.F.,
  .F.,(2,2),(1.715008,2.49936),.PIECEWISE_BEZIER_KNOTS.);
#2608 = CARTESIAN_POINT('',(-3.000121,2.779690123906E-15,1.084986));
#2609 = CARTESIAN_POINT('',(-3.000121,2.779690123906E-15,0.300634));
#2610 = ORIENTED_EDGE('',*,*,#1838,.T.);
#2611 = ORIENTED_EDGE('',*,*,#2606,.T.);
#2612 = ORIENTED_EDGE('',*,*,#2431,.T.);
#2613 = CYLINDRICAL_SURFACE('',#2614,3.000121);
#2614 = AXIS2_PLACEMENT_3D('',#2615,#2616,#2617);
#2615 = CARTESIAN_POINT('',(-9.840203976297E-15,1.152735973662E-29,
    2.799994));
#2616 = DIRECTION('',(3.514366093748E-15,-4.116923013628E-30,-1.));
#2617 = DIRECTION('',(-1.,1.171455364583E-15,-3.514366093748E-15));
#2618 = ADVANCED_FACE('',(#2619,#2630),#2641,.F.);
#2619 = FACE_BOUND('',#2620,.T.);
#2620 = EDGE_LOOP('',(#2621));
#2621 = ORIENTED_EDGE('',*,*,#2622,.T.);
#2622 = EDGE_CURVE('',#2623,#2623,#2625,.T.);
#2623 = VERTEX_POINT('',#2624);
#2624 = CARTESIAN_POINT('',(-2.7499945,3.221495809597E-15,2.799994));
#2625 = CIRCLE('',#2626,2.7499945);
#2626 = AXIS2_PLACEMENT_3D('',#2627,#2628,#2629);
#2627 = CARTESIAN_POINT('',(-9.840203976297E-15,1.152735973662E-29,
    2.799994));
#2628 = DIRECTION('',(3.514366093748E-15,-4.116923013628E-30,-1.));
#2629 = DIRECTION('',(-1.,1.171455364583E-15,-3.514366093748E-15));
#2630 = FACE_BOUND('',#2631,.T.);
#2631 = EDGE_LOOP('',(#2632));
#2632 = ORIENTED_EDGE('',*,*,#2633,.F.);
#2633 = EDGE_CURVE('',#2634,#2634,#2636,.T.);
#2634 = VERTEX_POINT('',#2635);
#2635 = CARTESIAN_POINT('',(-3.000121,3.514507839847E-15,2.799994));
#2636 = CIRCLE('',#2637,3.000121);
#2637 = AXIS2_PLACEMENT_3D('',#2638,#2639,#2640);
#2638 = CARTESIAN_POINT('',(-9.840203976297E-15,1.152735973662E-29,
    2.799994));
#2639 = DIRECTION('',(3.514366093748E-15,-4.116923013628E-30,-1.));
#2640 = DIRECTION('',(-1.,1.171455364583E-15,-3.514366093748E-15));
#2641 = PLANE('',#2642);
#2642 = AXIS2_PLACEMENT_3D('',#2643,#2644,#2645);
#2643 = CARTESIAN_POINT('',(-2.7499945,3.221495809597E-15,2.799994));
#2644 = DIRECTION('',(3.514366093748E-15,-4.116923013628E-30,-1.));
#2645 = DIRECTION('',(-1.,1.171455364583E-15,-3.514366093748E-15));
#2646 = ADVANCED_FACE('',(#2647),#2665,.F.);
#2647 = FACE_BOUND('',#2648,.F.);
#2648 = EDGE_LOOP('',(#2649,#2658,#2663,#2664));
#2649 = ORIENTED_EDGE('',*,*,#2650,.F.);
#2650 = EDGE_CURVE('',#2651,#2651,#2653,.T.);
#2651 = VERTEX_POINT('',#2652);
#2652 = CARTESIAN_POINT('',(-1.623080509698,1.901366370234E-15,
    1.759959461906));
#2653 = CIRCLE('',#2654,1.623080509698);
#2654 = AXIS2_PLACEMENT_3D('',#2655,#2656,#2657);
#2655 = CARTESIAN_POINT('',(-6.185141859294E-15,7.245617611774E-30,
    1.759959461906));
#2656 = DIRECTION('',(3.514366093748E-15,-4.116923013628E-30,-1.));
#2657 = DIRECTION('',(-1.,1.171455364583E-15,-3.514366093748E-15));
#2658 = ORIENTED_EDGE('',*,*,#2659,.T.);
#2659 = EDGE_CURVE('',#2651,#2623,#2660,.T.);
#2660 = B_SPLINE_CURVE_WITH_KNOTS('',1,(#2661,#2662),.UNSPECIFIED.,.F.,
  .F.,(2,2),(0.,1.533495021826),.PIECEWISE_BEZIER_KNOTS.);
#2661 = CARTESIAN_POINT('',(-1.623080509698,2.10013640533E-15,
    1.759959461906));
#2662 = CARTESIAN_POINT('',(-2.749995690439,3.55827454614E-15,
    2.799992710114));
#2663 = ORIENTED_EDGE('',*,*,#2622,.T.);
#2664 = ORIENTED_EDGE('',*,*,#2659,.F.);
#2665 = CONICAL_SURFACE('',#2666,1.623080509698,0.825470839254);
#2666 = AXIS2_PLACEMENT_3D('',#2667,#2668,#2669);
#2667 = CARTESIAN_POINT('',(-6.185141859294E-15,7.245617611774E-30,
    1.759959461906));
#2668 = DIRECTION('',(-3.514366093748E-15,4.116923013628E-30,1.));
#2669 = DIRECTION('',(1.,-1.171455364583E-15,3.514366093748E-15));
#2670 = ADVANCED_FACE('',(#2671),#2694,.T.);
#2671 = FACE_BOUND('',#2672,.T.);
#2672 = EDGE_LOOP('',(#2673,#2682,#2692,#2693));
#2673 = ORIENTED_EDGE('',*,*,#2674,.T.);
#2674 = EDGE_CURVE('',#2675,#2675,#2677,.T.);
#2675 = VERTEX_POINT('',#2676);
#2676 = CARTESIAN_POINT('',(-1.52499949,1.786468833546E-15,
    1.535972178377));
#2677 = CIRCLE('',#2678,1.52499949);
#2678 = AXIS2_PLACEMENT_3D('',#2679,#2680,#2681);
#2679 = CARTESIAN_POINT('',(-5.397968544629E-15,6.323479209453E-30,
    1.535972178377));
#2680 = DIRECTION('',(3.514366093748E-15,-4.116923013628E-30,-1.));
#2681 = DIRECTION('',(-1.,1.171455364583E-15,-3.514366093748E-15));
#2682 = ORIENTED_EDGE('',*,*,#2683,.T.);
#2683 = EDGE_CURVE('',#2675,#2651,#2684,.T.);
#2684 = ( BOUNDED_CURVE() B_SPLINE_CURVE(6,(#2685,#2686,#2687,#2688,
#2689,#2690,#2691),.UNSPECIFIED.,.F.,.F.) B_SPLINE_CURVE_WITH_KNOTS((7,7
),(3.14159265359,3.967062348227),.PIECEWISE_BEZIER_KNOTS.) CURVE() 
GEOMETRIC_REPRESENTATION_ITEM() RATIONAL_B_SPLINE_CURVE((1.008559112777,
    1.002820453178,0.999429759554,0.998307177485,0.999429759554,
1.002820453178,1.008559112777)) REPRESENTATION_ITEM('') );
#2685 = CARTESIAN_POINT('',(-1.52499949,1.786468833546E-15,
    1.535972178377));
#2686 = CARTESIAN_POINT('',(-1.52499949,1.786468833546E-15,
    1.578146002082));
#2687 = CARTESIAN_POINT('',(-1.531985753651,1.794652929579E-15,
    1.620028128696));
#2688 = CARTESIAN_POINT('',(-1.545802776922,1.810838955612E-15,
    1.66033052038));
#2689 = CARTESIAN_POINT('',(-1.56604878175,1.834556246579E-15,
    1.697817747485));
#2690 = CARTESIAN_POINT('',(-1.592088383032,1.865060477192E-15,
    1.731356673744));
#2691 = CARTESIAN_POINT('',(-1.623080509698,1.901366370234E-15,
    1.759959461906));
#2692 = ORIENTED_EDGE('',*,*,#2650,.F.);
#2693 = ORIENTED_EDGE('',*,*,#2683,.F.);
#2694 = TOROIDAL_SURFACE('',#2695,1.82979949,0.3048);
#2695 = AXIS2_PLACEMENT_3D('',#2696,#2697,#2698);
#2696 = CARTESIAN_POINT('',(-5.397968544629E-15,6.323479209453E-30,
    1.535972178377));
#2697 = DIRECTION('',(3.514366093748E-15,-4.116923013628E-30,-1.));
#2698 = DIRECTION('',(-1.,1.171455364583E-15,-3.514366093748E-15));
#2699 = ADVANCED_FACE('',(#2700),#2710,.F.);
#2700 = FACE_BOUND('',#2701,.F.);
#2701 = EDGE_LOOP('',(#2702,#2703,#2708,#2709));
#2702 = ORIENTED_EDGE('',*,*,#2551,.F.);
#2703 = ORIENTED_EDGE('',*,*,#2704,.F.);
#2704 = EDGE_CURVE('',#2675,#2545,#2705,.T.);
#2705 = B_SPLINE_CURVE_WITH_KNOTS('',1,(#2706,#2707),.UNSPECIFIED.,.F.,
  .F.,(2,2),(1.264021821623,2.11736493213),.PIECEWISE_BEZIER_KNOTS.);
#2706 = CARTESIAN_POINT('',(-1.52499949,1.41295168472E-15,1.535972178377
    ));
#2707 = CARTESIAN_POINT('',(-1.52499949,1.41295168472E-15,0.68262906787)
  );
#2708 = ORIENTED_EDGE('',*,*,#2674,.T.);
#2709 = ORIENTED_EDGE('',*,*,#2704,.T.);
#2710 = CYLINDRICAL_SURFACE('',#2711,1.52499949);
#2711 = AXIS2_PLACEMENT_3D('',#2712,#2713,#2714);
#2712 = CARTESIAN_POINT('',(-9.840203976297E-15,1.152735973662E-29,
    2.799994));
#2713 = DIRECTION('',(3.514366093748E-15,-4.116923013628E-30,-1.));
#2714 = DIRECTION('',(-1.,1.171455364583E-15,-3.514366093748E-15));
#2715 = ADVANCED_FACE('',(#2716),#2767,.T.);
#2716 = FACE_BOUND('',#2717,.T.);
#2717 = EDGE_LOOP('',(#2718,#2727,#2734,#2735,#2744,#2750,#2751,#2759,
    #2766));
#2718 = ORIENTED_EDGE('',*,*,#2719,.T.);
#2719 = EDGE_CURVE('',#2150,#2720,#2722,.T.);
#2720 = VERTEX_POINT('',#2721);
#2721 = CARTESIAN_POINT('',(-2.828780678137,-2.828780678137,
    -3.726685321863));
#2722 = ELLIPSE('',#2723,5.657561356274,4.0005);
#2723 = AXIS2_PLACEMENT_3D('',#2724,#2725,#2726);
#2724 = CARTESIAN_POINT('',(2.303830743911E-14,-2.698834884045E-29,
    -6.555466));
#2725 = DIRECTION('',(0.707106781187,-2.964173674096E-16,0.707106781187)
  );
#2726 = DIRECTION('',(-0.707106781187,2.964173674096E-16,0.707106781187)
  );
#2727 = ORIENTED_EDGE('',*,*,#2728,.T.);
#2728 = EDGE_CURVE('',#2720,#899,#2729,.T.);
#2729 = ELLIPSE('',#2730,5.657561356274,4.0005);
#2730 = AXIS2_PLACEMENT_3D('',#2731,#2732,#2733);
#2731 = CARTESIAN_POINT('',(2.303830743911E-14,-2.698834884045E-29,
    -6.555466));
#2732 = DIRECTION('',(-5.91210138226E-15,0.707106781187,0.707106781187)
  );
#2733 = DIRECTION('',(9.420371893379E-16,-0.707106781187,0.707106781187)
  );
#2734 = ORIENTED_EDGE('',*,*,#896,.F.);
#2735 = ORIENTED_EDGE('',*,*,#2736,.T.);
#2736 = EDGE_CURVE('',#897,#2737,#2739,.T.);
#2737 = VERTEX_POINT('',#2738);
#2738 = CARTESIAN_POINT('',(-2.646370011045,-3.000121,-1.299566));
#2739 = CIRCLE('',#2740,4.0005);
#2740 = AXIS2_PLACEMENT_3D('',#2741,#2742,#2743);
#2741 = CARTESIAN_POINT('',(4.567150686987E-15,-5.350213173128E-30,
    -1.299566));
#2742 = DIRECTION('',(-3.514366093748E-15,4.116923013628E-30,1.));
#2743 = DIRECTION('',(1.23268770454E-15,1.,2.15192859387E-31));
#2744 = ORIENTED_EDGE('',*,*,#2745,.T.);
#2745 = EDGE_CURVE('',#2737,#2414,#2746,.T.);
#2746 = LINE('',#2747,#2748);
#2747 = CARTESIAN_POINT('',(-2.646370011045,-3.000121,-1.299566));
#2748 = VECTOR('',#2749,1.);
#2749 = DIRECTION('',(-3.514366093748E-15,4.116923013628E-30,1.));
#2750 = ORIENTED_EDGE('',*,*,#2413,.T.);
#2751 = ORIENTED_EDGE('',*,*,#2752,.F.);
#2752 = EDGE_CURVE('',#2753,#2416,#2755,.T.);
#2753 = VERTEX_POINT('',#2754);
#2754 = CARTESIAN_POINT('',(-3.000121,-2.646370011045,-1.299566));
#2755 = LINE('',#2756,#2757);
#2756 = CARTESIAN_POINT('',(-3.000121,-2.646370011045,-1.299566));
#2757 = VECTOR('',#2758,1.);
#2758 = DIRECTION('',(-3.514366093748E-15,4.116923013628E-30,1.));
#2759 = ORIENTED_EDGE('',*,*,#2760,.T.);
#2760 = EDGE_CURVE('',#2753,#2158,#2761,.T.);
#2761 = CIRCLE('',#2762,4.0005);
#2762 = AXIS2_PLACEMENT_3D('',#2763,#2764,#2765);
#2763 = CARTESIAN_POINT('',(4.567150686987E-15,-5.350213173128E-30,
    -1.299566));
#2764 = DIRECTION('',(-3.514366093748E-15,4.116923013628E-30,1.));
#2765 = DIRECTION('',(1.23268770454E-15,1.,2.15192859387E-31));
#2766 = ORIENTED_EDGE('',*,*,#2157,.T.);
#2767 = CYLINDRICAL_SURFACE('',#2768,4.0005);
#2768 = AXIS2_PLACEMENT_3D('',#2769,#2770,#2771);
#2769 = CARTESIAN_POINT('',(4.567150686987E-15,-5.350213173128E-30,
    -1.299566));
#2770 = DIRECTION('',(-3.514366093748E-15,4.116923013628E-30,1.));
#2771 = DIRECTION('',(1.,-1.171455364583E-15,3.514366093748E-15));
#2772 = ADVANCED_FACE('',(#2773),#2824,.T.);
#2773 = FACE_BOUND('',#2774,.T.);
#2774 = EDGE_LOOP('',(#2775,#2784,#2791,#2792,#2801,#2807,#2808,#2816,
    #2823));
#2775 = ORIENTED_EDGE('',*,*,#2776,.T.);
#2776 = EDGE_CURVE('',#1964,#2777,#2779,.T.);
#2777 = VERTEX_POINT('',#2778);
#2778 = CARTESIAN_POINT('',(-2.828780678137,2.828780678137,
    -3.726685321863));
#2779 = ELLIPSE('',#2780,5.657561356274,4.0005);
#2780 = AXIS2_PLACEMENT_3D('',#2781,#2782,#2783);
#2781 = CARTESIAN_POINT('',(2.303830743911E-14,-2.698834884045E-29,
    -6.555466));
#2782 = DIRECTION('',(-2.249522799127E-15,-0.707106781187,0.707106781187
    ));
#2783 = DIRECTION('',(-2.720541393795E-15,0.707106781187,0.707106781187)
  );
#2784 = ORIENTED_EDGE('',*,*,#2785,.T.);
#2785 = EDGE_CURVE('',#2777,#1916,#2786,.T.);
#2786 = ELLIPSE('',#2787,5.657561356274,4.0005);
#2787 = AXIS2_PLACEMENT_3D('',#2788,#2789,#2790);
#2788 = CARTESIAN_POINT('',(2.303830743911E-14,-2.698834884045E-29,
    -6.555466));
#2789 = DIRECTION('',(0.707106781187,2.355092973345E-16,0.707106781187)
  );
#2790 = DIRECTION('',(-0.707106781187,-2.355092973345E-16,0.707106781187
    ));
#2791 = ORIENTED_EDGE('',*,*,#1913,.F.);
#2792 = ORIENTED_EDGE('',*,*,#2793,.T.);
#2793 = EDGE_CURVE('',#1914,#2794,#2796,.T.);
#2794 = VERTEX_POINT('',#2795);
#2795 = CARTESIAN_POINT('',(-3.000121,2.646370011045,-1.299566));
#2796 = CIRCLE('',#2797,4.0005);
#2797 = AXIS2_PLACEMENT_3D('',#2798,#2799,#2800);
#2798 = CARTESIAN_POINT('',(4.567150686987E-15,-5.350213173128E-30,
    -1.299566));
#2799 = DIRECTION('',(-3.514366093748E-15,4.116923013628E-30,1.));
#2800 = DIRECTION('',(1.23268770454E-15,1.,2.15192859387E-31));
#2801 = ORIENTED_EDGE('',*,*,#2802,.T.);
#2802 = EDGE_CURVE('',#2794,#2372,#2803,.T.);
#2803 = LINE('',#2804,#2805);
#2804 = CARTESIAN_POINT('',(-3.000121,2.646370011045,-1.299566));
#2805 = VECTOR('',#2806,1.);
#2806 = DIRECTION('',(-3.514366093748E-15,4.116923013628E-30,1.));
#2807 = ORIENTED_EDGE('',*,*,#2371,.T.);
#2808 = ORIENTED_EDGE('',*,*,#2809,.F.);
#2809 = EDGE_CURVE('',#2810,#2374,#2812,.T.);
#2810 = VERTEX_POINT('',#2811);
#2811 = CARTESIAN_POINT('',(-2.646370011045,3.000121,-1.299566));
#2812 = LINE('',#2813,#2814);
#2813 = CARTESIAN_POINT('',(-2.646370011045,3.000121,-1.299566));
#2814 = VECTOR('',#2815,1.);
#2815 = DIRECTION('',(-3.514366093748E-15,4.116923013628E-30,1.));
#2816 = ORIENTED_EDGE('',*,*,#2817,.T.);
#2817 = EDGE_CURVE('',#2810,#1972,#2818,.T.);
#2818 = CIRCLE('',#2819,4.0005);
#2819 = AXIS2_PLACEMENT_3D('',#2820,#2821,#2822);
#2820 = CARTESIAN_POINT('',(4.567150686987E-15,-5.350213173128E-30,
    -1.299566));
#2821 = DIRECTION('',(-3.514366093748E-15,4.116923013628E-30,1.));
#2822 = DIRECTION('',(1.23268770454E-15,1.,2.15192859387E-31));
#2823 = ORIENTED_EDGE('',*,*,#1971,.T.);
#2824 = CYLINDRICAL_SURFACE('',#2825,4.0005);
#2825 = AXIS2_PLACEMENT_3D('',#2826,#2827,#2828);
#2826 = CARTESIAN_POINT('',(4.567150686987E-15,-5.350213173128E-30,
    -1.299566));
#2827 = DIRECTION('',(-3.514366093748E-15,4.116923013628E-30,1.));
#2828 = DIRECTION('',(1.,-1.171455364583E-15,3.514366093748E-15));
#2829 = ADVANCED_FACE('',(#2830),#2849,.T.);
#2830 = FACE_BOUND('',#2831,.T.);
#2831 = EDGE_LOOP('',(#2832,#2833,#2834,#2835,#2843));
#2832 = ORIENTED_EDGE('',*,*,#2809,.T.);
#2833 = ORIENTED_EDGE('',*,*,#2398,.T.);
#2834 = ORIENTED_EDGE('',*,*,#2329,.T.);
#2835 = ORIENTED_EDGE('',*,*,#2836,.F.);
#2836 = EDGE_CURVE('',#2837,#2332,#2839,.T.);
#2837 = VERTEX_POINT('',#2838);
#2838 = CARTESIAN_POINT('',(2.646370011045,3.000121,-1.299566));
#2839 = LINE('',#2840,#2841);
#2840 = CARTESIAN_POINT('',(2.646370011045,3.000121,-1.299566));
#2841 = VECTOR('',#2842,1.);
#2842 = DIRECTION('',(-3.514366093748E-15,4.116923013628E-30,1.));
#2843 = ORIENTED_EDGE('',*,*,#2844,.T.);
#2844 = EDGE_CURVE('',#2837,#2810,#2845,.T.);
#2845 = LINE('',#2846,#2847);
#2846 = CARTESIAN_POINT('',(2.646370011045,3.000121,-1.299566));
#2847 = VECTOR('',#2848,1.);
#2848 = DIRECTION('',(-1.,1.171455364583E-15,-3.514366093748E-15));
#2849 = PLANE('',#2850);
#2850 = AXIS2_PLACEMENT_3D('',#2851,#2852,#2853);
#2851 = CARTESIAN_POINT('',(2.646370011045,3.000121,-1.299566));
#2852 = DIRECTION('',(1.171455364583E-15,1.,0.));
#2853 = DIRECTION('',(1.,-1.171455364583E-15,3.514332921895E-15));
#2854 = ADVANCED_FACE('',(#2855),#2899,.T.);
#2855 = FACE_BOUND('',#2856,.T.);
#2856 = EDGE_LOOP('',(#2857,#2866,#2873,#2874,#2881,#2882,#2883,#2891,
    #2898));
#2857 = ORIENTED_EDGE('',*,*,#2858,.T.);
#2858 = EDGE_CURVE('',#867,#2859,#2861,.T.);
#2859 = VERTEX_POINT('',#2860);
#2860 = CARTESIAN_POINT('',(2.828780678137,2.828780678137,
    -3.726685321863));
#2861 = ELLIPSE('',#2862,5.657561356274,4.0005);
#2862 = AXIS2_PLACEMENT_3D('',#2863,#2864,#2865);
#2863 = CARTESIAN_POINT('',(2.303830743911E-14,-2.698834884045E-29,
    -6.555466));
#2864 = DIRECTION('',(-0.707106781187,-7.674359620785E-16,0.707106781187
    ));
#2865 = DIRECTION('',(0.707106781187,7.674359620786E-16,0.707106781187)
  );
#2866 = ORIENTED_EDGE('',*,*,#2867,.T.);
#2867 = EDGE_CURVE('',#2859,#2089,#2868,.T.);
#2868 = ELLIPSE('',#2869,5.657561356274,4.0005);
#2869 = AXIS2_PLACEMENT_3D('',#2870,#2871,#2872);
#2870 = CARTESIAN_POINT('',(2.303830743911E-14,-2.698834884045E-29,
    -6.555466));
#2871 = DIRECTION('',(-6.537428048943E-16,-0.707106781187,0.707106781187
    ));
#2872 = DIRECTION('',(-4.316321388028E-15,0.707106781187,0.707106781187)
  );
#2873 = ORIENTED_EDGE('',*,*,#2086,.F.);
#2874 = ORIENTED_EDGE('',*,*,#2875,.T.);
#2875 = EDGE_CURVE('',#2087,#2837,#2876,.T.);
#2876 = CIRCLE('',#2877,4.0005);
#2877 = AXIS2_PLACEMENT_3D('',#2878,#2879,#2880);
#2878 = CARTESIAN_POINT('',(4.567150686987E-15,-5.350213173128E-30,
    -1.299566));
#2879 = DIRECTION('',(-3.514366093748E-15,4.116923013628E-30,1.));
#2880 = DIRECTION('',(1.23268770454E-15,1.,2.15192859387E-31));
#2881 = ORIENTED_EDGE('',*,*,#2836,.T.);
#2882 = ORIENTED_EDGE('',*,*,#2356,.T.);
#2883 = ORIENTED_EDGE('',*,*,#2884,.F.);
#2884 = EDGE_CURVE('',#2885,#2348,#2887,.T.);
#2885 = VERTEX_POINT('',#2886);
#2886 = CARTESIAN_POINT('',(3.000121,2.646370011045,-1.299566));
#2887 = LINE('',#2888,#2889);
#2888 = CARTESIAN_POINT('',(3.000121,2.646370011045,-1.299566));
#2889 = VECTOR('',#2890,1.);
#2890 = DIRECTION('',(-3.514366093748E-15,4.116923013628E-30,1.));
#2891 = ORIENTED_EDGE('',*,*,#2892,.T.);
#2892 = EDGE_CURVE('',#2885,#875,#2893,.T.);
#2893 = CIRCLE('',#2894,4.0005);
#2894 = AXIS2_PLACEMENT_3D('',#2895,#2896,#2897);
#2895 = CARTESIAN_POINT('',(4.567150686987E-15,-5.350213173128E-30,
    -1.299566));
#2896 = DIRECTION('',(-3.514366093748E-15,4.116923013628E-30,1.));
#2897 = DIRECTION('',(1.23268770454E-15,1.,2.15192859387E-31));
#2898 = ORIENTED_EDGE('',*,*,#874,.T.);
#2899 = CYLINDRICAL_SURFACE('',#2900,4.0005);
#2900 = AXIS2_PLACEMENT_3D('',#2901,#2902,#2903);
#2901 = CARTESIAN_POINT('',(4.567150686987E-15,-5.350213173128E-30,
    -1.299566));
#2902 = DIRECTION('',(-3.514366093748E-15,4.116923013628E-30,1.));
#2903 = DIRECTION('',(1.,-1.171455364583E-15,3.514366093748E-15));
#2904 = ADVANCED_FACE('',(#2905),#2924,.T.);
#2905 = FACE_BOUND('',#2906,.T.);
#2906 = EDGE_LOOP('',(#2907,#2908,#2909,#2910,#2918));
#2907 = ORIENTED_EDGE('',*,*,#2884,.T.);
#2908 = ORIENTED_EDGE('',*,*,#2347,.T.);
#2909 = ORIENTED_EDGE('',*,*,#2314,.T.);
#2910 = ORIENTED_EDGE('',*,*,#2911,.F.);
#2911 = EDGE_CURVE('',#2912,#2306,#2914,.T.);
#2912 = VERTEX_POINT('',#2913);
#2913 = CARTESIAN_POINT('',(3.000121,-2.646370011045,-1.299566));
#2914 = LINE('',#2915,#2916);
#2915 = CARTESIAN_POINT('',(3.000121,-2.646370011045,-1.299566));
#2916 = VECTOR('',#2917,1.);
#2917 = DIRECTION('',(-3.514366093748E-15,4.116923013628E-30,1.));
#2918 = ORIENTED_EDGE('',*,*,#2919,.T.);
#2919 = EDGE_CURVE('',#2912,#2885,#2920,.T.);
#2920 = LINE('',#2921,#2922);
#2921 = CARTESIAN_POINT('',(3.000121,-2.646370011045,-1.299566));
#2922 = VECTOR('',#2923,1.);
#2923 = DIRECTION('',(1.745027100638E-15,1.,2.015741061525E-30));
#2924 = PLANE('',#2925);
#2925 = AXIS2_PLACEMENT_3D('',#2926,#2927,#2928);
#2926 = CARTESIAN_POINT('',(3.000121,-2.646370011045,-1.299566));
#2927 = DIRECTION('',(1.,-1.745027100638E-15,3.514366093748E-15));
#2928 = DIRECTION('',(-1.745027100638E-15,-1.,3.680110448223E-34));
#2929 = ADVANCED_FACE('',(#2930),#2974,.T.);
#2930 = FACE_BOUND('',#2931,.T.);
#2931 = EDGE_LOOP('',(#2932,#2941,#2948,#2949,#2956,#2957,#2958,#2966,
    #2973));
#2932 = ORIENTED_EDGE('',*,*,#2933,.T.);
#2933 = EDGE_CURVE('',#987,#2934,#2936,.T.);
#2934 = VERTEX_POINT('',#2935);
#2935 = CARTESIAN_POINT('',(2.828780678137,-2.828780678137,
    -3.726685321863));
#2936 = ELLIPSE('',#2937,5.657561356274,4.0005);
#2937 = AXIS2_PLACEMENT_3D('',#2938,#2939,#2940);
#2938 = CARTESIAN_POINT('',(2.303830743911E-14,-2.698834884045E-29,
    -6.555466));
#2939 = DIRECTION('',(-3.784394723284E-15,0.707106781187,0.707106781187)
  );
#2940 = DIRECTION('',(-1.185669469638E-15,-0.707106781187,0.707106781187
    ));
#2941 = ORIENTED_EDGE('',*,*,#2942,.T.);
#2942 = EDGE_CURVE('',#2934,#939,#2943,.T.);
#2943 = ELLIPSE('',#2944,5.657561356274,4.0005);
#2944 = AXIS2_PLACEMENT_3D('',#2945,#2946,#2947);
#2945 = CARTESIAN_POINT('',(2.303830743911E-14,-2.698834884045E-29,
    -6.555466));
#2946 = DIRECTION('',(-0.707106781187,-3.958995950543E-15,0.707106781187
    ));
#2947 = DIRECTION('',(0.707106781187,3.958995950543E-15,0.707106781187)
  );
#2948 = ORIENTED_EDGE('',*,*,#936,.F.);
#2949 = ORIENTED_EDGE('',*,*,#2950,.T.);
#2950 = EDGE_CURVE('',#937,#2912,#2951,.T.);
#2951 = CIRCLE('',#2952,4.0005);
#2952 = AXIS2_PLACEMENT_3D('',#2953,#2954,#2955);
#2953 = CARTESIAN_POINT('',(4.567150686987E-15,-5.350213173128E-30,
    -1.299566));
#2954 = DIRECTION('',(-3.514366093748E-15,4.116923013628E-30,1.));
#2955 = DIRECTION('',(1.23268770454E-15,1.,2.15192859387E-31));
#2956 = ORIENTED_EDGE('',*,*,#2911,.T.);
#2957 = ORIENTED_EDGE('',*,*,#2305,.T.);
#2958 = ORIENTED_EDGE('',*,*,#2959,.F.);
#2959 = EDGE_CURVE('',#2960,#2297,#2962,.T.);
#2960 = VERTEX_POINT('',#2961);
#2961 = CARTESIAN_POINT('',(2.646370011045,-3.000121,-1.299566));
#2962 = LINE('',#2963,#2964);
#2963 = CARTESIAN_POINT('',(2.646370011045,-3.000121,-1.299566));
#2964 = VECTOR('',#2965,1.);
#2965 = DIRECTION('',(-3.514366093748E-15,4.116923013628E-30,1.));
#2966 = ORIENTED_EDGE('',*,*,#2967,.T.);
#2967 = EDGE_CURVE('',#2960,#995,#2968,.T.);
#2968 = CIRCLE('',#2969,4.0005);
#2969 = AXIS2_PLACEMENT_3D('',#2970,#2971,#2972);
#2970 = CARTESIAN_POINT('',(4.567150686987E-15,-5.350213173128E-30,
    -1.299566));
#2971 = DIRECTION('',(-3.514366093748E-15,4.116923013628E-30,1.));
#2972 = DIRECTION('',(1.23268770454E-15,1.,2.15192859387E-31));
#2973 = ORIENTED_EDGE('',*,*,#994,.T.);
#2974 = CYLINDRICAL_SURFACE('',#2975,4.0005);
#2975 = AXIS2_PLACEMENT_3D('',#2976,#2977,#2978);
#2976 = CARTESIAN_POINT('',(4.567150686987E-15,-5.350213173128E-30,
    -1.299566));
#2977 = DIRECTION('',(-3.514366093748E-15,4.116923013628E-30,1.));
#2978 = DIRECTION('',(1.,-1.171455364583E-15,3.514366093748E-15));
#2979 = ADVANCED_FACE('',(#2980),#2992,.T.);
#2980 = FACE_BOUND('',#2981,.T.);
#2981 = EDGE_LOOP('',(#2982,#2983,#2984,#2985,#2986));
#2982 = ORIENTED_EDGE('',*,*,#2959,.T.);
#2983 = ORIENTED_EDGE('',*,*,#2296,.T.);
#2984 = ORIENTED_EDGE('',*,*,#2424,.T.);
#2985 = ORIENTED_EDGE('',*,*,#2745,.F.);
#2986 = ORIENTED_EDGE('',*,*,#2987,.T.);
#2987 = EDGE_CURVE('',#2737,#2960,#2988,.T.);
#2988 = LINE('',#2989,#2990);
#2989 = CARTESIAN_POINT('',(-2.646370011045,-3.000121,-1.299566));
#2990 = VECTOR('',#2991,1.);
#2991 = DIRECTION('',(1.,-1.171455364583E-15,3.514366093748E-15));
#2992 = PLANE('',#2993);
#2993 = AXIS2_PLACEMENT_3D('',#2994,#2995,#2996);
#2994 = CARTESIAN_POINT('',(-2.646370011045,-3.000121,-1.299566));
#2995 = DIRECTION('',(-1.171455364583E-15,-1.,0.));
#2996 = DIRECTION('',(-1.,1.171455364583E-15,-3.514332921895E-15));
#2997 = ADVANCED_FACE('',(#2998),#3024,.T.);
#2998 = FACE_BOUND('',#2999,.T.);
#2999 = EDGE_LOOP('',(#3000,#3001,#3002,#3003,#3004,#3010,#3011,#3017,
    #3018));
#3000 = ORIENTED_EDGE('',*,*,#2752,.T.);
#3001 = ORIENTED_EDGE('',*,*,#2438,.T.);
#3002 = ORIENTED_EDGE('',*,*,#2382,.T.);
#3003 = ORIENTED_EDGE('',*,*,#2802,.F.);
#3004 = ORIENTED_EDGE('',*,*,#3005,.T.);
#3005 = EDGE_CURVE('',#2794,#2503,#3006,.T.);
#3006 = LINE('',#3007,#3008);
#3007 = CARTESIAN_POINT('',(-3.000121,2.646370011045,-1.299566));
#3008 = VECTOR('',#3009,1.);
#3009 = DIRECTION('',(7.131374824562E-16,-1.,6.623149202152E-30));
#3010 = ORIENTED_EDGE('',*,*,#2511,.F.);
#3011 = ORIENTED_EDGE('',*,*,#3012,.F.);
#3012 = EDGE_CURVE('',#2472,#2512,#3013,.T.);
#3013 = LINE('',#3014,#3015);
#3014 = CARTESIAN_POINT('',(-3.000121,-1.057055499858,-0.377546));
#3015 = VECTOR('',#3016,1.);
#3016 = DIRECTION('',(-2.520997701008E-15,1.,-1.297663185646E-29));
#3017 = ORIENTED_EDGE('',*,*,#2480,.T.);
#3018 = ORIENTED_EDGE('',*,*,#3019,.T.);
#3019 = EDGE_CURVE('',#2454,#2753,#3020,.T.);
#3020 = LINE('',#3021,#3022);
#3021 = CARTESIAN_POINT('',(-3.000121,2.646370011045,-1.299566));
#3022 = VECTOR('',#3023,1.);
#3023 = DIRECTION('',(7.131374824562E-16,-1.,6.623149202152E-30));
#3024 = PLANE('',#3025);
#3025 = AXIS2_PLACEMENT_3D('',#3026,#3027,#3028);
#3026 = CARTESIAN_POINT('',(-3.000121,2.646370011045,-1.299566));
#3027 = DIRECTION('',(-1.,-7.131374824562E-16,-3.514366093748E-15));
#3028 = DIRECTION('',(-7.131374824562E-16,1.,-5.838550980759E-34));
#3029 = ADVANCED_FACE('',(#3030),#3041,.T.);
#3030 = FACE_BOUND('',#3031,.T.);
#3031 = EDGE_LOOP('',(#3032,#3033,#3038,#3039,#3040));
#3032 = ORIENTED_EDGE('',*,*,#2633,.T.);
#3033 = ORIENTED_EDGE('',*,*,#3034,.T.);
#3034 = EDGE_CURVE('',#2634,#1882,#3035,.T.);
#3035 = B_SPLINE_CURVE_WITH_KNOTS('',1,(#3036,#3037),.UNSPECIFIED.,.F.,
  .F.,(2,2),(0.,1.324864),.PIECEWISE_BEZIER_KNOTS.);
#3036 = CARTESIAN_POINT('',(-3.000121,3.514507839847E-15,2.799994));
#3037 = CARTESIAN_POINT('',(-3.000121,3.514507839847E-15,1.47513));
#3038 = ORIENTED_EDGE('',*,*,#1898,.T.);
#3039 = ORIENTED_EDGE('',*,*,#1879,.T.);
#3040 = ORIENTED_EDGE('',*,*,#3034,.F.);
#3041 = CYLINDRICAL_SURFACE('',#3042,3.000121);
#3042 = AXIS2_PLACEMENT_3D('',#3043,#3044,#3045);
#3043 = CARTESIAN_POINT('',(-9.840203976297E-15,1.152735973662E-29,
    2.799994));
#3044 = DIRECTION('',(3.514366093748E-15,-4.116923013628E-30,-1.));
#3045 = DIRECTION('',(-1.,1.171455364583E-15,-3.514366093748E-15));
#3046 = ADVANCED_FACE('',(#3047),#3159,.F.);
#3047 = FACE_BOUND('',#3048,.T.);
#3048 = EDGE_LOOP('',(#3049,#3060,#3069,#3078,#3087,#3096,#3105,#3114,
    #3121,#3122,#3123,#3124,#3125,#3126,#3127,#3128,#3129,#3130,#3131,
    #3132,#3133,#3134,#3135,#3136,#3137,#3138,#3139,#3140,#3141,#3142,
    #3143,#3144,#3145,#3146,#3147,#3148,#3149,#3150,#3151,#3152));
#3049 = ORIENTED_EDGE('',*,*,#3050,.F.);
#3050 = EDGE_CURVE('',#3051,#3053,#3055,.T.);
#3051 = VERTEX_POINT('',#3052);
#3052 = CARTESIAN_POINT('',(-1.126490000483,-1.95113791394,-1.299566));
#3053 = VERTEX_POINT('',#3054);
#3054 = CARTESIAN_POINT('',(-1.951125728659,-1.126511105744,-1.299566));
#3055 = CIRCLE('',#3056,2.25298);
#3056 = AXIS2_PLACEMENT_3D('',#3057,#3058,#3059);
#3057 = CARTESIAN_POINT('',(4.567150686987E-15,-5.350213173128E-30,
    -1.299566));
#3058 = DIRECTION('',(3.514366093748E-15,-4.116923013628E-30,-1.));
#3059 = DIRECTION('',(1.,-1.924163371407E-46,3.514366093748E-15));
#3060 = ORIENTED_EDGE('',*,*,#3061,.F.);
#3061 = EDGE_CURVE('',#3062,#3051,#3064,.T.);
#3062 = VERTEX_POINT('',#3063);
#3063 = CARTESIAN_POINT('',(1.126510986531,-1.951125797488,-1.299566));
#3064 = CIRCLE('',#3065,2.25298);
#3065 = AXIS2_PLACEMENT_3D('',#3066,#3067,#3068);
#3066 = CARTESIAN_POINT('',(4.567150686987E-15,-5.350213173128E-30,
    -1.299566));
#3067 = DIRECTION('',(3.514366093748E-15,-4.116923013628E-30,-1.));
#3068 = DIRECTION('',(1.,-1.924163371407E-46,3.514366093748E-15));
#3069 = ORIENTED_EDGE('',*,*,#3070,.F.);
#3070 = EDGE_CURVE('',#3071,#3062,#3073,.T.);
#3071 = VERTEX_POINT('',#3072);
#3072 = CARTESIAN_POINT('',(1.95113791394,-1.126490000483,-1.299566));
#3073 = CIRCLE('',#3074,2.25298);
#3074 = AXIS2_PLACEMENT_3D('',#3075,#3076,#3077);
#3075 = CARTESIAN_POINT('',(4.567150686987E-15,-5.350213173128E-30,
    -1.299566));
#3076 = DIRECTION('',(3.514366093748E-15,-4.116923013628E-30,-1.));
#3077 = DIRECTION('',(1.,-1.924163371407E-46,3.514366093748E-15));
#3078 = ORIENTED_EDGE('',*,*,#3079,.F.);
#3079 = EDGE_CURVE('',#3080,#3071,#3082,.T.);
#3080 = VERTEX_POINT('',#3081);
#3081 = CARTESIAN_POINT('',(1.951125797488,1.126510986531,-1.299566));
#3082 = CIRCLE('',#3083,2.25298);
#3083 = AXIS2_PLACEMENT_3D('',#3084,#3085,#3086);
#3084 = CARTESIAN_POINT('',(4.567150686987E-15,-5.350213173128E-30,
    -1.299566));
#3085 = DIRECTION('',(3.514366093748E-15,-4.116923013628E-30,-1.));
#3086 = DIRECTION('',(1.,-1.924163371407E-46,3.514366093748E-15));
#3087 = ORIENTED_EDGE('',*,*,#3088,.F.);
#3088 = EDGE_CURVE('',#3089,#3080,#3091,.T.);
#3089 = VERTEX_POINT('',#3090);
#3090 = CARTESIAN_POINT('',(1.126490000514,1.951137913921,-1.299566));
#3091 = CIRCLE('',#3092,2.25298);
#3092 = AXIS2_PLACEMENT_3D('',#3093,#3094,#3095);
#3093 = CARTESIAN_POINT('',(4.567150686987E-15,-5.350213173128E-30,
    -1.299566));
#3094 = DIRECTION('',(3.514366093748E-15,-4.116923013628E-30,-1.));
#3095 = DIRECTION('',(1.,-1.924163371407E-46,3.514366093748E-15));
#3096 = ORIENTED_EDGE('',*,*,#3097,.F.);
#3097 = EDGE_CURVE('',#3098,#3089,#3100,.T.);
#3098 = VERTEX_POINT('',#3099);
#3099 = CARTESIAN_POINT('',(-1.126510668068,1.951125981358,-1.299566));
#3100 = CIRCLE('',#3101,2.25298);
#3101 = AXIS2_PLACEMENT_3D('',#3102,#3103,#3104);
#3102 = CARTESIAN_POINT('',(4.567150686987E-15,-5.350213173128E-30,
    -1.299566));
#3103 = DIRECTION('',(3.514366093748E-15,-4.116923013628E-30,-1.));
#3104 = DIRECTION('',(1.,-1.924163371407E-46,3.514366093748E-15));
#3105 = ORIENTED_EDGE('',*,*,#3106,.F.);
#3106 = EDGE_CURVE('',#3107,#3098,#3109,.T.);
#3107 = VERTEX_POINT('',#3108);
#3108 = CARTESIAN_POINT('',(-1.95113791394,1.126490000483,-1.299566));
#3109 = CIRCLE('',#3110,2.25298);
#3110 = AXIS2_PLACEMENT_3D('',#3111,#3112,#3113);
#3111 = CARTESIAN_POINT('',(4.567150686987E-15,-5.350213173128E-30,
    -1.299566));
#3112 = DIRECTION('',(3.514366093748E-15,-4.116923013628E-30,-1.));
#3113 = DIRECTION('',(1.,-1.924163371407E-46,3.514366093748E-15));
#3114 = ORIENTED_EDGE('',*,*,#3115,.F.);
#3115 = EDGE_CURVE('',#2495,#3107,#3116,.T.);
#3116 = CIRCLE('',#3117,2.25298);
#3117 = AXIS2_PLACEMENT_3D('',#3118,#3119,#3120);
#3118 = CARTESIAN_POINT('',(4.567150686987E-15,-5.350213173128E-30,
    -1.299566));
#3119 = DIRECTION('',(3.514366093748E-15,-4.116923013628E-30,-1.));
#3120 = DIRECTION('',(1.,-1.924163371407E-46,3.514366093748E-15));
#3121 = ORIENTED_EDGE('',*,*,#2502,.T.);
#3122 = ORIENTED_EDGE('',*,*,#3005,.F.);
#3123 = ORIENTED_EDGE('',*,*,#2793,.F.);
#3124 = ORIENTED_EDGE('',*,*,#1939,.T.);
#3125 = ORIENTED_EDGE('',*,*,#2032,.T.);
#3126 = ORIENTED_EDGE('',*,*,#2010,.T.);
#3127 = ORIENTED_EDGE('',*,*,#1979,.T.);
#3128 = ORIENTED_EDGE('',*,*,#2817,.F.);
#3129 = ORIENTED_EDGE('',*,*,#2844,.F.);
#3130 = ORIENTED_EDGE('',*,*,#2875,.F.);
#3131 = ORIENTED_EDGE('',*,*,#2103,.T.);
#3132 = ORIENTED_EDGE('',*,*,#2072,.T.);
#3133 = ORIENTED_EDGE('',*,*,#2125,.T.);
#3134 = ORIENTED_EDGE('',*,*,#882,.T.);
#3135 = ORIENTED_EDGE('',*,*,#2892,.F.);
#3136 = ORIENTED_EDGE('',*,*,#2919,.F.);
#3137 = ORIENTED_EDGE('',*,*,#2950,.F.);
#3138 = ORIENTED_EDGE('',*,*,#962,.T.);
#3139 = ORIENTED_EDGE('',*,*,#2271,.T.);
#3140 = ORIENTED_EDGE('',*,*,#2249,.T.);
#3141 = ORIENTED_EDGE('',*,*,#1002,.T.);
#3142 = ORIENTED_EDGE('',*,*,#2967,.F.);
#3143 = ORIENTED_EDGE('',*,*,#2987,.F.);
#3144 = ORIENTED_EDGE('',*,*,#2736,.F.);
#3145 = ORIENTED_EDGE('',*,*,#922,.T.);
#3146 = ORIENTED_EDGE('',*,*,#2218,.T.);
#3147 = ORIENTED_EDGE('',*,*,#2196,.T.);
#3148 = ORIENTED_EDGE('',*,*,#2165,.T.);
#3149 = ORIENTED_EDGE('',*,*,#2760,.F.);
#3150 = ORIENTED_EDGE('',*,*,#3019,.F.);
#3151 = ORIENTED_EDGE('',*,*,#2453,.T.);
#3152 = ORIENTED_EDGE('',*,*,#3153,.F.);
#3153 = EDGE_CURVE('',#3053,#2456,#3154,.T.);
#3154 = CIRCLE('',#3155,2.25298);
#3155 = AXIS2_PLACEMENT_3D('',#3156,#3157,#3158);
#3156 = CARTESIAN_POINT('',(4.567150686987E-15,-5.350213173128E-30,
    -1.299566));
#3157 = DIRECTION('',(3.514366093748E-15,-4.116923013628E-30,-1.));
#3158 = DIRECTION('',(1.,-1.924163371407E-46,3.514366093748E-15));
#3159 = PLANE('',#3160);
#3160 = AXIS2_PLACEMENT_3D('',#3161,#3162,#3163);
#3161 = CARTESIAN_POINT('',(4.567150686987E-15,-5.350213173128E-30,
    -1.299566));
#3162 = DIRECTION('',(-3.514366093748E-15,4.116923013628E-30,1.));
#3163 = DIRECTION('',(1.,-1.171455364583E-15,3.514366093748E-15));
#3164 = ADVANCED_FACE('',(#3165),#3175,.F.);
#3165 = FACE_BOUND('',#3166,.T.);
#3166 = EDGE_LOOP('',(#3167,#3168,#3169,#3170,#3171,#3172,#3173,#3174));
#3167 = ORIENTED_EDGE('',*,*,#1107,.F.);
#3168 = ORIENTED_EDGE('',*,*,#1543,.F.);
#3169 = ORIENTED_EDGE('',*,*,#1520,.F.);
#3170 = ORIENTED_EDGE('',*,*,#1560,.F.);
#3171 = ORIENTED_EDGE('',*,*,#1168,.F.);
#3172 = ORIENTED_EDGE('',*,*,#2471,.T.);
#3173 = ORIENTED_EDGE('',*,*,#3012,.T.);
#3174 = ORIENTED_EDGE('',*,*,#2519,.T.);
#3175 = PLANE('',#3176);
#3176 = AXIS2_PLACEMENT_3D('',#3177,#3178,#3179);
#3177 = CARTESIAN_POINT('',(-3.000121,3.514507839847E-15,-0.377546));
#3178 = DIRECTION('',(-3.514366093748E-15,4.116923013628E-30,1.));
#3179 = DIRECTION('',(1.,-1.171455364583E-15,3.514366093748E-15));
#3180 = ADVANCED_FACE('',(#3181),#3199,.F.);
#3181 = FACE_BOUND('',#3182,.F.);
#3182 = EDGE_LOOP('',(#3183,#3184,#3185,#3186,#3187,#3188,#3189,#3190,
    #3191,#3192,#3193,#3194,#3195,#3196,#3197,#3198));
#3183 = ORIENTED_EDGE('',*,*,#3153,.F.);
#3184 = ORIENTED_EDGE('',*,*,#3050,.F.);
#3185 = ORIENTED_EDGE('',*,*,#3061,.F.);
#3186 = ORIENTED_EDGE('',*,*,#3070,.F.);
#3187 = ORIENTED_EDGE('',*,*,#3079,.F.);
#3188 = ORIENTED_EDGE('',*,*,#3088,.F.);
#3189 = ORIENTED_EDGE('',*,*,#3097,.F.);
#3190 = ORIENTED_EDGE('',*,*,#3106,.F.);
#3191 = ORIENTED_EDGE('',*,*,#3115,.F.);
#3192 = ORIENTED_EDGE('',*,*,#2494,.F.);
#3193 = ORIENTED_EDGE('',*,*,#1400,.F.);
#3194 = ORIENTED_EDGE('',*,*,#1218,.T.);
#3195 = ORIENTED_EDGE('',*,*,#1345,.F.);
#3196 = ORIENTED_EDGE('',*,*,#1603,.T.);
#3197 = ORIENTED_EDGE('',*,*,#1474,.F.);
#3198 = ORIENTED_EDGE('',*,*,#2464,.T.);
#3199 = CYLINDRICAL_SURFACE('',#3200,2.25298);
#3200 = AXIS2_PLACEMENT_3D('',#3201,#3202,#3203);
#3201 = CARTESIAN_POINT('',(4.567150686987E-15,-5.350213173128E-30,
    -1.299566));
#3202 = DIRECTION('',(-3.514366093748E-15,4.116923013628E-30,1.));
#3203 = DIRECTION('',(1.,-1.171455364583E-15,3.514366093748E-15));
#3204 = ADVANCED_FACE('',(#3205),#3239,.T.);
#3205 = FACE_BOUND('',#3206,.T.);
#3206 = EDGE_LOOP('',(#3207,#3217,#3225,#3233));
#3207 = ORIENTED_EDGE('',*,*,#3208,.T.);
#3208 = EDGE_CURVE('',#3209,#3211,#3213,.T.);
#3209 = VERTEX_POINT('',#3210);
#3210 = CARTESIAN_POINT('',(-2.3241,-2.3241,-3.799566));
#3211 = VERTEX_POINT('',#3212);
#3212 = CARTESIAN_POINT('',(-2.3241,-2.7559,-3.799566));
#3213 = LINE('',#3214,#3215);
#3214 = CARTESIAN_POINT('',(-2.3241,1.252883134568E-15,-3.799566));
#3215 = VECTOR('',#3216,1.);
#3216 = DIRECTION('',(-5.390831438269E-16,-1.,2.222387491251E-30));
#3217 = ORIENTED_EDGE('',*,*,#3218,.T.);
#3218 = EDGE_CURVE('',#3211,#3219,#3221,.T.);
#3219 = VERTEX_POINT('',#3220);
#3220 = CARTESIAN_POINT('',(-2.7559,-2.7559,-3.799566));
#3221 = LINE('',#3222,#3223);
#3222 = CARTESIAN_POINT('',(2.084578210681E-14,-2.7559,-3.799566));
#3223 = VECTOR('',#3224,1.);
#3224 = DIRECTION('',(-1.,-4.846607863169E-15,-3.514366093748E-15));
#3225 = ORIENTED_EDGE('',*,*,#3226,.T.);
#3226 = EDGE_CURVE('',#3219,#3227,#3229,.T.);
#3227 = VERTEX_POINT('',#3228);
#3228 = CARTESIAN_POINT('',(-2.7559,-2.3241,-3.799566));
#3229 = LINE('',#3230,#3231);
#3230 = CARTESIAN_POINT('',(-2.7559,1.155266283083E-15,-3.799566));
#3231 = VECTOR('',#3232,1.);
#3232 = DIRECTION('',(4.191974611136E-16,1.,-2.643709669705E-30));
#3233 = ORIENTED_EDGE('',*,*,#3234,.T.);
#3234 = EDGE_CURVE('',#3227,#3209,#3235,.T.);
#3235 = LINE('',#3236,#3237);
#3236 = CARTESIAN_POINT('',(7.705828640392E-15,-2.3241,-3.799566));
#3237 = VECTOR('',#3238,1.);
#3238 = DIRECTION('',(1.,9.328907692871E-17,3.514366093748E-15));
#3239 = PLANE('',#3240);
#3240 = AXIS2_PLACEMENT_3D('',#3241,#3242,#3243);
#3241 = CARTESIAN_POINT('',(7.489015496702E-15,-8.505550881812E-30,
    -3.799566));
#3242 = DIRECTION('',(3.514366093748E-15,-4.116923013628E-30,-1.));
#3243 = DIRECTION('',(-1.,7.561494098102E-49,-3.514366093748E-15));
#3244 = ADVANCED_FACE('',(#3245),#3279,.T.);
#3245 = FACE_BOUND('',#3246,.T.);
#3246 = EDGE_LOOP('',(#3247,#3257,#3265,#3273));
#3247 = ORIENTED_EDGE('',*,*,#3248,.T.);
#3248 = EDGE_CURVE('',#3249,#3251,#3253,.T.);
#3249 = VERTEX_POINT('',#3250);
#3250 = CARTESIAN_POINT('',(-2.3241,2.3241,-3.799566));
#3251 = VERTEX_POINT('',#3252);
#3252 = CARTESIAN_POINT('',(-2.7559,2.3241,-3.799566));
#3253 = LINE('',#3254,#3255);
#3254 = CARTESIAN_POINT('',(8.74189863127E-15,2.3241,-3.799566));
#3255 = VECTOR('',#3256,1.);
#3256 = DIRECTION('',(-1.,5.390831438269E-16,-3.514366093748E-15));
#3257 = ORIENTED_EDGE('',*,*,#3258,.T.);
#3258 = EDGE_CURVE('',#3251,#3259,#3261,.T.);
#3259 = VERTEX_POINT('',#3260);
#3260 = CARTESIAN_POINT('',(-2.7559,2.7559,-3.799566));
#3261 = LINE('',#3262,#3263);
#3262 = CARTESIAN_POINT('',(-2.7559,-9.178812730872E-16,-3.799566));
#3263 = VECTOR('',#3264,1.);
#3264 = DIRECTION('',(-3.330604423554E-16,1.,-5.28741933941E-30));
#3265 = ORIENTED_EDGE('',*,*,#3266,.T.);
#3266 = EDGE_CURVE('',#3259,#3267,#3269,.T.);
#3267 = VERTEX_POINT('',#3268);
#3268 = CARTESIAN_POINT('',(-2.3241,2.7559,-3.799566));
#3269 = LINE('',#3270,#3271);
#3270 = CARTESIAN_POINT('',(6.571134223615E-15,2.7559,-3.799566));
#3271 = VECTOR('',#3272,1.);
#3272 = DIRECTION('',(1.,3.330604423554E-16,3.514366093748E-15));
#3273 = ORIENTED_EDGE('',*,*,#3274,.T.);
#3274 = EDGE_CURVE('',#3267,#3249,#3275,.T.);
#3275 = LINE('',#3276,#3277);
#3276 = CARTESIAN_POINT('',(-2.3241,-4.625901978464E-15,-3.799566));
#3277 = VECTOR('',#3278,1.);
#3278 = DIRECTION('',(1.990405739196E-15,-1.,1.111193745626E-29));
#3279 = PLANE('',#3280);
#3280 = AXIS2_PLACEMENT_3D('',#3281,#3282,#3283);
#3281 = CARTESIAN_POINT('',(7.489015496702E-15,-8.505550881812E-30,
    -3.799566));
#3282 = DIRECTION('',(3.514366093748E-15,-4.116923013628E-30,-1.));
#3283 = DIRECTION('',(-1.,7.561494098102E-49,-3.514366093748E-15));
#3284 = ADVANCED_FACE('',(#3285),#3319,.T.);
#3285 = FACE_BOUND('',#3286,.T.);
#3286 = EDGE_LOOP('',(#3287,#3297,#3305,#3313));
#3287 = ORIENTED_EDGE('',*,*,#3288,.T.);
#3288 = EDGE_CURVE('',#3289,#3291,#3293,.T.);
#3289 = VERTEX_POINT('',#3290);
#3290 = CARTESIAN_POINT('',(2.3241,-2.3241,-3.799566));
#3291 = VERTEX_POINT('',#3292);
#3292 = CARTESIAN_POINT('',(2.7559,-2.3241,-3.799566));
#3293 = LINE('',#3294,#3295);
#3294 = CARTESIAN_POINT('',(7.705828640392E-15,-2.3241,-3.799566));
#3295 = VECTOR('',#3296,1.);
#3296 = DIRECTION('',(1.,9.328907692871E-17,3.514366093748E-15));
#3297 = ORIENTED_EDGE('',*,*,#3298,.T.);
#3298 = EDGE_CURVE('',#3291,#3299,#3301,.T.);
#3299 = VERTEX_POINT('',#3300);
#3300 = CARTESIAN_POINT('',(2.7559,-2.7559,-3.799566));
#3301 = LINE('',#3302,#3303);
#3302 = CARTESIAN_POINT('',(2.7559,1.542991416628E-14,-3.799566));
#3303 = VECTOR('',#3304,1.);
#3304 = DIRECTION('',(5.598865766638E-15,-1.,2.379338702734E-29));
#3305 = ORIENTED_EDGE('',*,*,#3306,.T.);
#3306 = EDGE_CURVE('',#3299,#3307,#3309,.T.);
#3307 = VERTEX_POINT('',#3308);
#3308 = CARTESIAN_POINT('',(2.3241,-2.7559,-3.799566));
#3309 = LINE('',#3310,#3311);
#3310 = CARTESIAN_POINT('',(1.255319188213E-14,-2.7559,-3.799566));
#3311 = VECTOR('',#3312,1.);
#3312 = DIRECTION('',(-1.,-1.837576249293E-15,-3.514366093748E-15));
#3313 = ORIENTED_EDGE('',*,*,#3314,.T.);
#3314 = EDGE_CURVE('',#3307,#3289,#3315,.T.);
#3315 = LINE('',#3316,#3317);
#3316 = CARTESIAN_POINT('',(2.3241,-1.252883134568E-15,-3.799566));
#3317 = VECTOR('',#3318,1.);
#3318 = DIRECTION('',(5.390831438269E-16,1.,-2.222387491251E-30));
#3319 = PLANE('',#3320);
#3320 = AXIS2_PLACEMENT_3D('',#3321,#3322,#3323);
#3321 = CARTESIAN_POINT('',(7.489015496702E-15,-8.505550881812E-30,
    -3.799566));
#3322 = DIRECTION('',(3.514366093748E-15,-4.116923013628E-30,-1.));
#3323 = DIRECTION('',(-1.,7.561494098102E-49,-3.514366093748E-15));
#3324 = ADVANCED_FACE('',(#3325),#3359,.T.);
#3325 = FACE_BOUND('',#3326,.T.);
#3326 = EDGE_LOOP('',(#3327,#3337,#3345,#3353));
#3327 = ORIENTED_EDGE('',*,*,#3328,.T.);
#3328 = EDGE_CURVE('',#3329,#3331,#3333,.T.);
#3329 = VERTEX_POINT('',#3330);
#3330 = CARTESIAN_POINT('',(2.3241,2.3241,-3.799566));
#3331 = VERTEX_POINT('',#3332);
#3332 = CARTESIAN_POINT('',(2.3241,2.7559,-3.799566));
#3333 = LINE('',#3334,#3335);
#3334 = CARTESIAN_POINT('',(2.3241,2.1681314369E-16,-3.799566));
#3335 = VECTOR('',#3336,1.);
#3336 = DIRECTION('',(-9.328907692871E-17,1.,-4.444774982503E-30));
#3337 = ORIENTED_EDGE('',*,*,#3338,.T.);
#3338 = EDGE_CURVE('',#3331,#3339,#3341,.T.);
#3339 = VERTEX_POINT('',#3340);
#3340 = CARTESIAN_POINT('',(2.7559,2.7559,-3.799566));
#3341 = LINE('',#3342,#3343);
#3342 = CARTESIAN_POINT('',(3.516915551047E-16,2.7559,-3.799566));
#3343 = VECTOR('',#3344,1.);
#3344 = DIRECTION('',(1.,2.589834152762E-15,3.514366093748E-15));
#3345 = ORIENTED_EDGE('',*,*,#3346,.T.);
#3346 = EDGE_CURVE('',#3339,#3347,#3349,.T.);
#3347 = VERTEX_POINT('',#3348);
#3348 = CARTESIAN_POINT('',(2.7559,2.3241,-3.799566));
#3349 = LINE('',#3350,#3351);
#3350 = CARTESIAN_POINT('',(2.7559,2.991028829257E-15,-3.799566));
#3351 = VECTOR('',#3352,1.);
#3352 = DIRECTION('',(1.085318345824E-15,-1.,7.931129009115E-30));
#3353 = ORIENTED_EDGE('',*,*,#3354,.T.);
#3354 = EDGE_CURVE('',#3347,#3329,#3355,.T.);
#3355 = LINE('',#3356,#3357);
#3356 = CARTESIAN_POINT('',(5.802506074754E-15,2.3241,-3.799566));
#3357 = VECTOR('',#3358,1.);
#3358 = DIRECTION('',(-1.,-7.256612976843E-16,-3.514366093748E-15));
#3359 = PLANE('',#3360);
#3360 = AXIS2_PLACEMENT_3D('',#3361,#3362,#3363);
#3361 = CARTESIAN_POINT('',(7.489015496702E-15,-8.505550881812E-30,
    -3.799566));
#3362 = DIRECTION('',(3.514366093748E-15,-4.116923013628E-30,-1.));
#3363 = DIRECTION('',(-1.,7.561494098102E-49,-3.514366093748E-15));
#3364 = ADVANCED_FACE('',(#3365),#3381,.F.);
#3365 = FACE_BOUND('',#3366,.T.);
#3366 = EDGE_LOOP('',(#3367,#3373,#3374,#3380));
#3367 = ORIENTED_EDGE('',*,*,#3368,.F.);
#3368 = EDGE_CURVE('',#2140,#3227,#3369,.T.);
#3369 = LINE('',#3370,#3371);
#3370 = CARTESIAN_POINT('',(-3.5306,-1.5494,-3.024866));
#3371 = VECTOR('',#3372,1.);
#3372 = DIRECTION('',(0.57735026919,-0.57735026919,-0.57735026919));
#3373 = ORIENTED_EDGE('',*,*,#2189,.F.);
#3374 = ORIENTED_EDGE('',*,*,#3375,.F.);
#3375 = EDGE_CURVE('',#3209,#2180,#3376,.T.);
#3376 = LINE('',#3377,#3378);
#3377 = CARTESIAN_POINT('',(-1.5494,-1.5494,-3.024866));
#3378 = VECTOR('',#3379,1.);
#3379 = DIRECTION('',(0.57735026919,0.57735026919,0.57735026919));
#3380 = ORIENTED_EDGE('',*,*,#3234,.F.);
#3381 = PLANE('',#3382);
#3382 = AXIS2_PLACEMENT_3D('',#3383,#3384,#3385);
#3383 = CARTESIAN_POINT('',(7.705828640392E-15,-2.3241,-3.799566));
#3384 = DIRECTION('',(-2.419066757554E-15,-0.707106781187,0.707106781187
    ));
#3385 = DIRECTION('',(1.,9.335706617195E-17,3.514434082991E-15));
#3386 = ADVANCED_FACE('',(#3387),#3398,.F.);
#3387 = FACE_BOUND('',#3388,.T.);
#3388 = EDGE_LOOP('',(#3389,#3390,#3391,#3397));
#3389 = ORIENTED_EDGE('',*,*,#3375,.T.);
#3390 = ORIENTED_EDGE('',*,*,#2211,.F.);
#3391 = ORIENTED_EDGE('',*,*,#3392,.F.);
#3392 = EDGE_CURVE('',#3211,#907,#3393,.T.);
#3393 = LINE('',#3394,#3395);
#3394 = CARTESIAN_POINT('',(-3.242733333333,-1.837266666667,
    -4.718199333333));
#3395 = VECTOR('',#3396,1.);
#3396 = DIRECTION('',(0.57735026919,-0.57735026919,0.57735026919));
#3397 = ORIENTED_EDGE('',*,*,#3208,.F.);
#3398 = PLANE('',#3399);
#3399 = AXIS2_PLACEMENT_3D('',#3400,#3401,#3402);
#3400 = CARTESIAN_POINT('',(-2.3241,1.252883134568E-15,-3.799566));
#3401 = DIRECTION('',(-0.707106781187,3.811893466234E-16,0.707106781187)
  );
#3402 = DIRECTION('',(-5.390742319934E-16,-1.,8.911833559039E-21));
#3403 = ADVANCED_FACE('',(#3404),#3416,.F.);
#3404 = FACE_BOUND('',#3405,.T.);
#3405 = EDGE_LOOP('',(#3406,#3407,#3408,#3414,#3415));
#3406 = ORIENTED_EDGE('',*,*,#3368,.T.);
#3407 = ORIENTED_EDGE('',*,*,#3226,.F.);
#3408 = ORIENTED_EDGE('',*,*,#3409,.F.);
#3409 = EDGE_CURVE('',#2720,#3219,#3410,.T.);
#3410 = LINE('',#3411,#3412);
#3411 = CARTESIAN_POINT('',(-1.837266666667,-1.837266666667,
    -4.718199333333));
#3412 = VECTOR('',#3413,1.);
#3413 = DIRECTION('',(0.57735026919,0.57735026919,-0.57735026919));
#3414 = ORIENTED_EDGE('',*,*,#2719,.F.);
#3415 = ORIENTED_EDGE('',*,*,#2149,.F.);
#3416 = PLANE('',#3417);
#3417 = AXIS2_PLACEMENT_3D('',#3418,#3419,#3420);
#3418 = CARTESIAN_POINT('',(-2.7559,1.155266283083E-15,-3.799566));
#3419 = DIRECTION('',(0.707106781187,-2.964173674096E-16,0.707106781187)
  );
#3420 = DIRECTION('',(4.192834307155E-16,1.,-8.596960190936E-20));
#3421 = ADVANCED_FACE('',(#3422),#3429,.F.);
#3422 = FACE_BOUND('',#3423,.T.);
#3423 = EDGE_LOOP('',(#3424,#3425,#3426,#3427,#3428));
#3424 = ORIENTED_EDGE('',*,*,#3392,.T.);
#3425 = ORIENTED_EDGE('',*,*,#906,.F.);
#3426 = ORIENTED_EDGE('',*,*,#2728,.F.);
#3427 = ORIENTED_EDGE('',*,*,#3409,.T.);
#3428 = ORIENTED_EDGE('',*,*,#3218,.F.);
#3429 = PLANE('',#3430);
#3430 = AXIS2_PLACEMENT_3D('',#3431,#3432,#3433);
#3431 = CARTESIAN_POINT('',(2.084578210681E-14,-2.7559,-3.799566));
#3432 = DIRECTION('',(-5.91210138226E-15,0.707106781187,0.707106781187)
  );
#3433 = DIRECTION('',(-1.,-4.846620793233E-15,-3.514353163683E-15));
#3434 = ADVANCED_FACE('',(#3435),#3451,.F.);
#3435 = FACE_BOUND('',#3436,.T.);
#3436 = EDGE_LOOP('',(#3437,#3443,#3444,#3450));
#3437 = ORIENTED_EDGE('',*,*,#3438,.F.);
#3438 = EDGE_CURVE('',#1954,#3267,#3439,.T.);
#3439 = LINE('',#3440,#3441);
#3440 = CARTESIAN_POINT('',(-1.5494,3.5306,-3.024866));
#3441 = VECTOR('',#3442,1.);
#3442 = DIRECTION('',(-0.57735026919,-0.57735026919,-0.57735026919));
#3443 = ORIENTED_EDGE('',*,*,#2003,.F.);
#3444 = ORIENTED_EDGE('',*,*,#3445,.F.);
#3445 = EDGE_CURVE('',#3249,#1994,#3446,.T.);
#3446 = LINE('',#3447,#3448);
#3447 = CARTESIAN_POINT('',(-1.5494,1.5494,-3.024866));
#3448 = VECTOR('',#3449,1.);
#3449 = DIRECTION('',(0.57735026919,-0.57735026919,0.57735026919));
#3450 = ORIENTED_EDGE('',*,*,#3274,.F.);
#3451 = PLANE('',#3452);
#3452 = AXIS2_PLACEMENT_3D('',#3453,#3454,#3455);
#3453 = CARTESIAN_POINT('',(-2.3241,-4.625901978464E-15,-3.799566));
#3454 = DIRECTION('',(-0.707106781187,-1.407429395498E-15,0.707106781187
    ));
#3455 = DIRECTION('',(1.990500463939E-15,-1.,9.472474392067E-20));
#3456 = ADVANCED_FACE('',(#3457),#3468,.F.);
#3457 = FACE_BOUND('',#3458,.T.);
#3458 = EDGE_LOOP('',(#3459,#3460,#3461,#3467));
#3459 = ORIENTED_EDGE('',*,*,#3445,.T.);
#3460 = ORIENTED_EDGE('',*,*,#2025,.F.);
#3461 = ORIENTED_EDGE('',*,*,#3462,.F.);
#3462 = EDGE_CURVE('',#3251,#1924,#3463,.T.);
#3463 = LINE('',#3464,#3465);
#3464 = CARTESIAN_POINT('',(-1.837266666667,3.242733333333,
    -4.718199333333));
#3465 = VECTOR('',#3466,1.);
#3466 = DIRECTION('',(-0.57735026919,-0.57735026919,0.57735026919));
#3467 = ORIENTED_EDGE('',*,*,#3248,.F.);
#3468 = PLANE('',#3469);
#3469 = AXIS2_PLACEMENT_3D('',#3470,#3471,#3472);
#3470 = CARTESIAN_POINT('',(8.74189863127E-15,2.3241,-3.799566));
#3471 = DIRECTION('',(-2.103842749838E-15,0.707106781187,0.707106781187)
  );
#3472 = DIRECTION('',(-1.,5.391660662841E-16,-3.514449016205E-15));
#3473 = ADVANCED_FACE('',(#3474),#3486,.F.);
#3474 = FACE_BOUND('',#3475,.T.);
#3475 = EDGE_LOOP('',(#3476,#3477,#3478,#3484,#3485));
#3476 = ORIENTED_EDGE('',*,*,#3438,.T.);
#3477 = ORIENTED_EDGE('',*,*,#3266,.F.);
#3478 = ORIENTED_EDGE('',*,*,#3479,.F.);
#3479 = EDGE_CURVE('',#2777,#3259,#3480,.T.);
#3480 = LINE('',#3481,#3482);
#3481 = CARTESIAN_POINT('',(-1.837266666667,1.837266666667,
    -4.718199333333));
#3482 = VECTOR('',#3483,1.);
#3483 = DIRECTION('',(0.57735026919,-0.57735026919,-0.57735026919));
#3484 = ORIENTED_EDGE('',*,*,#2776,.F.);
#3485 = ORIENTED_EDGE('',*,*,#1963,.F.);
#3486 = PLANE('',#3487);
#3487 = AXIS2_PLACEMENT_3D('',#3488,#3489,#3490);
#3488 = CARTESIAN_POINT('',(6.571134223615E-15,2.7559,-3.799566));
#3489 = DIRECTION('',(-2.249522799127E-15,-0.707106781187,0.707106781187
    ));
#3490 = DIRECTION('',(1.,3.331555091622E-16,3.514461160554E-15));
#3491 = ADVANCED_FACE('',(#3492),#3499,.F.);
#3492 = FACE_BOUND('',#3493,.T.);
#3493 = EDGE_LOOP('',(#3494,#3495,#3496,#3497,#3498));
#3494 = ORIENTED_EDGE('',*,*,#3462,.T.);
#3495 = ORIENTED_EDGE('',*,*,#1923,.F.);
#3496 = ORIENTED_EDGE('',*,*,#2785,.F.);
#3497 = ORIENTED_EDGE('',*,*,#3479,.T.);
#3498 = ORIENTED_EDGE('',*,*,#3258,.F.);
#3499 = PLANE('',#3500);
#3500 = AXIS2_PLACEMENT_3D('',#3501,#3502,#3503);
#3501 = CARTESIAN_POINT('',(-2.7559,-9.178812730872E-16,-3.799566));
#3502 = DIRECTION('',(0.707106781187,2.355092973345E-16,0.707106781187)
  );
#3503 = DIRECTION('',(-3.330636748715E-16,1.,3.23251608439E-21));
#3504 = ADVANCED_FACE('',(#3505),#3521,.F.);
#3505 = FACE_BOUND('',#3506,.T.);
#3506 = EDGE_LOOP('',(#3507,#3513,#3514,#3520));
#3507 = ORIENTED_EDGE('',*,*,#3508,.F.);
#3508 = EDGE_CURVE('',#857,#3347,#3509,.T.);
#3509 = LINE('',#3510,#3511);
#3510 = CARTESIAN_POINT('',(3.5306,1.5494,-3.024866));
#3511 = VECTOR('',#3512,1.);
#3512 = DIRECTION('',(-0.57735026919,0.57735026919,-0.57735026919));
#3513 = ORIENTED_EDGE('',*,*,#2118,.F.);
#3514 = ORIENTED_EDGE('',*,*,#3515,.F.);
#3515 = EDGE_CURVE('',#3329,#2057,#3516,.T.);
#3516 = LINE('',#3517,#3518);
#3517 = CARTESIAN_POINT('',(1.5494,1.5494,-3.024866));
#3518 = VECTOR('',#3519,1.);
#3519 = DIRECTION('',(-0.57735026919,-0.57735026919,0.57735026919));
#3520 = ORIENTED_EDGE('',*,*,#3354,.F.);
#3521 = PLANE('',#3522);
#3522 = AXIS2_PLACEMENT_3D('',#3523,#3524,#3525);
#3523 = CARTESIAN_POINT('',(5.802506074754E-15,2.3241,-3.799566));
#3524 = DIRECTION('',(-2.998152120898E-15,0.707106781187,0.707106781187)
  );
#3525 = DIRECTION('',(-1.,-7.255128614651E-16,-3.514514529967E-15));
#3526 = ADVANCED_FACE('',(#3527),#3538,.F.);
#3527 = FACE_BOUND('',#3528,.T.);
#3528 = EDGE_LOOP('',(#3529,#3530,#3531,#3537));
#3529 = ORIENTED_EDGE('',*,*,#3515,.T.);
#3530 = ORIENTED_EDGE('',*,*,#2056,.F.);
#3531 = ORIENTED_EDGE('',*,*,#3532,.F.);
#3532 = EDGE_CURVE('',#3331,#2047,#3533,.T.);
#3533 = LINE('',#3534,#3535);
#3534 = CARTESIAN_POINT('',(3.242733333333,1.837266666667,
    -4.718199333333));
#3535 = VECTOR('',#3536,1.);
#3536 = DIRECTION('',(-0.57735026919,0.57735026919,0.57735026919));
#3537 = ORIENTED_EDGE('',*,*,#3328,.F.);
#3538 = PLANE('',#3539);
#3539 = AXIS2_PLACEMENT_3D('',#3540,#3541,#3542);
#3540 = CARTESIAN_POINT('',(2.3241,2.1681314369E-16,-3.799566));
#3541 = DIRECTION('',(0.707106781187,6.596533890693E-17,0.707106781187)
  );
#3542 = DIRECTION('',(-9.326523188123E-17,1.,-2.384504748091E-20));
#3543 = ADVANCED_FACE('',(#3544),#3556,.F.);
#3544 = FACE_BOUND('',#3545,.T.);
#3545 = EDGE_LOOP('',(#3546,#3547,#3548,#3554,#3555));
#3546 = ORIENTED_EDGE('',*,*,#3508,.T.);
#3547 = ORIENTED_EDGE('',*,*,#3346,.F.);
#3548 = ORIENTED_EDGE('',*,*,#3549,.F.);
#3549 = EDGE_CURVE('',#2859,#3339,#3550,.T.);
#3550 = LINE('',#3551,#3552);
#3551 = CARTESIAN_POINT('',(1.837266666667,1.837266666667,
    -4.718199333333));
#3552 = VECTOR('',#3553,1.);
#3553 = DIRECTION('',(-0.57735026919,-0.57735026919,-0.57735026919));
#3554 = ORIENTED_EDGE('',*,*,#2858,.F.);
#3555 = ORIENTED_EDGE('',*,*,#866,.F.);
#3556 = PLANE('',#3557);
#3557 = AXIS2_PLACEMENT_3D('',#3558,#3559,#3560);
#3558 = CARTESIAN_POINT('',(2.7559,2.991028829257E-15,-3.799566));
#3559 = DIRECTION('',(-0.707106781187,-7.674359620785E-16,0.707106781187
    ));
#3560 = DIRECTION('',(1.085410780458E-15,-1.,9.243463408344E-20));
#3561 = ADVANCED_FACE('',(#3562),#3569,.F.);
#3562 = FACE_BOUND('',#3563,.T.);
#3563 = EDGE_LOOP('',(#3564,#3565,#3566,#3567,#3568));
#3564 = ORIENTED_EDGE('',*,*,#3532,.T.);
#3565 = ORIENTED_EDGE('',*,*,#2096,.F.);
#3566 = ORIENTED_EDGE('',*,*,#2867,.F.);
#3567 = ORIENTED_EDGE('',*,*,#3549,.T.);
#3568 = ORIENTED_EDGE('',*,*,#3338,.F.);
#3569 = PLANE('',#3570);
#3570 = AXIS2_PLACEMENT_3D('',#3571,#3572,#3573);
#3571 = CARTESIAN_POINT('',(3.516915551047E-16,2.7559,-3.799566));
#3572 = DIRECTION('',(-6.537428048943E-16,-0.707106781187,0.707106781187
    ));
#3573 = DIRECTION('',(1.,2.589979985489E-15,3.514511926474E-15));
#3574 = ADVANCED_FACE('',(#3575),#3591,.F.);
#3575 = FACE_BOUND('',#3576,.T.);
#3576 = EDGE_LOOP('',(#3577,#3583,#3584,#3590));
#3577 = ORIENTED_EDGE('',*,*,#3578,.F.);
#3578 = EDGE_CURVE('',#977,#3307,#3579,.T.);
#3579 = LINE('',#3580,#3581);
#3580 = CARTESIAN_POINT('',(1.5494,-3.5306,-3.024866));
#3581 = VECTOR('',#3582,1.);
#3582 = DIRECTION('',(0.57735026919,0.57735026919,-0.57735026919));
#3583 = ORIENTED_EDGE('',*,*,#2242,.F.);
#3584 = ORIENTED_EDGE('',*,*,#3585,.F.);
#3585 = EDGE_CURVE('',#3289,#2233,#3586,.T.);
#3586 = LINE('',#3587,#3588);
#3587 = CARTESIAN_POINT('',(1.5494,-1.5494,-3.024866));
#3588 = VECTOR('',#3589,1.);
#3589 = DIRECTION('',(-0.57735026919,0.57735026919,0.57735026919));
#3590 = ORIENTED_EDGE('',*,*,#3314,.F.);
#3591 = PLANE('',#3592);
#3592 = AXIS2_PLACEMENT_3D('',#3593,#3594,#3595);
#3593 = CARTESIAN_POINT('',(2.3241,-1.252883134568E-15,-3.799566));
#3594 = DIRECTION('',(0.707106781187,-3.811893466234E-16,0.707106781187)
  );
#3595 = DIRECTION('',(5.390742319933E-16,1.,8.911833556623E-21));
#3596 = ADVANCED_FACE('',(#3597),#3608,.F.);
#3597 = FACE_BOUND('',#3598,.T.);
#3598 = EDGE_LOOP('',(#3599,#3600,#3601,#3607));
#3599 = ORIENTED_EDGE('',*,*,#3585,.T.);
#3600 = ORIENTED_EDGE('',*,*,#2264,.F.);
#3601 = ORIENTED_EDGE('',*,*,#3602,.F.);
#3602 = EDGE_CURVE('',#3291,#947,#3603,.T.);
#3603 = LINE('',#3604,#3605);
#3604 = CARTESIAN_POINT('',(1.837266666667,-3.242733333333,
    -4.718199333333));
#3605 = VECTOR('',#3606,1.);
#3606 = DIRECTION('',(0.57735026919,0.57735026919,0.57735026919));
#3607 = ORIENTED_EDGE('',*,*,#3288,.F.);
#3608 = PLANE('',#3609);
#3609 = AXIS2_PLACEMENT_3D('',#3610,#3611,#3612);
#3610 = CARTESIAN_POINT('',(7.705828640392E-15,-2.3241,-3.799566));
#3611 = DIRECTION('',(-2.419066757554E-15,-0.707106781187,0.707106781187
    ));
#3612 = DIRECTION('',(1.,9.335706617195E-17,3.514434082991E-15));
#3613 = ADVANCED_FACE('',(#3614),#3626,.F.);
#3614 = FACE_BOUND('',#3615,.T.);
#3615 = EDGE_LOOP('',(#3616,#3617,#3618,#3624,#3625));
#3616 = ORIENTED_EDGE('',*,*,#3578,.T.);
#3617 = ORIENTED_EDGE('',*,*,#3306,.F.);
#3618 = ORIENTED_EDGE('',*,*,#3619,.F.);
#3619 = EDGE_CURVE('',#2934,#3299,#3620,.T.);
#3620 = LINE('',#3621,#3622);
#3621 = CARTESIAN_POINT('',(1.837266666667,-1.837266666667,
    -4.718199333333));
#3622 = VECTOR('',#3623,1.);
#3623 = DIRECTION('',(-0.57735026919,0.57735026919,-0.57735026919));
#3624 = ORIENTED_EDGE('',*,*,#2933,.F.);
#3625 = ORIENTED_EDGE('',*,*,#986,.F.);
#3626 = PLANE('',#3627);
#3627 = AXIS2_PLACEMENT_3D('',#3628,#3629,#3630);
#3628 = CARTESIAN_POINT('',(1.255319188213E-14,-2.7559,-3.799566));
#3629 = DIRECTION('',(-3.784394723284E-15,0.707106781187,0.707106781187)
  );
#3630 = DIRECTION('',(-1.,-1.83744921132E-15,-3.514493131721E-15));
#3631 = ADVANCED_FACE('',(#3632),#3639,.F.);
#3632 = FACE_BOUND('',#3633,.T.);
#3633 = EDGE_LOOP('',(#3634,#3635,#3636,#3637,#3638));
#3634 = ORIENTED_EDGE('',*,*,#3602,.T.);
#3635 = ORIENTED_EDGE('',*,*,#946,.F.);
#3636 = ORIENTED_EDGE('',*,*,#2942,.F.);
#3637 = ORIENTED_EDGE('',*,*,#3619,.T.);
#3638 = ORIENTED_EDGE('',*,*,#3298,.F.);
#3639 = PLANE('',#3640);
#3640 = AXIS2_PLACEMENT_3D('',#3641,#3642,#3643);
#3641 = CARTESIAN_POINT('',(2.7559,1.542991416628E-14,-3.799566));
#3642 = DIRECTION('',(-0.707106781187,-3.958995950543E-15,0.707106781187
    ));
#3643 = DIRECTION('',(5.598842892677E-15,-1.,-2.28739614392E-20));
#3644 = ( GEOMETRIC_REPRESENTATION_CONTEXT(3) 
GLOBAL_UNCERTAINTY_ASSIGNED_CONTEXT((#3648)) 
GLOBAL_UNIT_ASSIGNED_CONTEXT((#3645,#3646,#3647)) REPRESENTATION_CONTEXT
('Context #1','3D Context with UNIT and UNCERTAINTY') );
#3645 = ( LENGTH_UNIT() NAMED_UNIT(*) SI_UNIT(.MILLI.,.METRE.) );
#3646 = ( NAMED_UNIT(*) PLANE_ANGLE_UNIT() SI_UNIT($,.RADIAN.) );
#3647 = ( NAMED_UNIT(*) SI_UNIT($,.STERADIAN.) SOLID_ANGLE_UNIT() );
#3648 = UNCERTAINTY_MEASURE_WITH_UNIT(LENGTH_MEASURE(2.E-04),#3645,
  'distance_accuracy_value','confusion accuracy');
#3649 = CONTEXT_DEPENDENT_SHAPE_REPRESENTATION(#3650,#3652);
#3650 = ( REPRESENTATION_RELATIONSHIP('','',#849,#10) 
REPRESENTATION_RELATIONSHIP_WITH_TRANSFORMATION(#3651) 
SHAPE_REPRESENTATION_RELATIONSHIP() );
#3651 = ITEM_DEFINED_TRANSFORMATION('','',#11,#19);
#3652 = PRODUCT_DEFINITION_SHAPE('Placement','Placement of an item',
  #3653);
#3653 = NEXT_ASSEMBLY_USAGE_OCCURRENCE('2','J3','',#5,#844,$);
#3654 = PRODUCT_RELATED_PRODUCT_CATEGORY('part',$,(#846));
#3655 = SHAPE_DEFINITION_REPRESENTATION(#3656,#3662);
#3656 = PRODUCT_DEFINITION_SHAPE('','',#3657);
#3657 = PRODUCT_DEFINITION('design','',#3658,#3661);
#3658 = PRODUCT_DEFINITION_FORMATION('','',#3659);
#3659 = PRODUCT('twpatron-2_PCB','twpatron-2_PCB','',(#3660));
#3660 = PRODUCT_CONTEXT('',#2,'mechanical');
#3661 = PRODUCT_DEFINITION_CONTEXT('part definition',#2,'design');
#3662 = ADVANCED_BREP_SHAPE_REPRESENTATION('',(#11,#3663),#4546);
#3663 = MANIFOLD_SOLID_BREP('',#3664);
#3664 = CLOSED_SHELL('',(#3665,#3707,#3738,#3769,#3990,#4211,#4228,#4245
    ,#4257,#4274,#4291,#4308,#4325,#4342,#4359,#4376,#4393,#4410,#4427,
    #4444,#4461,#4478,#4495,#4512,#4529));
#3665 = ADVANCED_FACE('',(#3666),#3702,.T.);
#3666 = FACE_BOUND('',#3667,.T.);
#3667 = EDGE_LOOP('',(#3668,#3678,#3687,#3695));
#3668 = ORIENTED_EDGE('',*,*,#3669,.T.);
#3669 = EDGE_CURVE('',#3670,#3672,#3674,.T.);
#3670 = VERTEX_POINT('',#3671);
#3671 = CARTESIAN_POINT('',(135.001,72.51,0.));
#3672 = VERTEX_POINT('',#3673);
#3673 = CARTESIAN_POINT('',(135.001,72.51,0.508));
#3674 = LINE('',#3675,#3676);
#3675 = CARTESIAN_POINT('',(135.001,72.51,0.));
#3676 = VECTOR('',#3677,1.);
#3677 = DIRECTION('',(0.,0.,1.));
#3678 = ORIENTED_EDGE('',*,*,#3679,.T.);
#3679 = EDGE_CURVE('',#3672,#3680,#3682,.T.);
#3680 = VERTEX_POINT('',#3681);
#3681 = CARTESIAN_POINT('',(136.525,70.986,0.508));
#3682 = CIRCLE('',#3683,1.523999093624);
#3683 = AXIS2_PLACEMENT_3D('',#3684,#3685,#3686);
#3684 = CARTESIAN_POINT('',(135.00100090637,70.986000906376,0.508));
#3685 = DIRECTION('',(0.,0.,-1.));
#3686 = DIRECTION('',(-5.947355334494E-07,1.,0.));
#3687 = ORIENTED_EDGE('',*,*,#3688,.F.);
#3688 = EDGE_CURVE('',#3689,#3680,#3691,.T.);
#3689 = VERTEX_POINT('',#3690);
#3690 = CARTESIAN_POINT('',(136.525,70.986,0.));
#3691 = LINE('',#3692,#3693);
#3692 = CARTESIAN_POINT('',(136.525,70.986,0.));
#3693 = VECTOR('',#3694,1.);
#3694 = DIRECTION('',(0.,0.,1.));
#3695 = ORIENTED_EDGE('',*,*,#3696,.F.);
#3696 = EDGE_CURVE('',#3670,#3689,#3697,.T.);
#3697 = CIRCLE('',#3698,1.523999093624);
#3698 = AXIS2_PLACEMENT_3D('',#3699,#3700,#3701);
#3699 = CARTESIAN_POINT('',(135.00100090637,70.986000906376,0.));
#3700 = DIRECTION('',(0.,0.,-1.));
#3701 = DIRECTION('',(-5.947355334494E-07,1.,0.));
#3702 = CYLINDRICAL_SURFACE('',#3703,1.523999093624);
#3703 = AXIS2_PLACEMENT_3D('',#3704,#3705,#3706);
#3704 = CARTESIAN_POINT('',(135.00100090637,70.986000906376,0.));
#3705 = DIRECTION('',(0.,0.,-1.));
#3706 = DIRECTION('',(-5.947355334494E-07,1.,0.));
#3707 = ADVANCED_FACE('',(#3708),#3733,.T.);
#3708 = FACE_BOUND('',#3709,.T.);
#3709 = EDGE_LOOP('',(#3710,#3720,#3726,#3727));
#3710 = ORIENTED_EDGE('',*,*,#3711,.T.);
#3711 = EDGE_CURVE('',#3712,#3714,#3716,.T.);
#3712 = VERTEX_POINT('',#3713);
#3713 = CARTESIAN_POINT('',(99.949,72.51,0.));
#3714 = VERTEX_POINT('',#3715);
#3715 = CARTESIAN_POINT('',(99.949,72.51,0.508));
#3716 = LINE('',#3717,#3718);
#3717 = CARTESIAN_POINT('',(99.949,72.51,0.));
#3718 = VECTOR('',#3719,1.);
#3719 = DIRECTION('',(0.,0.,1.));
#3720 = ORIENTED_EDGE('',*,*,#3721,.T.);
#3721 = EDGE_CURVE('',#3714,#3672,#3722,.T.);
#3722 = LINE('',#3723,#3724);
#3723 = CARTESIAN_POINT('',(99.949,72.51,0.508));
#3724 = VECTOR('',#3725,1.);
#3725 = DIRECTION('',(1.,0.,0.));
#3726 = ORIENTED_EDGE('',*,*,#3669,.F.);
#3727 = ORIENTED_EDGE('',*,*,#3728,.F.);
#3728 = EDGE_CURVE('',#3712,#3670,#3729,.T.);
#3729 = LINE('',#3730,#3731);
#3730 = CARTESIAN_POINT('',(99.949,72.51,0.));
#3731 = VECTOR('',#3732,1.);
#3732 = DIRECTION('',(1.,0.,0.));
#3733 = PLANE('',#3734);
#3734 = AXIS2_PLACEMENT_3D('',#3735,#3736,#3737);
#3735 = CARTESIAN_POINT('',(99.949,72.51,0.));
#3736 = DIRECTION('',(0.,1.,0.));
#3737 = DIRECTION('',(1.,0.,0.));
#3738 = ADVANCED_FACE('',(#3739),#3764,.T.);
#3739 = FACE_BOUND('',#3740,.T.);
#3740 = EDGE_LOOP('',(#3741,#3742,#3750,#3758));
#3741 = ORIENTED_EDGE('',*,*,#3688,.T.);
#3742 = ORIENTED_EDGE('',*,*,#3743,.T.);
#3743 = EDGE_CURVE('',#3680,#3744,#3746,.T.);
#3744 = VERTEX_POINT('',#3745);
#3745 = CARTESIAN_POINT('',(136.525,51.555,0.508));
#3746 = LINE('',#3747,#3748);
#3747 = CARTESIAN_POINT('',(136.525,70.986,0.508));
#3748 = VECTOR('',#3749,1.);
#3749 = DIRECTION('',(0.,-1.,0.));
#3750 = ORIENTED_EDGE('',*,*,#3751,.F.);
#3751 = EDGE_CURVE('',#3752,#3744,#3754,.T.);
#3752 = VERTEX_POINT('',#3753);
#3753 = CARTESIAN_POINT('',(136.525,51.555,0.));
#3754 = LINE('',#3755,#3756);
#3755 = CARTESIAN_POINT('',(136.525,51.555,0.));
#3756 = VECTOR('',#3757,1.);
#3757 = DIRECTION('',(0.,0.,1.));
#3758 = ORIENTED_EDGE('',*,*,#3759,.F.);
#3759 = EDGE_CURVE('',#3689,#3752,#3760,.T.);
#3760 = LINE('',#3761,#3762);
#3761 = CARTESIAN_POINT('',(136.525,70.986,0.));
#3762 = VECTOR('',#3763,1.);
#3763 = DIRECTION('',(0.,-1.,0.));
#3764 = PLANE('',#3765);
#3765 = AXIS2_PLACEMENT_3D('',#3766,#3767,#3768);
#3766 = CARTESIAN_POINT('',(136.525,70.986,0.));
#3767 = DIRECTION('',(1.,0.,-0.));
#3768 = DIRECTION('',(0.,-1.,0.));
#3769 = ADVANCED_FACE('',(#3770,#3798,#3809,#3820,#3831,#3842,#3853,
    #3864,#3875,#3886,#3897,#3908,#3919,#3930,#3941,#3952,#3963,#3974),
  #3985,.F.);
#3770 = FACE_BOUND('',#3771,.F.);
#3771 = EDGE_LOOP('',(#3772,#3773,#3774,#3783,#3791,#3797));
#3772 = ORIENTED_EDGE('',*,*,#3696,.F.);
#3773 = ORIENTED_EDGE('',*,*,#3728,.F.);
#3774 = ORIENTED_EDGE('',*,*,#3775,.F.);
#3775 = EDGE_CURVE('',#3776,#3712,#3778,.T.);
#3776 = VERTEX_POINT('',#3777);
#3777 = CARTESIAN_POINT('',(98.425,70.986,0.));
#3778 = CIRCLE('',#3779,1.523999093624);
#3779 = AXIS2_PLACEMENT_3D('',#3780,#3781,#3782);
#3780 = CARTESIAN_POINT('',(99.948999093624,70.986000906376,0.));
#3781 = DIRECTION('',(0.,0.,-1.));
#3782 = DIRECTION('',(-1.,-5.947355334494E-07,-0.));
#3783 = ORIENTED_EDGE('',*,*,#3784,.F.);
#3784 = EDGE_CURVE('',#3785,#3776,#3787,.T.);
#3785 = VERTEX_POINT('',#3786);
#3786 = CARTESIAN_POINT('',(98.425,51.555,0.));
#3787 = LINE('',#3788,#3789);
#3788 = CARTESIAN_POINT('',(98.425,51.555,0.));
#3789 = VECTOR('',#3790,1.);
#3790 = DIRECTION('',(0.,1.,0.));
#3791 = ORIENTED_EDGE('',*,*,#3792,.F.);
#3792 = EDGE_CURVE('',#3752,#3785,#3793,.T.);
#3793 = LINE('',#3794,#3795);
#3794 = CARTESIAN_POINT('',(136.525,51.555,0.));
#3795 = VECTOR('',#3796,1.);
#3796 = DIRECTION('',(-1.,0.,0.));
#3797 = ORIENTED_EDGE('',*,*,#3759,.F.);
#3798 = FACE_BOUND('',#3799,.F.);
#3799 = EDGE_LOOP('',(#3800));
#3800 = ORIENTED_EDGE('',*,*,#3801,.T.);
#3801 = EDGE_CURVE('',#3802,#3802,#3804,.T.);
#3802 = VERTEX_POINT('',#3803);
#3803 = CARTESIAN_POINT('',(102.235,57.1684,0.));
#3804 = CIRCLE('',#3805,1.3716);
#3805 = AXIS2_PLACEMENT_3D('',#3806,#3807,#3808);
#3806 = CARTESIAN_POINT('',(102.235,58.54,0.));
#3807 = DIRECTION('',(-0.,0.,-1.));
#3808 = DIRECTION('',(-0.,-1.,0.));
#3809 = FACE_BOUND('',#3810,.F.);
#3810 = EDGE_LOOP('',(#3811));
#3811 = ORIENTED_EDGE('',*,*,#3812,.T.);
#3812 = EDGE_CURVE('',#3813,#3813,#3815,.T.);
#3813 = VERTEX_POINT('',#3814);
#3814 = CARTESIAN_POINT('',(106.045,62.231,0.));
#3815 = CIRCLE('',#3816,0.5);
#3816 = AXIS2_PLACEMENT_3D('',#3817,#3818,#3819);
#3817 = CARTESIAN_POINT('',(106.045,62.731,0.));
#3818 = DIRECTION('',(-0.,0.,-1.));
#3819 = DIRECTION('',(-0.,-1.,0.));
#3820 = FACE_BOUND('',#3821,.F.);
#3821 = EDGE_LOOP('',(#3822));
#3822 = ORIENTED_EDGE('',*,*,#3823,.T.);
#3823 = EDGE_CURVE('',#3824,#3824,#3826,.T.);
#3824 = VERTEX_POINT('',#3825);
#3825 = CARTESIAN_POINT('',(132.715,57.1684,0.));
#3826 = CIRCLE('',#3827,1.3716);
#3827 = AXIS2_PLACEMENT_3D('',#3828,#3829,#3830);
#3828 = CARTESIAN_POINT('',(132.715,58.54,0.));
#3829 = DIRECTION('',(-0.,0.,-1.));
#3830 = DIRECTION('',(-0.,-1.,0.));
#3831 = FACE_BOUND('',#3832,.F.);
#3832 = EDGE_LOOP('',(#3833));
#3833 = ORIENTED_EDGE('',*,*,#3834,.T.);
#3834 = EDGE_CURVE('',#3835,#3835,#3837,.T.);
#3835 = VERTEX_POINT('',#3836);
#3836 = CARTESIAN_POINT('',(128.905,62.231,0.));
#3837 = CIRCLE('',#3838,0.5);
#3838 = AXIS2_PLACEMENT_3D('',#3839,#3840,#3841);
#3839 = CARTESIAN_POINT('',(128.905,62.731,0.));
#3840 = DIRECTION('',(-0.,0.,-1.));
#3841 = DIRECTION('',(-0.,-1.,0.));
#3842 = FACE_BOUND('',#3843,.F.);
#3843 = EDGE_LOOP('',(#3844));
#3844 = ORIENTED_EDGE('',*,*,#3845,.T.);
#3845 = EDGE_CURVE('',#3846,#3846,#3848,.T.);
#3846 = VERTEX_POINT('',#3847);
#3847 = CARTESIAN_POINT('',(106.045,64.771,0.));
#3848 = CIRCLE('',#3849,0.5);
#3849 = AXIS2_PLACEMENT_3D('',#3850,#3851,#3852);
#3850 = CARTESIAN_POINT('',(106.045,65.271,0.));
#3851 = DIRECTION('',(-0.,0.,-1.));
#3852 = DIRECTION('',(-0.,-1.,0.));
#3853 = FACE_BOUND('',#3854,.F.);
#3854 = EDGE_LOOP('',(#3855));
#3855 = ORIENTED_EDGE('',*,*,#3856,.T.);
#3856 = EDGE_CURVE('',#3857,#3857,#3859,.T.);
#3857 = VERTEX_POINT('',#3858);
#3858 = CARTESIAN_POINT('',(106.045,67.311,0.));
#3859 = CIRCLE('',#3860,0.5);
#3860 = AXIS2_PLACEMENT_3D('',#3861,#3862,#3863);
#3861 = CARTESIAN_POINT('',(106.045,67.811,0.));
#3862 = DIRECTION('',(-0.,0.,-1.));
#3863 = DIRECTION('',(-0.,-1.,0.));
#3864 = FACE_BOUND('',#3865,.F.);
#3865 = EDGE_LOOP('',(#3866));
#3866 = ORIENTED_EDGE('',*,*,#3867,.T.);
#3867 = EDGE_CURVE('',#3868,#3868,#3870,.T.);
#3868 = VERTEX_POINT('',#3869);
#3869 = CARTESIAN_POINT('',(114.935005,65.563102,0.));
#3870 = CIRCLE('',#3871,0.5969);
#3871 = AXIS2_PLACEMENT_3D('',#3872,#3873,#3874);
#3872 = CARTESIAN_POINT('',(114.935005,66.160002,0.));
#3873 = DIRECTION('',(-0.,0.,-1.));
#3874 = DIRECTION('',(2.380776464266E-14,-1.,-0.));
#3875 = FACE_BOUND('',#3876,.F.);
#3876 = EDGE_LOOP('',(#3877));
#3877 = ORIENTED_EDGE('',*,*,#3878,.T.);
#3878 = EDGE_CURVE('',#3879,#3879,#3881,.T.);
#3879 = VERTEX_POINT('',#3880);
#3880 = CARTESIAN_POINT('',(106.045,69.851,0.));
#3881 = CIRCLE('',#3882,0.5);
#3882 = AXIS2_PLACEMENT_3D('',#3883,#3884,#3885);
#3883 = CARTESIAN_POINT('',(106.045,70.351,0.));
#3884 = DIRECTION('',(-0.,0.,-1.));
#3885 = DIRECTION('',(-0.,-1.,0.));
#3886 = FACE_BOUND('',#3887,.F.);
#3887 = EDGE_LOOP('',(#3888));
#3888 = ORIENTED_EDGE('',*,*,#3889,.T.);
#3889 = EDGE_CURVE('',#3890,#3890,#3892,.T.);
#3890 = VERTEX_POINT('',#3891);
#3891 = CARTESIAN_POINT('',(111.125,67.9634,0.));
#3892 = CIRCLE('',#3893,1.3716);
#3893 = AXIS2_PLACEMENT_3D('',#3894,#3895,#3896);
#3894 = CARTESIAN_POINT('',(111.125,69.335,0.));
#3895 = DIRECTION('',(-0.,0.,-1.));
#3896 = DIRECTION('',(-0.,-1.,0.));
#3897 = FACE_BOUND('',#3898,.F.);
#3898 = EDGE_LOOP('',(#3899));
#3899 = ORIENTED_EDGE('',*,*,#3900,.T.);
#3900 = EDGE_CURVE('',#3901,#3901,#3903,.T.);
#3901 = VERTEX_POINT('',#3902);
#3902 = CARTESIAN_POINT('',(117.475,68.1031,0.));
#3903 = CIRCLE('',#3904,0.5969);
#3904 = AXIS2_PLACEMENT_3D('',#3905,#3906,#3907);
#3905 = CARTESIAN_POINT('',(117.475,68.7,0.));
#3906 = DIRECTION('',(-0.,0.,-1.));
#3907 = DIRECTION('',(-0.,-1.,0.));
#3908 = FACE_BOUND('',#3909,.F.);
#3909 = EDGE_LOOP('',(#3910));
#3910 = ORIENTED_EDGE('',*,*,#3911,.T.);
#3911 = EDGE_CURVE('',#3912,#3912,#3914,.T.);
#3912 = VERTEX_POINT('',#3913);
#3913 = CARTESIAN_POINT('',(114.935004,70.643105,0.));
#3914 = CIRCLE('',#3915,0.5969);
#3915 = AXIS2_PLACEMENT_3D('',#3916,#3917,#3918);
#3916 = CARTESIAN_POINT('',(114.935004,71.240005,0.));
#3917 = DIRECTION('',(-0.,0.,-1.));
#3918 = DIRECTION('',(2.380776464266E-14,-1.,-0.));
#3919 = FACE_BOUND('',#3920,.F.);
#3920 = EDGE_LOOP('',(#3921));
#3921 = ORIENTED_EDGE('',*,*,#3922,.T.);
#3922 = EDGE_CURVE('',#3923,#3923,#3925,.T.);
#3923 = VERTEX_POINT('',#3924);
#3924 = CARTESIAN_POINT('',(120.015007,65.563103,0.));
#3925 = CIRCLE('',#3926,0.5969);
#3926 = AXIS2_PLACEMENT_3D('',#3927,#3928,#3929);
#3927 = CARTESIAN_POINT('',(120.015007,66.160003,0.));
#3928 = DIRECTION('',(-0.,0.,-1.));
#3929 = DIRECTION('',(-0.,-1.,0.));
#3930 = FACE_BOUND('',#3931,.F.);
#3931 = EDGE_LOOP('',(#3932));
#3932 = ORIENTED_EDGE('',*,*,#3933,.T.);
#3933 = EDGE_CURVE('',#3934,#3934,#3936,.T.);
#3934 = VERTEX_POINT('',#3935);
#3935 = CARTESIAN_POINT('',(128.905,64.771,0.));
#3936 = CIRCLE('',#3937,0.5);
#3937 = AXIS2_PLACEMENT_3D('',#3938,#3939,#3940);
#3938 = CARTESIAN_POINT('',(128.905,65.271,0.));
#3939 = DIRECTION('',(-0.,0.,-1.));
#3940 = DIRECTION('',(-0.,-1.,0.));
#3941 = FACE_BOUND('',#3942,.F.);
#3942 = EDGE_LOOP('',(#3943));
#3943 = ORIENTED_EDGE('',*,*,#3944,.T.);
#3944 = EDGE_CURVE('',#3945,#3945,#3947,.T.);
#3945 = VERTEX_POINT('',#3946);
#3946 = CARTESIAN_POINT('',(128.905,67.311,0.));
#3947 = CIRCLE('',#3948,0.5);
#3948 = AXIS2_PLACEMENT_3D('',#3949,#3950,#3951);
#3949 = CARTESIAN_POINT('',(128.905,67.811,0.));
#3950 = DIRECTION('',(-0.,0.,-1.));
#3951 = DIRECTION('',(-0.,-1.,0.));
#3952 = FACE_BOUND('',#3953,.F.);
#3953 = EDGE_LOOP('',(#3954));
#3954 = ORIENTED_EDGE('',*,*,#3955,.T.);
#3955 = EDGE_CURVE('',#3956,#3956,#3958,.T.);
#3956 = VERTEX_POINT('',#3957);
#3957 = CARTESIAN_POINT('',(123.825,67.9634,0.));
#3958 = CIRCLE('',#3959,1.3716);
#3959 = AXIS2_PLACEMENT_3D('',#3960,#3961,#3962);
#3960 = CARTESIAN_POINT('',(123.825,69.335,0.));
#3961 = DIRECTION('',(-0.,0.,-1.));
#3962 = DIRECTION('',(-0.,-1.,0.));
#3963 = FACE_BOUND('',#3964,.F.);
#3964 = EDGE_LOOP('',(#3965));
#3965 = ORIENTED_EDGE('',*,*,#3966,.T.);
#3966 = EDGE_CURVE('',#3967,#3967,#3969,.T.);
#3967 = VERTEX_POINT('',#3968);
#3968 = CARTESIAN_POINT('',(120.015007,70.643105,0.));
#3969 = CIRCLE('',#3970,0.5969);
#3970 = AXIS2_PLACEMENT_3D('',#3971,#3972,#3973);
#3971 = CARTESIAN_POINT('',(120.015007,71.240005,0.));
#3972 = DIRECTION('',(-0.,0.,-1.));
#3973 = DIRECTION('',(-0.,-1.,0.));
#3974 = FACE_BOUND('',#3975,.F.);
#3975 = EDGE_LOOP('',(#3976));
#3976 = ORIENTED_EDGE('',*,*,#3977,.T.);
#3977 = EDGE_CURVE('',#3978,#3978,#3980,.T.);
#3978 = VERTEX_POINT('',#3979);
#3979 = CARTESIAN_POINT('',(128.905,69.851,0.));
#3980 = CIRCLE('',#3981,0.5);
#3981 = AXIS2_PLACEMENT_3D('',#3982,#3983,#3984);
#3982 = CARTESIAN_POINT('',(128.905,70.351,0.));
#3983 = DIRECTION('',(-0.,0.,-1.));
#3984 = DIRECTION('',(-0.,-1.,0.));
#3985 = PLANE('',#3986);
#3986 = AXIS2_PLACEMENT_3D('',#3987,#3988,#3989);
#3987 = CARTESIAN_POINT('',(0.,0.,0.));
#3988 = DIRECTION('',(0.,0.,1.));
#3989 = DIRECTION('',(1.,0.,-0.));
#3990 = ADVANCED_FACE('',(#3991,#4019,#4030,#4041,#4052,#4063,#4074,
    #4085,#4096,#4107,#4118,#4129,#4140,#4151,#4162,#4173,#4184,#4195),
  #4206,.T.);
#3991 = FACE_BOUND('',#3992,.T.);
#3992 = EDGE_LOOP('',(#3993,#3994,#3995,#4004,#4012,#4018));
#3993 = ORIENTED_EDGE('',*,*,#3679,.F.);
#3994 = ORIENTED_EDGE('',*,*,#3721,.F.);
#3995 = ORIENTED_EDGE('',*,*,#3996,.F.);
#3996 = EDGE_CURVE('',#3997,#3714,#3999,.T.);
#3997 = VERTEX_POINT('',#3998);
#3998 = CARTESIAN_POINT('',(98.425,70.986,0.508));
#3999 = CIRCLE('',#4000,1.523999093624);
#4000 = AXIS2_PLACEMENT_3D('',#4001,#4002,#4003);
#4001 = CARTESIAN_POINT('',(99.948999093624,70.986000906376,0.508));
#4002 = DIRECTION('',(0.,0.,-1.));
#4003 = DIRECTION('',(-1.,-5.947355334494E-07,-0.));
#4004 = ORIENTED_EDGE('',*,*,#4005,.F.);
#4005 = EDGE_CURVE('',#4006,#3997,#4008,.T.);
#4006 = VERTEX_POINT('',#4007);
#4007 = CARTESIAN_POINT('',(98.425,51.555,0.508));
#4008 = LINE('',#4009,#4010);
#4009 = CARTESIAN_POINT('',(98.425,51.555,0.508));
#4010 = VECTOR('',#4011,1.);
#4011 = DIRECTION('',(0.,1.,0.));
#4012 = ORIENTED_EDGE('',*,*,#4013,.F.);
#4013 = EDGE_CURVE('',#3744,#4006,#4014,.T.);
#4014 = LINE('',#4015,#4016);
#4015 = CARTESIAN_POINT('',(136.525,51.555,0.508));
#4016 = VECTOR('',#4017,1.);
#4017 = DIRECTION('',(-1.,0.,0.));
#4018 = ORIENTED_EDGE('',*,*,#3743,.F.);
#4019 = FACE_BOUND('',#4020,.T.);
#4020 = EDGE_LOOP('',(#4021));
#4021 = ORIENTED_EDGE('',*,*,#4022,.T.);
#4022 = EDGE_CURVE('',#4023,#4023,#4025,.T.);
#4023 = VERTEX_POINT('',#4024);
#4024 = CARTESIAN_POINT('',(102.235,57.1684,0.508));
#4025 = CIRCLE('',#4026,1.3716);
#4026 = AXIS2_PLACEMENT_3D('',#4027,#4028,#4029);
#4027 = CARTESIAN_POINT('',(102.235,58.54,0.508));
#4028 = DIRECTION('',(-0.,0.,-1.));
#4029 = DIRECTION('',(-0.,-1.,0.));
#4030 = FACE_BOUND('',#4031,.T.);
#4031 = EDGE_LOOP('',(#4032));
#4032 = ORIENTED_EDGE('',*,*,#4033,.T.);
#4033 = EDGE_CURVE('',#4034,#4034,#4036,.T.);
#4034 = VERTEX_POINT('',#4035);
#4035 = CARTESIAN_POINT('',(106.045,62.231,0.508));
#4036 = CIRCLE('',#4037,0.5);
#4037 = AXIS2_PLACEMENT_3D('',#4038,#4039,#4040);
#4038 = CARTESIAN_POINT('',(106.045,62.731,0.508));
#4039 = DIRECTION('',(-0.,0.,-1.));
#4040 = DIRECTION('',(-0.,-1.,0.));
#4041 = FACE_BOUND('',#4042,.T.);
#4042 = EDGE_LOOP('',(#4043));
#4043 = ORIENTED_EDGE('',*,*,#4044,.T.);
#4044 = EDGE_CURVE('',#4045,#4045,#4047,.T.);
#4045 = VERTEX_POINT('',#4046);
#4046 = CARTESIAN_POINT('',(132.715,57.1684,0.508));
#4047 = CIRCLE('',#4048,1.3716);
#4048 = AXIS2_PLACEMENT_3D('',#4049,#4050,#4051);
#4049 = CARTESIAN_POINT('',(132.715,58.54,0.508));
#4050 = DIRECTION('',(-0.,0.,-1.));
#4051 = DIRECTION('',(-0.,-1.,0.));
#4052 = FACE_BOUND('',#4053,.T.);
#4053 = EDGE_LOOP('',(#4054));
#4054 = ORIENTED_EDGE('',*,*,#4055,.T.);
#4055 = EDGE_CURVE('',#4056,#4056,#4058,.T.);
#4056 = VERTEX_POINT('',#4057);
#4057 = CARTESIAN_POINT('',(128.905,62.231,0.508));
#4058 = CIRCLE('',#4059,0.5);
#4059 = AXIS2_PLACEMENT_3D('',#4060,#4061,#4062);
#4060 = CARTESIAN_POINT('',(128.905,62.731,0.508));
#4061 = DIRECTION('',(-0.,0.,-1.));
#4062 = DIRECTION('',(-0.,-1.,0.));
#4063 = FACE_BOUND('',#4064,.T.);
#4064 = EDGE_LOOP('',(#4065));
#4065 = ORIENTED_EDGE('',*,*,#4066,.T.);
#4066 = EDGE_CURVE('',#4067,#4067,#4069,.T.);
#4067 = VERTEX_POINT('',#4068);
#4068 = CARTESIAN_POINT('',(106.045,64.771,0.508));
#4069 = CIRCLE('',#4070,0.5);
#4070 = AXIS2_PLACEMENT_3D('',#4071,#4072,#4073);
#4071 = CARTESIAN_POINT('',(106.045,65.271,0.508));
#4072 = DIRECTION('',(-0.,0.,-1.));
#4073 = DIRECTION('',(-0.,-1.,0.));
#4074 = FACE_BOUND('',#4075,.T.);
#4075 = EDGE_LOOP('',(#4076));
#4076 = ORIENTED_EDGE('',*,*,#4077,.T.);
#4077 = EDGE_CURVE('',#4078,#4078,#4080,.T.);
#4078 = VERTEX_POINT('',#4079);
#4079 = CARTESIAN_POINT('',(106.045,67.311,0.508));
#4080 = CIRCLE('',#4081,0.5);
#4081 = AXIS2_PLACEMENT_3D('',#4082,#4083,#4084);
#4082 = CARTESIAN_POINT('',(106.045,67.811,0.508));
#4083 = DIRECTION('',(-0.,0.,-1.));
#4084 = DIRECTION('',(-0.,-1.,0.));
#4085 = FACE_BOUND('',#4086,.T.);
#4086 = EDGE_LOOP('',(#4087));
#4087 = ORIENTED_EDGE('',*,*,#4088,.T.);
#4088 = EDGE_CURVE('',#4089,#4089,#4091,.T.);
#4089 = VERTEX_POINT('',#4090);
#4090 = CARTESIAN_POINT('',(114.935005,65.563102,0.508));
#4091 = CIRCLE('',#4092,0.5969);
#4092 = AXIS2_PLACEMENT_3D('',#4093,#4094,#4095);
#4093 = CARTESIAN_POINT('',(114.935005,66.160002,0.508));
#4094 = DIRECTION('',(-0.,0.,-1.));
#4095 = DIRECTION('',(2.380776464266E-14,-1.,-0.));
#4096 = FACE_BOUND('',#4097,.T.);
#4097 = EDGE_LOOP('',(#4098));
#4098 = ORIENTED_EDGE('',*,*,#4099,.T.);
#4099 = EDGE_CURVE('',#4100,#4100,#4102,.T.);
#4100 = VERTEX_POINT('',#4101);
#4101 = CARTESIAN_POINT('',(106.045,69.851,0.508));
#4102 = CIRCLE('',#4103,0.5);
#4103 = AXIS2_PLACEMENT_3D('',#4104,#4105,#4106);
#4104 = CARTESIAN_POINT('',(106.045,70.351,0.508));
#4105 = DIRECTION('',(-0.,0.,-1.));
#4106 = DIRECTION('',(-0.,-1.,0.));
#4107 = FACE_BOUND('',#4108,.T.);
#4108 = EDGE_LOOP('',(#4109));
#4109 = ORIENTED_EDGE('',*,*,#4110,.T.);
#4110 = EDGE_CURVE('',#4111,#4111,#4113,.T.);
#4111 = VERTEX_POINT('',#4112);
#4112 = CARTESIAN_POINT('',(111.125,67.9634,0.508));
#4113 = CIRCLE('',#4114,1.3716);
#4114 = AXIS2_PLACEMENT_3D('',#4115,#4116,#4117);
#4115 = CARTESIAN_POINT('',(111.125,69.335,0.508));
#4116 = DIRECTION('',(-0.,0.,-1.));
#4117 = DIRECTION('',(-0.,-1.,0.));
#4118 = FACE_BOUND('',#4119,.T.);
#4119 = EDGE_LOOP('',(#4120));
#4120 = ORIENTED_EDGE('',*,*,#4121,.T.);
#4121 = EDGE_CURVE('',#4122,#4122,#4124,.T.);
#4122 = VERTEX_POINT('',#4123);
#4123 = CARTESIAN_POINT('',(117.475,68.1031,0.508));
#4124 = CIRCLE('',#4125,0.5969);
#4125 = AXIS2_PLACEMENT_3D('',#4126,#4127,#4128);
#4126 = CARTESIAN_POINT('',(117.475,68.7,0.508));
#4127 = DIRECTION('',(-0.,0.,-1.));
#4128 = DIRECTION('',(-0.,-1.,0.));
#4129 = FACE_BOUND('',#4130,.T.);
#4130 = EDGE_LOOP('',(#4131));
#4131 = ORIENTED_EDGE('',*,*,#4132,.T.);
#4132 = EDGE_CURVE('',#4133,#4133,#4135,.T.);
#4133 = VERTEX_POINT('',#4134);
#4134 = CARTESIAN_POINT('',(114.935004,70.643105,0.508));
#4135 = CIRCLE('',#4136,0.5969);
#4136 = AXIS2_PLACEMENT_3D('',#4137,#4138,#4139);
#4137 = CARTESIAN_POINT('',(114.935004,71.240005,0.508));
#4138 = DIRECTION('',(-0.,0.,-1.));
#4139 = DIRECTION('',(2.380776464266E-14,-1.,-0.));
#4140 = FACE_BOUND('',#4141,.T.);
#4141 = EDGE_LOOP('',(#4142));
#4142 = ORIENTED_EDGE('',*,*,#4143,.T.);
#4143 = EDGE_CURVE('',#4144,#4144,#4146,.T.);
#4144 = VERTEX_POINT('',#4145);
#4145 = CARTESIAN_POINT('',(120.015007,65.563103,0.508));
#4146 = CIRCLE('',#4147,0.5969);
#4147 = AXIS2_PLACEMENT_3D('',#4148,#4149,#4150);
#4148 = CARTESIAN_POINT('',(120.015007,66.160003,0.508));
#4149 = DIRECTION('',(-0.,0.,-1.));
#4150 = DIRECTION('',(-0.,-1.,0.));
#4151 = FACE_BOUND('',#4152,.T.);
#4152 = EDGE_LOOP('',(#4153));
#4153 = ORIENTED_EDGE('',*,*,#4154,.T.);
#4154 = EDGE_CURVE('',#4155,#4155,#4157,.T.);
#4155 = VERTEX_POINT('',#4156);
#4156 = CARTESIAN_POINT('',(128.905,64.771,0.508));
#4157 = CIRCLE('',#4158,0.5);
#4158 = AXIS2_PLACEMENT_3D('',#4159,#4160,#4161);
#4159 = CARTESIAN_POINT('',(128.905,65.271,0.508));
#4160 = DIRECTION('',(-0.,0.,-1.));
#4161 = DIRECTION('',(-0.,-1.,0.));
#4162 = FACE_BOUND('',#4163,.T.);
#4163 = EDGE_LOOP('',(#4164));
#4164 = ORIENTED_EDGE('',*,*,#4165,.T.);
#4165 = EDGE_CURVE('',#4166,#4166,#4168,.T.);
#4166 = VERTEX_POINT('',#4167);
#4167 = CARTESIAN_POINT('',(128.905,67.311,0.508));
#4168 = CIRCLE('',#4169,0.5);
#4169 = AXIS2_PLACEMENT_3D('',#4170,#4171,#4172);
#4170 = CARTESIAN_POINT('',(128.905,67.811,0.508));
#4171 = DIRECTION('',(-0.,0.,-1.));
#4172 = DIRECTION('',(-0.,-1.,0.));
#4173 = FACE_BOUND('',#4174,.T.);
#4174 = EDGE_LOOP('',(#4175));
#4175 = ORIENTED_EDGE('',*,*,#4176,.T.);
#4176 = EDGE_CURVE('',#4177,#4177,#4179,.T.);
#4177 = VERTEX_POINT('',#4178);
#4178 = CARTESIAN_POINT('',(123.825,67.9634,0.508));
#4179 = CIRCLE('',#4180,1.3716);
#4180 = AXIS2_PLACEMENT_3D('',#4181,#4182,#4183);
#4181 = CARTESIAN_POINT('',(123.825,69.335,0.508));
#4182 = DIRECTION('',(-0.,0.,-1.));
#4183 = DIRECTION('',(-0.,-1.,0.));
#4184 = FACE_BOUND('',#4185,.T.);
#4185 = EDGE_LOOP('',(#4186));
#4186 = ORIENTED_EDGE('',*,*,#4187,.T.);
#4187 = EDGE_CURVE('',#4188,#4188,#4190,.T.);
#4188 = VERTEX_POINT('',#4189);
#4189 = CARTESIAN_POINT('',(120.015007,70.643105,0.508));
#4190 = CIRCLE('',#4191,0.5969);
#4191 = AXIS2_PLACEMENT_3D('',#4192,#4193,#4194);
#4192 = CARTESIAN_POINT('',(120.015007,71.240005,0.508));
#4193 = DIRECTION('',(-0.,0.,-1.));
#4194 = DIRECTION('',(-0.,-1.,0.));
#4195 = FACE_BOUND('',#4196,.T.);
#4196 = EDGE_LOOP('',(#4197));
#4197 = ORIENTED_EDGE('',*,*,#4198,.T.);
#4198 = EDGE_CURVE('',#4199,#4199,#4201,.T.);
#4199 = VERTEX_POINT('',#4200);
#4200 = CARTESIAN_POINT('',(128.905,69.851,0.508));
#4201 = CIRCLE('',#4202,0.5);
#4202 = AXIS2_PLACEMENT_3D('',#4203,#4204,#4205);
#4203 = CARTESIAN_POINT('',(128.905,70.351,0.508));
#4204 = DIRECTION('',(-0.,0.,-1.));
#4205 = DIRECTION('',(-0.,-1.,0.));
#4206 = PLANE('',#4207);
#4207 = AXIS2_PLACEMENT_3D('',#4208,#4209,#4210);
#4208 = CARTESIAN_POINT('',(0.,0.,0.508));
#4209 = DIRECTION('',(0.,0.,1.));
#4210 = DIRECTION('',(1.,0.,-0.));
#4211 = ADVANCED_FACE('',(#4212),#4223,.T.);
#4212 = FACE_BOUND('',#4213,.T.);
#4213 = EDGE_LOOP('',(#4214,#4220,#4221,#4222));
#4214 = ORIENTED_EDGE('',*,*,#4215,.T.);
#4215 = EDGE_CURVE('',#3776,#3997,#4216,.T.);
#4216 = LINE('',#4217,#4218);
#4217 = CARTESIAN_POINT('',(98.425,70.986,0.));
#4218 = VECTOR('',#4219,1.);
#4219 = DIRECTION('',(0.,0.,1.));
#4220 = ORIENTED_EDGE('',*,*,#3996,.T.);
#4221 = ORIENTED_EDGE('',*,*,#3711,.F.);
#4222 = ORIENTED_EDGE('',*,*,#3775,.F.);
#4223 = CYLINDRICAL_SURFACE('',#4224,1.523999093624);
#4224 = AXIS2_PLACEMENT_3D('',#4225,#4226,#4227);
#4225 = CARTESIAN_POINT('',(99.948999093624,70.986000906376,0.));
#4226 = DIRECTION('',(0.,0.,-1.));
#4227 = DIRECTION('',(-1.,-5.947355334494E-07,-0.));
#4228 = ADVANCED_FACE('',(#4229),#4240,.T.);
#4229 = FACE_BOUND('',#4230,.T.);
#4230 = EDGE_LOOP('',(#4231,#4232,#4233,#4239));
#4231 = ORIENTED_EDGE('',*,*,#3751,.T.);
#4232 = ORIENTED_EDGE('',*,*,#4013,.T.);
#4233 = ORIENTED_EDGE('',*,*,#4234,.F.);
#4234 = EDGE_CURVE('',#3785,#4006,#4235,.T.);
#4235 = LINE('',#4236,#4237);
#4236 = CARTESIAN_POINT('',(98.425,51.555,0.));
#4237 = VECTOR('',#4238,1.);
#4238 = DIRECTION('',(0.,0.,1.));
#4239 = ORIENTED_EDGE('',*,*,#3792,.F.);
#4240 = PLANE('',#4241);
#4241 = AXIS2_PLACEMENT_3D('',#4242,#4243,#4244);
#4242 = CARTESIAN_POINT('',(136.525,51.555,0.));
#4243 = DIRECTION('',(0.,-1.,0.));
#4244 = DIRECTION('',(-1.,0.,0.));
#4245 = ADVANCED_FACE('',(#4246),#4252,.T.);
#4246 = FACE_BOUND('',#4247,.T.);
#4247 = EDGE_LOOP('',(#4248,#4249,#4250,#4251));
#4248 = ORIENTED_EDGE('',*,*,#4234,.T.);
#4249 = ORIENTED_EDGE('',*,*,#4005,.T.);
#4250 = ORIENTED_EDGE('',*,*,#4215,.F.);
#4251 = ORIENTED_EDGE('',*,*,#3784,.F.);
#4252 = PLANE('',#4253);
#4253 = AXIS2_PLACEMENT_3D('',#4254,#4255,#4256);
#4254 = CARTESIAN_POINT('',(98.425,51.555,0.));
#4255 = DIRECTION('',(-1.,0.,0.));
#4256 = DIRECTION('',(0.,1.,0.));
#4257 = ADVANCED_FACE('',(#4258),#4269,.F.);
#4258 = FACE_BOUND('',#4259,.T.);
#4259 = EDGE_LOOP('',(#4260,#4261,#4267,#4268));
#4260 = ORIENTED_EDGE('',*,*,#3801,.T.);
#4261 = ORIENTED_EDGE('',*,*,#4262,.T.);
#4262 = EDGE_CURVE('',#3802,#4023,#4263,.T.);
#4263 = LINE('',#4264,#4265);
#4264 = CARTESIAN_POINT('',(102.235,57.1684,-4.6E-02));
#4265 = VECTOR('',#4266,1.);
#4266 = DIRECTION('',(0.,0.,1.));
#4267 = ORIENTED_EDGE('',*,*,#4022,.F.);
#4268 = ORIENTED_EDGE('',*,*,#4262,.F.);
#4269 = CYLINDRICAL_SURFACE('',#4270,1.3716);
#4270 = AXIS2_PLACEMENT_3D('',#4271,#4272,#4273);
#4271 = CARTESIAN_POINT('',(102.235,58.54,-4.6E-02));
#4272 = DIRECTION('',(-0.,-0.,-1.));
#4273 = DIRECTION('',(-0.,-1.,0.));
#4274 = ADVANCED_FACE('',(#4275),#4286,.F.);
#4275 = FACE_BOUND('',#4276,.T.);
#4276 = EDGE_LOOP('',(#4277,#4278,#4284,#4285));
#4277 = ORIENTED_EDGE('',*,*,#3812,.T.);
#4278 = ORIENTED_EDGE('',*,*,#4279,.T.);
#4279 = EDGE_CURVE('',#3813,#4034,#4280,.T.);
#4280 = LINE('',#4281,#4282);
#4281 = CARTESIAN_POINT('',(106.045,62.231,-4.6E-02));
#4282 = VECTOR('',#4283,1.);
#4283 = DIRECTION('',(0.,0.,1.));
#4284 = ORIENTED_EDGE('',*,*,#4033,.F.);
#4285 = ORIENTED_EDGE('',*,*,#4279,.F.);
#4286 = CYLINDRICAL_SURFACE('',#4287,0.5);
#4287 = AXIS2_PLACEMENT_3D('',#4288,#4289,#4290);
#4288 = CARTESIAN_POINT('',(106.045,62.731,-4.6E-02));
#4289 = DIRECTION('',(-0.,-0.,-1.));
#4290 = DIRECTION('',(-0.,-1.,0.));
#4291 = ADVANCED_FACE('',(#4292),#4303,.F.);
#4292 = FACE_BOUND('',#4293,.T.);
#4293 = EDGE_LOOP('',(#4294,#4295,#4301,#4302));
#4294 = ORIENTED_EDGE('',*,*,#3823,.T.);
#4295 = ORIENTED_EDGE('',*,*,#4296,.T.);
#4296 = EDGE_CURVE('',#3824,#4045,#4297,.T.);
#4297 = LINE('',#4298,#4299);
#4298 = CARTESIAN_POINT('',(132.715,57.1684,-4.6E-02));
#4299 = VECTOR('',#4300,1.);
#4300 = DIRECTION('',(0.,0.,1.));
#4301 = ORIENTED_EDGE('',*,*,#4044,.F.);
#4302 = ORIENTED_EDGE('',*,*,#4296,.F.);
#4303 = CYLINDRICAL_SURFACE('',#4304,1.3716);
#4304 = AXIS2_PLACEMENT_3D('',#4305,#4306,#4307);
#4305 = CARTESIAN_POINT('',(132.715,58.54,-4.6E-02));
#4306 = DIRECTION('',(-0.,-0.,-1.));
#4307 = DIRECTION('',(-0.,-1.,0.));
#4308 = ADVANCED_FACE('',(#4309),#4320,.F.);
#4309 = FACE_BOUND('',#4310,.T.);
#4310 = EDGE_LOOP('',(#4311,#4312,#4318,#4319));
#4311 = ORIENTED_EDGE('',*,*,#3834,.T.);
#4312 = ORIENTED_EDGE('',*,*,#4313,.T.);
#4313 = EDGE_CURVE('',#3835,#4056,#4314,.T.);
#4314 = LINE('',#4315,#4316);
#4315 = CARTESIAN_POINT('',(128.905,62.231,-4.6E-02));
#4316 = VECTOR('',#4317,1.);
#4317 = DIRECTION('',(0.,0.,1.));
#4318 = ORIENTED_EDGE('',*,*,#4055,.F.);
#4319 = ORIENTED_EDGE('',*,*,#4313,.F.);
#4320 = CYLINDRICAL_SURFACE('',#4321,0.5);
#4321 = AXIS2_PLACEMENT_3D('',#4322,#4323,#4324);
#4322 = CARTESIAN_POINT('',(128.905,62.731,-4.6E-02));
#4323 = DIRECTION('',(-0.,-0.,-1.));
#4324 = DIRECTION('',(-0.,-1.,0.));
#4325 = ADVANCED_FACE('',(#4326),#4337,.F.);
#4326 = FACE_BOUND('',#4327,.T.);
#4327 = EDGE_LOOP('',(#4328,#4329,#4335,#4336));
#4328 = ORIENTED_EDGE('',*,*,#3845,.T.);
#4329 = ORIENTED_EDGE('',*,*,#4330,.T.);
#4330 = EDGE_CURVE('',#3846,#4067,#4331,.T.);
#4331 = LINE('',#4332,#4333);
#4332 = CARTESIAN_POINT('',(106.045,64.771,-4.6E-02));
#4333 = VECTOR('',#4334,1.);
#4334 = DIRECTION('',(0.,0.,1.));
#4335 = ORIENTED_EDGE('',*,*,#4066,.F.);
#4336 = ORIENTED_EDGE('',*,*,#4330,.F.);
#4337 = CYLINDRICAL_SURFACE('',#4338,0.5);
#4338 = AXIS2_PLACEMENT_3D('',#4339,#4340,#4341);
#4339 = CARTESIAN_POINT('',(106.045,65.271,-4.6E-02));
#4340 = DIRECTION('',(-0.,-0.,-1.));
#4341 = DIRECTION('',(-0.,-1.,0.));
#4342 = ADVANCED_FACE('',(#4343),#4354,.F.);
#4343 = FACE_BOUND('',#4344,.T.);
#4344 = EDGE_LOOP('',(#4345,#4346,#4352,#4353));
#4345 = ORIENTED_EDGE('',*,*,#3856,.T.);
#4346 = ORIENTED_EDGE('',*,*,#4347,.T.);
#4347 = EDGE_CURVE('',#3857,#4078,#4348,.T.);
#4348 = LINE('',#4349,#4350);
#4349 = CARTESIAN_POINT('',(106.045,67.311,-4.6E-02));
#4350 = VECTOR('',#4351,1.);
#4351 = DIRECTION('',(0.,0.,1.));
#4352 = ORIENTED_EDGE('',*,*,#4077,.F.);
#4353 = ORIENTED_EDGE('',*,*,#4347,.F.);
#4354 = CYLINDRICAL_SURFACE('',#4355,0.5);
#4355 = AXIS2_PLACEMENT_3D('',#4356,#4357,#4358);
#4356 = CARTESIAN_POINT('',(106.045,67.811,-4.6E-02));
#4357 = DIRECTION('',(-0.,-0.,-1.));
#4358 = DIRECTION('',(-0.,-1.,0.));
#4359 = ADVANCED_FACE('',(#4360),#4371,.F.);
#4360 = FACE_BOUND('',#4361,.T.);
#4361 = EDGE_LOOP('',(#4362,#4363,#4369,#4370));
#4362 = ORIENTED_EDGE('',*,*,#3867,.T.);
#4363 = ORIENTED_EDGE('',*,*,#4364,.T.);
#4364 = EDGE_CURVE('',#3868,#4089,#4365,.T.);
#4365 = LINE('',#4366,#4367);
#4366 = CARTESIAN_POINT('',(114.935005,65.563102,-4.6E-02));
#4367 = VECTOR('',#4368,1.);
#4368 = DIRECTION('',(0.,0.,1.));
#4369 = ORIENTED_EDGE('',*,*,#4088,.F.);
#4370 = ORIENTED_EDGE('',*,*,#4364,.F.);
#4371 = CYLINDRICAL_SURFACE('',#4372,0.5969);
#4372 = AXIS2_PLACEMENT_3D('',#4373,#4374,#4375);
#4373 = CARTESIAN_POINT('',(114.935005,66.160002,-4.6E-02));
#4374 = DIRECTION('',(-0.,0.,-1.));
#4375 = DIRECTION('',(2.380776464266E-14,-1.,-0.));
#4376 = ADVANCED_FACE('',(#4377),#4388,.F.);
#4377 = FACE_BOUND('',#4378,.T.);
#4378 = EDGE_LOOP('',(#4379,#4380,#4386,#4387));
#4379 = ORIENTED_EDGE('',*,*,#3878,.T.);
#4380 = ORIENTED_EDGE('',*,*,#4381,.T.);
#4381 = EDGE_CURVE('',#3879,#4100,#4382,.T.);
#4382 = LINE('',#4383,#4384);
#4383 = CARTESIAN_POINT('',(106.045,69.851,-4.6E-02));
#4384 = VECTOR('',#4385,1.);
#4385 = DIRECTION('',(0.,0.,1.));
#4386 = ORIENTED_EDGE('',*,*,#4099,.F.);
#4387 = ORIENTED_EDGE('',*,*,#4381,.F.);
#4388 = CYLINDRICAL_SURFACE('',#4389,0.5);
#4389 = AXIS2_PLACEMENT_3D('',#4390,#4391,#4392);
#4390 = CARTESIAN_POINT('',(106.045,70.351,-4.6E-02));
#4391 = DIRECTION('',(-0.,-0.,-1.));
#4392 = DIRECTION('',(-0.,-1.,0.));
#4393 = ADVANCED_FACE('',(#4394),#4405,.F.);
#4394 = FACE_BOUND('',#4395,.T.);
#4395 = EDGE_LOOP('',(#4396,#4397,#4403,#4404));
#4396 = ORIENTED_EDGE('',*,*,#3889,.T.);
#4397 = ORIENTED_EDGE('',*,*,#4398,.T.);
#4398 = EDGE_CURVE('',#3890,#4111,#4399,.T.);
#4399 = LINE('',#4400,#4401);
#4400 = CARTESIAN_POINT('',(111.125,67.9634,-4.6E-02));
#4401 = VECTOR('',#4402,1.);
#4402 = DIRECTION('',(0.,0.,1.));
#4403 = ORIENTED_EDGE('',*,*,#4110,.F.);
#4404 = ORIENTED_EDGE('',*,*,#4398,.F.);
#4405 = CYLINDRICAL_SURFACE('',#4406,1.3716);
#4406 = AXIS2_PLACEMENT_3D('',#4407,#4408,#4409);
#4407 = CARTESIAN_POINT('',(111.125,69.335,-4.6E-02));
#4408 = DIRECTION('',(-0.,-0.,-1.));
#4409 = DIRECTION('',(-0.,-1.,0.));
#4410 = ADVANCED_FACE('',(#4411),#4422,.F.);
#4411 = FACE_BOUND('',#4412,.T.);
#4412 = EDGE_LOOP('',(#4413,#4414,#4420,#4421));
#4413 = ORIENTED_EDGE('',*,*,#3900,.T.);
#4414 = ORIENTED_EDGE('',*,*,#4415,.T.);
#4415 = EDGE_CURVE('',#3901,#4122,#4416,.T.);
#4416 = LINE('',#4417,#4418);
#4417 = CARTESIAN_POINT('',(117.475,68.1031,-4.6E-02));
#4418 = VECTOR('',#4419,1.);
#4419 = DIRECTION('',(0.,0.,1.));
#4420 = ORIENTED_EDGE('',*,*,#4121,.F.);
#4421 = ORIENTED_EDGE('',*,*,#4415,.F.);
#4422 = CYLINDRICAL_SURFACE('',#4423,0.5969);
#4423 = AXIS2_PLACEMENT_3D('',#4424,#4425,#4426);
#4424 = CARTESIAN_POINT('',(117.475,68.7,-4.6E-02));
#4425 = DIRECTION('',(-0.,-0.,-1.));
#4426 = DIRECTION('',(-0.,-1.,0.));
#4427 = ADVANCED_FACE('',(#4428),#4439,.F.);
#4428 = FACE_BOUND('',#4429,.T.);
#4429 = EDGE_LOOP('',(#4430,#4431,#4437,#4438));
#4430 = ORIENTED_EDGE('',*,*,#3911,.T.);
#4431 = ORIENTED_EDGE('',*,*,#4432,.T.);
#4432 = EDGE_CURVE('',#3912,#4133,#4433,.T.);
#4433 = LINE('',#4434,#4435);
#4434 = CARTESIAN_POINT('',(114.935004,70.643105,-4.6E-02));
#4435 = VECTOR('',#4436,1.);
#4436 = DIRECTION('',(0.,0.,1.));
#4437 = ORIENTED_EDGE('',*,*,#4132,.F.);
#4438 = ORIENTED_EDGE('',*,*,#4432,.F.);
#4439 = CYLINDRICAL_SURFACE('',#4440,0.5969);
#4440 = AXIS2_PLACEMENT_3D('',#4441,#4442,#4443);
#4441 = CARTESIAN_POINT('',(114.935004,71.240005,-4.6E-02));
#4442 = DIRECTION('',(-0.,0.,-1.));
#4443 = DIRECTION('',(2.380776464266E-14,-1.,-0.));
#4444 = ADVANCED_FACE('',(#4445),#4456,.F.);
#4445 = FACE_BOUND('',#4446,.T.);
#4446 = EDGE_LOOP('',(#4447,#4448,#4454,#4455));
#4447 = ORIENTED_EDGE('',*,*,#3922,.T.);
#4448 = ORIENTED_EDGE('',*,*,#4449,.T.);
#4449 = EDGE_CURVE('',#3923,#4144,#4450,.T.);
#4450 = LINE('',#4451,#4452);
#4451 = CARTESIAN_POINT('',(120.015007,65.563103,-4.6E-02));
#4452 = VECTOR('',#4453,1.);
#4453 = DIRECTION('',(0.,0.,1.));
#4454 = ORIENTED_EDGE('',*,*,#4143,.F.);
#4455 = ORIENTED_EDGE('',*,*,#4449,.F.);
#4456 = CYLINDRICAL_SURFACE('',#4457,0.5969);
#4457 = AXIS2_PLACEMENT_3D('',#4458,#4459,#4460);
#4458 = CARTESIAN_POINT('',(120.015007,66.160003,-4.6E-02));
#4459 = DIRECTION('',(-0.,-0.,-1.));
#4460 = DIRECTION('',(-0.,-1.,0.));
#4461 = ADVANCED_FACE('',(#4462),#4473,.F.);
#4462 = FACE_BOUND('',#4463,.T.);
#4463 = EDGE_LOOP('',(#4464,#4465,#4471,#4472));
#4464 = ORIENTED_EDGE('',*,*,#3933,.T.);
#4465 = ORIENTED_EDGE('',*,*,#4466,.T.);
#4466 = EDGE_CURVE('',#3934,#4155,#4467,.T.);
#4467 = LINE('',#4468,#4469);
#4468 = CARTESIAN_POINT('',(128.905,64.771,-4.6E-02));
#4469 = VECTOR('',#4470,1.);
#4470 = DIRECTION('',(0.,0.,1.));
#4471 = ORIENTED_EDGE('',*,*,#4154,.F.);
#4472 = ORIENTED_EDGE('',*,*,#4466,.F.);
#4473 = CYLINDRICAL_SURFACE('',#4474,0.5);
#4474 = AXIS2_PLACEMENT_3D('',#4475,#4476,#4477);
#4475 = CARTESIAN_POINT('',(128.905,65.271,-4.6E-02));
#4476 = DIRECTION('',(-0.,-0.,-1.));
#4477 = DIRECTION('',(-0.,-1.,0.));
#4478 = ADVANCED_FACE('',(#4479),#4490,.F.);
#4479 = FACE_BOUND('',#4480,.T.);
#4480 = EDGE_LOOP('',(#4481,#4482,#4488,#4489));
#4481 = ORIENTED_EDGE('',*,*,#3944,.T.);
#4482 = ORIENTED_EDGE('',*,*,#4483,.T.);
#4483 = EDGE_CURVE('',#3945,#4166,#4484,.T.);
#4484 = LINE('',#4485,#4486);
#4485 = CARTESIAN_POINT('',(128.905,67.311,-4.6E-02));
#4486 = VECTOR('',#4487,1.);
#4487 = DIRECTION('',(0.,0.,1.));
#4488 = ORIENTED_EDGE('',*,*,#4165,.F.);
#4489 = ORIENTED_EDGE('',*,*,#4483,.F.);
#4490 = CYLINDRICAL_SURFACE('',#4491,0.5);
#4491 = AXIS2_PLACEMENT_3D('',#4492,#4493,#4494);
#4492 = CARTESIAN_POINT('',(128.905,67.811,-4.6E-02));
#4493 = DIRECTION('',(-0.,-0.,-1.));
#4494 = DIRECTION('',(-0.,-1.,0.));
#4495 = ADVANCED_FACE('',(#4496),#4507,.F.);
#4496 = FACE_BOUND('',#4497,.T.);
#4497 = EDGE_LOOP('',(#4498,#4499,#4505,#4506));
#4498 = ORIENTED_EDGE('',*,*,#3955,.T.);
#4499 = ORIENTED_EDGE('',*,*,#4500,.T.);
#4500 = EDGE_CURVE('',#3956,#4177,#4501,.T.);
#4501 = LINE('',#4502,#4503);
#4502 = CARTESIAN_POINT('',(123.825,67.9634,-4.6E-02));
#4503 = VECTOR('',#4504,1.);
#4504 = DIRECTION('',(0.,0.,1.));
#4505 = ORIENTED_EDGE('',*,*,#4176,.F.);
#4506 = ORIENTED_EDGE('',*,*,#4500,.F.);
#4507 = CYLINDRICAL_SURFACE('',#4508,1.3716);
#4508 = AXIS2_PLACEMENT_3D('',#4509,#4510,#4511);
#4509 = CARTESIAN_POINT('',(123.825,69.335,-4.6E-02));
#4510 = DIRECTION('',(-0.,-0.,-1.));
#4511 = DIRECTION('',(-0.,-1.,0.));
#4512 = ADVANCED_FACE('',(#4513),#4524,.F.);
#4513 = FACE_BOUND('',#4514,.T.);
#4514 = EDGE_LOOP('',(#4515,#4516,#4522,#4523));
#4515 = ORIENTED_EDGE('',*,*,#3966,.T.);
#4516 = ORIENTED_EDGE('',*,*,#4517,.T.);
#4517 = EDGE_CURVE('',#3967,#4188,#4518,.T.);
#4518 = LINE('',#4519,#4520);
#4519 = CARTESIAN_POINT('',(120.015007,70.643105,-4.6E-02));
#4520 = VECTOR('',#4521,1.);
#4521 = DIRECTION('',(0.,0.,1.));
#4522 = ORIENTED_EDGE('',*,*,#4187,.F.);
#4523 = ORIENTED_EDGE('',*,*,#4517,.F.);
#4524 = CYLINDRICAL_SURFACE('',#4525,0.5969);
#4525 = AXIS2_PLACEMENT_3D('',#4526,#4527,#4528);
#4526 = CARTESIAN_POINT('',(120.015007,71.240005,-4.6E-02));
#4527 = DIRECTION('',(-0.,-0.,-1.));
#4528 = DIRECTION('',(-0.,-1.,0.));
#4529 = ADVANCED_FACE('',(#4530),#4541,.F.);
#4530 = FACE_BOUND('',#4531,.T.);
#4531 = EDGE_LOOP('',(#4532,#4533,#4539,#4540));
#4532 = ORIENTED_EDGE('',*,*,#3977,.T.);
#4533 = ORIENTED_EDGE('',*,*,#4534,.T.);
#4534 = EDGE_CURVE('',#3978,#4199,#4535,.T.);
#4535 = LINE('',#4536,#4537);
#4536 = CARTESIAN_POINT('',(128.905,69.851,-4.6E-02));
#4537 = VECTOR('',#4538,1.);
#4538 = DIRECTION('',(0.,0.,1.));
#4539 = ORIENTED_EDGE('',*,*,#4198,.F.);
#4540 = ORIENTED_EDGE('',*,*,#4534,.F.);
#4541 = CYLINDRICAL_SURFACE('',#4542,0.5);
#4542 = AXIS2_PLACEMENT_3D('',#4543,#4544,#4545);
#4543 = CARTESIAN_POINT('',(128.905,70.351,-4.6E-02));
#4544 = DIRECTION('',(-0.,-0.,-1.));
#4545 = DIRECTION('',(-0.,-1.,0.));
#4546 = ( GEOMETRIC_REPRESENTATION_CONTEXT(3) 
GLOBAL_UNCERTAINTY_ASSIGNED_CONTEXT((#4550)) 
GLOBAL_UNIT_ASSIGNED_CONTEXT((#4547,#4548,#4549)) REPRESENTATION_CONTEXT
('Context #1','3D Context with UNIT and UNCERTAINTY') );
#4547 = ( LENGTH_UNIT() NAMED_UNIT(*) SI_UNIT(.MILLI.,.METRE.) );
#4548 = ( NAMED_UNIT(*) PLANE_ANGLE_UNIT() SI_UNIT($,.RADIAN.) );
#4549 = ( NAMED_UNIT(*) SI_UNIT($,.STERADIAN.) SOLID_ANGLE_UNIT() );
#4550 = UNCERTAINTY_MEASURE_WITH_UNIT(LENGTH_MEASURE(1.E-07),#4547,
  'distance_accuracy_value','confusion accuracy');
#4551 = CONTEXT_DEPENDENT_SHAPE_REPRESENTATION(#4552,#4554);
#4552 = ( REPRESENTATION_RELATIONSHIP('','',#3662,#10) 
REPRESENTATION_RELATIONSHIP_WITH_TRANSFORMATION(#4553) 
SHAPE_REPRESENTATION_RELATIONSHIP() );
#4553 = ITEM_DEFINED_TRANSFORMATION('','',#11,#23);
#4554 = PRODUCT_DEFINITION_SHAPE('Placement','Placement of an item',
  #4555);
#4555 = NEXT_ASSEMBLY_USAGE_OCCURRENCE('3','=>[0:1:1:4]','',#5,#3657,$);
#4556 = PRODUCT_RELATED_PRODUCT_CATEGORY('part',$,(#3659));
#4557 = MECHANICAL_DESIGN_GEOMETRIC_PRESENTATION_REPRESENTATION('',(
    #4558),#3644);
#4558 = STYLED_ITEM('color',(#4559),#850);
#4559 = PRESENTATION_STYLE_ASSIGNMENT((#4560));
#4560 = SURFACE_STYLE_USAGE(.BOTH.,#4561);
#4561 = SURFACE_SIDE_STYLE('',(#4562));
#4562 = SURFACE_STYLE_FILL_AREA(#4563);
#4563 = FILL_AREA_STYLE('',(#4564));
#4564 = FILL_AREA_STYLE_COLOUR('',#4565);
#4565 = COLOUR_RGB('',0.596063163801,0.666666664908,0.686259240409);
#4566 = MECHANICAL_DESIGN_GEOMETRIC_PRESENTATION_REPRESENTATION('',(
    #4567,#4575,#4582,#4589,#4596,#4603,#4610,#4617,#4625,#4632,#4639,
    #4646,#4653,#4660,#4668,#4675,#4682,#4689,#4696,#4703,#4710,#4717,
    #4724,#4731,#4738,#4745),#831);
#4567 = STYLED_ITEM('color',(#4568),#43);
#4568 = PRESENTATION_STYLE_ASSIGNMENT((#4569));
#4569 = SURFACE_STYLE_USAGE(.BOTH.,#4570);
#4570 = SURFACE_SIDE_STYLE('',(#4571));
#4571 = SURFACE_STYLE_FILL_AREA(#4572);
#4572 = FILL_AREA_STYLE('',(#4573));
#4573 = FILL_AREA_STYLE_COLOUR('',#4574);
#4574 = COLOUR_RGB('',0.823999987314,0.819999987296,0.781000009244);
#4575 = STYLED_ITEM('color',(#4576),#83);
#4576 = PRESENTATION_STYLE_ASSIGNMENT((#4577));
#4577 = SURFACE_STYLE_USAGE(.BOTH.,#4578);
#4578 = SURFACE_SIDE_STYLE('',(#4579));
#4579 = SURFACE_STYLE_FILL_AREA(#4580);
#4580 = FILL_AREA_STYLE('',(#4581));
#4581 = FILL_AREA_STYLE_COLOUR('',#4574);
#4582 = STYLED_ITEM('color',(#4583),#166);
#4583 = PRESENTATION_STYLE_ASSIGNMENT((#4584));
#4584 = SURFACE_STYLE_USAGE(.BOTH.,#4585);
#4585 = SURFACE_SIDE_STYLE('',(#4586));
#4586 = SURFACE_STYLE_FILL_AREA(#4587);
#4587 = FILL_AREA_STYLE('',(#4588));
#4588 = FILL_AREA_STYLE_COLOUR('',#4574);
#4589 = STYLED_ITEM('color',(#4590),#191);
#4590 = PRESENTATION_STYLE_ASSIGNMENT((#4591));
#4591 = SURFACE_STYLE_USAGE(.BOTH.,#4592);
#4592 = SURFACE_SIDE_STYLE('',(#4593));
#4593 = SURFACE_STYLE_FILL_AREA(#4594);
#4594 = FILL_AREA_STYLE('',(#4595));
#4595 = FILL_AREA_STYLE_COLOUR('',#4574);
#4596 = STYLED_ITEM('color',(#4597),#216);
#4597 = PRESENTATION_STYLE_ASSIGNMENT((#4598));
#4598 = SURFACE_STYLE_USAGE(.BOTH.,#4599);
#4599 = SURFACE_SIDE_STYLE('',(#4600));
#4600 = SURFACE_STYLE_FILL_AREA(#4601);
#4601 = FILL_AREA_STYLE('',(#4602));
#4602 = FILL_AREA_STYLE_COLOUR('',#4574);
#4603 = STYLED_ITEM('color',(#4604),#283);
#4604 = PRESENTATION_STYLE_ASSIGNMENT((#4605));
#4605 = SURFACE_STYLE_USAGE(.BOTH.,#4606);
#4606 = SURFACE_SIDE_STYLE('',(#4607));
#4607 = SURFACE_STYLE_FILL_AREA(#4608);
#4608 = FILL_AREA_STYLE('',(#4609));
#4609 = FILL_AREA_STYLE_COLOUR('',#4574);
#4610 = STYLED_ITEM('color',(#4611),#300);
#4611 = PRESENTATION_STYLE_ASSIGNMENT((#4612));
#4612 = SURFACE_STYLE_USAGE(.BOTH.,#4613);
#4613 = SURFACE_SIDE_STYLE('',(#4614));
#4614 = SURFACE_STYLE_FILL_AREA(#4615);
#4615 = FILL_AREA_STYLE('',(#4616));
#4616 = FILL_AREA_STYLE_COLOUR('',#4574);
#4617 = STYLED_ITEM('color',(#4618),#317);
#4618 = PRESENTATION_STYLE_ASSIGNMENT((#4619));
#4619 = SURFACE_STYLE_USAGE(.BOTH.,#4620);
#4620 = SURFACE_SIDE_STYLE('',(#4621));
#4621 = SURFACE_STYLE_FILL_AREA(#4622);
#4622 = FILL_AREA_STYLE('',(#4623));
#4623 = FILL_AREA_STYLE_COLOUR('',#4624);
#4624 = COLOUR_RGB('',0.894999966383,0.890999961016,0.813000030345);
#4625 = STYLED_ITEM('color',(#4626),#366);
#4626 = PRESENTATION_STYLE_ASSIGNMENT((#4627));
#4627 = SURFACE_STYLE_USAGE(.BOTH.,#4628);
#4628 = SURFACE_SIDE_STYLE('',(#4629));
#4629 = SURFACE_STYLE_FILL_AREA(#4630);
#4630 = FILL_AREA_STYLE('',(#4631));
#4631 = FILL_AREA_STYLE_COLOUR('',#4574);
#4632 = STYLED_ITEM('color',(#4633),#383);
#4633 = PRESENTATION_STYLE_ASSIGNMENT((#4634));
#4634 = SURFACE_STYLE_USAGE(.BOTH.,#4635);
#4635 = SURFACE_SIDE_STYLE('',(#4636));
#4636 = SURFACE_STYLE_FILL_AREA(#4637);
#4637 = FILL_AREA_STYLE('',(#4638));
#4638 = FILL_AREA_STYLE_COLOUR('',#4574);
#4639 = STYLED_ITEM('color',(#4640),#400);
#4640 = PRESENTATION_STYLE_ASSIGNMENT((#4641));
#4641 = SURFACE_STYLE_USAGE(.BOTH.,#4642);
#4642 = SURFACE_SIDE_STYLE('',(#4643));
#4643 = SURFACE_STYLE_FILL_AREA(#4644);
#4644 = FILL_AREA_STYLE('',(#4645));
#4645 = FILL_AREA_STYLE_COLOUR('',#4624);
#4646 = STYLED_ITEM('color',(#4647),#449);
#4647 = PRESENTATION_STYLE_ASSIGNMENT((#4648));
#4648 = SURFACE_STYLE_USAGE(.BOTH.,#4649);
#4649 = SURFACE_SIDE_STYLE('',(#4650));
#4650 = SURFACE_STYLE_FILL_AREA(#4651);
#4651 = FILL_AREA_STYLE('',(#4652));
#4652 = FILL_AREA_STYLE_COLOUR('',#4624);
#4653 = STYLED_ITEM('color',(#4654),#466);
#4654 = PRESENTATION_STYLE_ASSIGNMENT((#4655));
#4655 = SURFACE_STYLE_USAGE(.BOTH.,#4656);
#4656 = SURFACE_SIDE_STYLE('',(#4657));
#4657 = SURFACE_STYLE_FILL_AREA(#4658);
#4658 = FILL_AREA_STYLE('',(#4659));
#4659 = FILL_AREA_STYLE_COLOUR('',#4574);
#4660 = STYLED_ITEM('color',(#4661),#535);
#4661 = PRESENTATION_STYLE_ASSIGNMENT((#4662));
#4662 = SURFACE_STYLE_USAGE(.BOTH.,#4663);
#4663 = SURFACE_SIDE_STYLE('',(#4664));
#4664 = SURFACE_STYLE_FILL_AREA(#4665);
#4665 = FILL_AREA_STYLE('',(#4666));
#4666 = FILL_AREA_STYLE_COLOUR('',#4667);
#4667 = COLOUR_RGB('',8.200000279077E-02,8.600000121357E-02,
  9.399999706163E-02);
#4668 = STYLED_ITEM('color',(#4669),#566);
#4669 = PRESENTATION_STYLE_ASSIGNMENT((#4670));
#4670 = SURFACE_STYLE_USAGE(.BOTH.,#4671);
#4671 = SURFACE_SIDE_STYLE('',(#4672));
#4672 = SURFACE_STYLE_FILL_AREA(#4673);
#4673 = FILL_AREA_STYLE('',(#4674));
#4674 = FILL_AREA_STYLE_COLOUR('',#4667);
#4675 = STYLED_ITEM('color',(#4676),#590);
#4676 = PRESENTATION_STYLE_ASSIGNMENT((#4677));
#4677 = SURFACE_STYLE_USAGE(.BOTH.,#4678);
#4678 = SURFACE_SIDE_STYLE('',(#4679));
#4679 = SURFACE_STYLE_FILL_AREA(#4680);
#4680 = FILL_AREA_STYLE('',(#4681));
#4681 = FILL_AREA_STYLE_COLOUR('',#4574);
#4682 = STYLED_ITEM('color',(#4683),#659);
#4683 = PRESENTATION_STYLE_ASSIGNMENT((#4684));
#4684 = SURFACE_STYLE_USAGE(.BOTH.,#4685);
#4685 = SURFACE_SIDE_STYLE('',(#4686));
#4686 = SURFACE_STYLE_FILL_AREA(#4687);
#4687 = FILL_AREA_STYLE('',(#4688));
#4688 = FILL_AREA_STYLE_COLOUR('',#4667);
#4689 = STYLED_ITEM('color',(#4690),#683);
#4690 = PRESENTATION_STYLE_ASSIGNMENT((#4691));
#4691 = SURFACE_STYLE_USAGE(.BOTH.,#4692);
#4692 = SURFACE_SIDE_STYLE('',(#4693));
#4693 = SURFACE_STYLE_FILL_AREA(#4694);
#4694 = FILL_AREA_STYLE('',(#4695));
#4695 = FILL_AREA_STYLE_COLOUR('',#4574);
#4696 = STYLED_ITEM('color',(#4697),#700);
#4697 = PRESENTATION_STYLE_ASSIGNMENT((#4698));
#4698 = SURFACE_STYLE_USAGE(.BOTH.,#4699);
#4699 = SURFACE_SIDE_STYLE('',(#4700));
#4700 = SURFACE_STYLE_FILL_AREA(#4701);
#4701 = FILL_AREA_STYLE('',(#4702));
#4702 = FILL_AREA_STYLE_COLOUR('',#4574);
#4703 = STYLED_ITEM('color',(#4704),#717);
#4704 = PRESENTATION_STYLE_ASSIGNMENT((#4705));
#4705 = SURFACE_STYLE_USAGE(.BOTH.,#4706);
#4706 = SURFACE_SIDE_STYLE('',(#4707));
#4707 = SURFACE_STYLE_FILL_AREA(#4708);
#4708 = FILL_AREA_STYLE('',(#4709));
#4709 = FILL_AREA_STYLE_COLOUR('',#4574);
#4710 = STYLED_ITEM('color',(#4711),#734);
#4711 = PRESENTATION_STYLE_ASSIGNMENT((#4712));
#4712 = SURFACE_STYLE_USAGE(.BOTH.,#4713);
#4713 = SURFACE_SIDE_STYLE('',(#4714));
#4714 = SURFACE_STYLE_FILL_AREA(#4715);
#4715 = FILL_AREA_STYLE('',(#4716));
#4716 = FILL_AREA_STYLE_COLOUR('',#4574);
#4717 = STYLED_ITEM('color',(#4718),#751);
#4718 = PRESENTATION_STYLE_ASSIGNMENT((#4719));
#4719 = SURFACE_STYLE_USAGE(.BOTH.,#4720);
#4720 = SURFACE_SIDE_STYLE('',(#4721));
#4721 = SURFACE_STYLE_FILL_AREA(#4722);
#4722 = FILL_AREA_STYLE('',(#4723));
#4723 = FILL_AREA_STYLE_COLOUR('',#4574);
#4724 = STYLED_ITEM('color',(#4725),#768);
#4725 = PRESENTATION_STYLE_ASSIGNMENT((#4726));
#4726 = SURFACE_STYLE_USAGE(.BOTH.,#4727);
#4727 = SURFACE_SIDE_STYLE('',(#4728));
#4728 = SURFACE_STYLE_FILL_AREA(#4729);
#4729 = FILL_AREA_STYLE('',(#4730));
#4730 = FILL_AREA_STYLE_COLOUR('',#4574);
#4731 = STYLED_ITEM('color',(#4732),#785);
#4732 = PRESENTATION_STYLE_ASSIGNMENT((#4733));
#4733 = SURFACE_STYLE_USAGE(.BOTH.,#4734);
#4734 = SURFACE_SIDE_STYLE('',(#4735));
#4735 = SURFACE_STYLE_FILL_AREA(#4736);
#4736 = FILL_AREA_STYLE('',(#4737));
#4737 = FILL_AREA_STYLE_COLOUR('',#4574);
#4738 = STYLED_ITEM('color',(#4739),#802);
#4739 = PRESENTATION_STYLE_ASSIGNMENT((#4740));
#4740 = SURFACE_STYLE_USAGE(.BOTH.,#4741);
#4741 = SURFACE_SIDE_STYLE('',(#4742));
#4742 = SURFACE_STYLE_FILL_AREA(#4743);
#4743 = FILL_AREA_STYLE('',(#4744));
#4744 = FILL_AREA_STYLE_COLOUR('',#4667);
#4745 = STYLED_ITEM('color',(#4746),#819);
#4746 = PRESENTATION_STYLE_ASSIGNMENT((#4747));
#4747 = SURFACE_STYLE_USAGE(.BOTH.,#4748);
#4748 = SURFACE_SIDE_STYLE('',(#4749));
#4749 = SURFACE_STYLE_FILL_AREA(#4750);
#4750 = FILL_AREA_STYLE('',(#4751));
#4751 = FILL_AREA_STYLE_COLOUR('',#4667);
#4752 = MECHANICAL_DESIGN_GEOMETRIC_PRESENTATION_REPRESENTATION('',(
    #4753),#4546);
#4753 = STYLED_ITEM('color',(#4754),#3663);
#4754 = PRESENTATION_STYLE_ASSIGNMENT((#4755));
#4755 = SURFACE_STYLE_USAGE(.BOTH.,#4756);
#4756 = SURFACE_SIDE_STYLE('',(#4757));
#4757 = SURFACE_STYLE_FILL_AREA(#4758);
#4758 = FILL_AREA_STYLE('',(#4759));
#4759 = FILL_AREA_STYLE_COLOUR('',#4760);
#4760 = COLOUR_RGB('',0.277846546019,0.436627062838,0.370214030736);
ENDSEC;
END-ISO-10303-21;
