ISO-10303-21;
HEADER;
FILE_DESCRIPTION(('KiCad electronic assembly'),'2;1');
FILE_NAME('twpatron-2.step','2026-03-06T13:51:22',('Pcbnew'),('Kicad'),
  'Open CASCADE STEP processor 7.9','KiCad to STEP converter','Unknown'
  );
FILE_SCHEMA(('AUTOMOTIVE_DESIGN { 1 0 10303 214 1 1 1 1 }'));
ENDSEC;
DATA;
#1 = APPLICATION_PROTOCOL_DEFINITION('international standard',
  'automotive_design',2000,#2);
#2 = APPLICATION_CONTEXT(
  'core data for automotive mechanical design processes');
#3 = SHAPE_DEFINITION_REPRESENTATION(#4,#10);
#4 = PRODUCT_DEFINITION_SHAPE('','',#5);
#5 = PRODUCT_DEFINITION('design','',#6,#9);
#6 = PRODUCT_DEFINITION_FORMATION('','',#7);
#7 = PRODUCT('twpatron-2 1','twpatron-2 1','',(#8));
#8 = PRODUCT_CONTEXT('',#2,'mechanical');
#9 = PRODUCT_DEFINITION_CONTEXT('part definition',#2,'design');
#10 = SHAPE_REPRESENTATION('',(#11,#15,#19,#23),#27);
#11 = AXIS2_PLACEMENT_3D('',#12,#13,#14);
#12 = CARTESIAN_POINT('',(0.,0.,0.));
#13 = DIRECTION('',(0.,0.,1.));
#14 = DIRECTION('',(1.,0.,-0.));
#15 = AXIS2_PLACEMENT_3D('',#16,#17,#18);
#16 = CARTESIAN_POINT('',(108.331,61.842,1.120199));
#17 = DIRECTION('',(-0.,0.,1.));
#18 = DIRECTION('',(1.110223024625E-16,-1.,0.));
#19 = AXIS2_PLACEMENT_3D('',#20,#21,#22);
#20 = CARTESIAN_POINT('',(117.475,69.24,1.120199));
#21 = DIRECTION('',(1.224646799147E-16,1.,1.110223024625E-16));
#22 = DIRECTION('',(-1.,1.224646799147E-16,0.));
#23 = AXIS2_PLACEMENT_3D('',#24,#25,#26);
#24 = CARTESIAN_POINT('',(0.,0.,0.));
#25 = DIRECTION('',(0.,0.,1.));
#26 = DIRECTION('',(1.,0.,-0.));
#27 = ( GEOMETRIC_REPRESENTATION_CONTEXT(3) 
GLOBAL_UNCERTAINTY_ASSIGNED_CONTEXT((#31)) GLOBAL_UNIT_ASSIGNED_CONTEXT(
(#28,#29,#30)) REPRESENTATION_CONTEXT('Context #1',
  '3D Context with UNIT and UNCERTAINTY') );
#28 = ( LENGTH_UNIT() NAMED_UNIT(*) SI_UNIT(.MILLI.,.METRE.) );
#29 = ( NAMED_UNIT(*) PLANE_ANGLE_UNIT() SI_UNIT($,.RADIAN.) );
#30 = ( NAMED_UNIT(*) SI_UNIT($,.STERADIAN.) SOLID_ANGLE_UNIT() );
#31 = UNCERTAINTY_MEASURE_WITH_UNIT(LENGTH_MEASURE(1.E-07),#28,
  'distance_accuracy_value','confusion accuracy');
#32 = PRODUCT_RELATED_PRODUCT_CATEGORY('part',$,(#7));
#33 = SHAPE_DEFINITION_REPRESENTATION(#34,#40);
#34 = PRODUCT_DEFINITION_SHAPE('','',#35);
#35 = PRODUCT_DEFINITION('design','',#36,#39);
#36 = PRODUCT_DEFINITION_FORMATION('','',#37);
#37 = PRODUCT('R_0201_0603Metric','R_0201_0603Metric','',(#38));
#38 = PRODUCT_CONTEXT('',#2,'mechanical');
#39 = PRODUCT_DEFINITION_CONTEXT('part definition',#2,'design');
#40 = ADVANCED_BREP_SHAPE_REPRESENTATION('',(#11,#41),#831);
#41 = MANIFOLD_SOLID_BREP('',#42);
#42 = CLOSED_SHELL('',(#43,#83,#166,#191,#216,#283,#300,#317,#366,#383,
    #400,#449,#466,#535,#566,#590,#659,#683,#700,#717,#734,#751,#768,
    #785,#802,#819));
#43 = ADVANCED_FACE('',(#44),#78,.F.);
#44 = FACE_BOUND('',#45,.F.);
#45 = EDGE_LOOP('',(#46,#56,#64,#72));
#46 = ORIENTED_EDGE('',*,*,#47,.F.);
#47 = EDGE_CURVE('',#48,#50,#52,.T.);
#48 = VERTEX_POINT('',#49);
#49 = CARTESIAN_POINT('',(-0.3,-0.15,2.3E-02));
#50 = VERTEX_POINT('',#51);
#51 = CARTESIAN_POINT('',(-0.3,-0.15,0.207));
#52 = LINE('',#53,#54);
#53 = CARTESIAN_POINT('',(-0.3,-0.15,0.));
#54 = VECTOR('',#55,1.);
#55 = DIRECTION('',(0.,0.,1.));
#56 = ORIENTED_EDGE('',*,*,#57,.T.);
#57 = EDGE_CURVE('',#48,#58,#60,.T.);
#58 = VERTEX_POINT('',#59);
#59 = CARTESIAN_POINT('',(-0.3,0.15,2.3E-02));
#60 = LINE('',#61,#62);
#61 = CARTESIAN_POINT('',(-0.3,-0.15,2.3E-02));
#62 = VECTOR('',#63,1.);
#63 = DIRECTION('',(0.,1.,0.));
#64 = ORIENTED_EDGE('',*,*,#65,.T.);
#65 = EDGE_CURVE('',#58,#66,#68,.T.);
#66 = VERTEX_POINT('',#67);
#67 = CARTESIAN_POINT('',(-0.3,0.15,0.207));
#68 = LINE('',#69,#70);
#69 = CARTESIAN_POINT('',(-0.3,0.15,0.));
#70 = VECTOR('',#71,1.);
#71 = DIRECTION('',(0.,0.,1.));
#72 = ORIENTED_EDGE('',*,*,#73,.F.);
#73 = EDGE_CURVE('',#50,#66,#74,.T.);
#74 = LINE('',#75,#76);
#75 = CARTESIAN_POINT('',(-0.3,-0.15,0.207));
#76 = VECTOR('',#77,1.);
#77 = DIRECTION('',(0.,1.,0.));
#78 = PLANE('',#79);
#79 = AXIS2_PLACEMENT_3D('',#80,#81,#82);
#80 = CARTESIAN_POINT('',(-0.3,-0.15,0.));
#81 = DIRECTION('',(1.,0.,0.));
#82 = DIRECTION('',(0.,0.,1.));
#83 = ADVANCED_FACE('',(#84),#161,.F.);
#84 = FACE_BOUND('',#85,.F.);
#85 = EDGE_LOOP('',(#86,#96,#103,#104,#113,#121,#130,#138,#146,#154));
#86 = ORIENTED_EDGE('',*,*,#87,.F.);
#87 = EDGE_CURVE('',#88,#90,#92,.T.);
#88 = VERTEX_POINT('',#89);
#89 = CARTESIAN_POINT('',(-0.277,-0.15,-1.387778780781E-17));
#90 = VERTEX_POINT('',#91);
#91 = CARTESIAN_POINT('',(-0.223,-0.15,-1.387778780781E-17));
#92 = LINE('',#93,#94);
#93 = CARTESIAN_POINT('',(-0.3,-0.15,0.));
#94 = VECTOR('',#95,1.);
#95 = DIRECTION('',(1.,0.,0.));
#96 = ORIENTED_EDGE('',*,*,#97,.F.);
#97 = EDGE_CURVE('',#48,#88,#98,.T.);
#98 = CIRCLE('',#99,2.3E-02);
#99 = AXIS2_PLACEMENT_3D('',#100,#101,#102);
#100 = CARTESIAN_POINT('',(-0.277,-0.15,2.3E-02));
#101 = DIRECTION('',(0.,-1.,0.));
#102 = DIRECTION('',(0.,0.,1.));
#103 = ORIENTED_EDGE('',*,*,#47,.T.);
#104 = ORIENTED_EDGE('',*,*,#105,.T.);
#105 = EDGE_CURVE('',#50,#106,#108,.T.);
#106 = VERTEX_POINT('',#107);
#107 = CARTESIAN_POINT('',(-0.277,-0.15,0.23));
#108 = CIRCLE('',#109,2.3E-02);
#109 = AXIS2_PLACEMENT_3D('',#110,#111,#112);
#110 = CARTESIAN_POINT('',(-0.277,-0.15,0.207));
#111 = DIRECTION('',(0.,1.,0.));
#112 = DIRECTION('',(0.,-0.,1.));
#113 = ORIENTED_EDGE('',*,*,#114,.T.);
#114 = EDGE_CURVE('',#106,#115,#117,.T.);
#115 = VERTEX_POINT('',#116);
#116 = CARTESIAN_POINT('',(-0.223,-0.15,0.23));
#117 = LINE('',#118,#119);
#118 = CARTESIAN_POINT('',(-0.3,-0.15,0.23));
#119 = VECTOR('',#120,1.);
#120 = DIRECTION('',(1.,0.,0.));
#121 = ORIENTED_EDGE('',*,*,#122,.F.);
#122 = EDGE_CURVE('',#123,#115,#125,.T.);
#123 = VERTEX_POINT('',#124);
#124 = CARTESIAN_POINT('',(-0.2,-0.15,0.207));
#125 = CIRCLE('',#126,2.3E-02);
#126 = AXIS2_PLACEMENT_3D('',#127,#128,#129);
#127 = CARTESIAN_POINT('',(-0.223,-0.15,0.207));
#128 = DIRECTION('',(0.,-1.,0.));
#129 = DIRECTION('',(0.,0.,1.));
#130 = ORIENTED_EDGE('',*,*,#131,.F.);
#131 = EDGE_CURVE('',#132,#123,#134,.T.);
#132 = VERTEX_POINT('',#133);
#133 = CARTESIAN_POINT('',(-0.277,-0.15,0.207));
#134 = LINE('',#135,#136);
#135 = CARTESIAN_POINT('',(-0.277,-0.15,0.207));
#136 = VECTOR('',#137,1.);
#137 = DIRECTION('',(1.,0.,0.));
#138 = ORIENTED_EDGE('',*,*,#139,.F.);
#139 = EDGE_CURVE('',#140,#132,#142,.T.);
#140 = VERTEX_POINT('',#141);
#141 = CARTESIAN_POINT('',(-0.277,-0.15,2.3E-02));
#142 = LINE('',#143,#144);
#143 = CARTESIAN_POINT('',(-0.277,-0.15,2.3E-02));
#144 = VECTOR('',#145,1.);
#145 = DIRECTION('',(0.,0.,1.));
#146 = ORIENTED_EDGE('',*,*,#147,.T.);
#147 = EDGE_CURVE('',#140,#148,#150,.T.);
#148 = VERTEX_POINT('',#149);
#149 = CARTESIAN_POINT('',(-0.2,-0.15,2.3E-02));
#150 = LINE('',#151,#152);
#151 = CARTESIAN_POINT('',(-0.277,-0.15,2.3E-02));
#152 = VECTOR('',#153,1.);
#153 = DIRECTION('',(1.,0.,0.));
#154 = ORIENTED_EDGE('',*,*,#155,.T.);
#155 = EDGE_CURVE('',#148,#90,#156,.T.);
#156 = CIRCLE('',#157,2.3E-02);
#157 = AXIS2_PLACEMENT_3D('',#158,#159,#160);
#158 = CARTESIAN_POINT('',(-0.223,-0.15,2.3E-02));
#159 = DIRECTION('',(0.,1.,0.));
#160 = DIRECTION('',(0.,-0.,1.));
#161 = PLANE('',#162);
#162 = AXIS2_PLACEMENT_3D('',#163,#164,#165);
#163 = CARTESIAN_POINT('',(-0.3,-0.15,0.));
#164 = DIRECTION('',(0.,1.,0.));
#165 = DIRECTION('',(0.,-0.,1.));
#166 = ADVANCED_FACE('',(#167),#186,.T.);
#167 = FACE_BOUND('',#168,.T.);
#168 = EDGE_LOOP('',(#169,#170,#179,#185));
#169 = ORIENTED_EDGE('',*,*,#57,.T.);
#170 = ORIENTED_EDGE('',*,*,#171,.T.);
#171 = EDGE_CURVE('',#58,#172,#174,.T.);
#172 = VERTEX_POINT('',#173);
#173 = CARTESIAN_POINT('',(-0.277,0.15,-1.387778780781E-17));
#174 = CIRCLE('',#175,2.3E-02);
#175 = AXIS2_PLACEMENT_3D('',#176,#177,#178);
#176 = CARTESIAN_POINT('',(-0.277,0.15,2.3E-02));
#177 = DIRECTION('',(0.,-1.,0.));
#178 = DIRECTION('',(0.,0.,1.));
#179 = ORIENTED_EDGE('',*,*,#180,.F.);
#180 = EDGE_CURVE('',#88,#172,#181,.T.);
#181 = LINE('',#182,#183);
#182 = CARTESIAN_POINT('',(-0.277,-0.15,-1.387778780781E-17));
#183 = VECTOR('',#184,1.);
#184 = DIRECTION('',(0.,1.,0.));
#185 = ORIENTED_EDGE('',*,*,#97,.F.);
#186 = CYLINDRICAL_SURFACE('',#187,2.3E-02);
#187 = AXIS2_PLACEMENT_3D('',#188,#189,#190);
#188 = CARTESIAN_POINT('',(-0.277,-0.15,2.3E-02));
#189 = DIRECTION('',(0.,1.,0.));
#190 = DIRECTION('',(-1.,0.,0.));
#191 = ADVANCED_FACE('',(#192),#211,.T.);
#192 = FACE_BOUND('',#193,.T.);
#193 = EDGE_LOOP('',(#194,#195,#203,#210));
#194 = ORIENTED_EDGE('',*,*,#105,.T.);
#195 = ORIENTED_EDGE('',*,*,#196,.T.);
#196 = EDGE_CURVE('',#106,#197,#199,.T.);
#197 = VERTEX_POINT('',#198);
#198 = CARTESIAN_POINT('',(-0.277,0.15,0.23));
#199 = LINE('',#200,#201);
#200 = CARTESIAN_POINT('',(-0.277,-0.15,0.23));
#201 = VECTOR('',#202,1.);
#202 = DIRECTION('',(0.,1.,0.));
#203 = ORIENTED_EDGE('',*,*,#204,.F.);
#204 = EDGE_CURVE('',#66,#197,#205,.T.);
#205 = CIRCLE('',#206,2.3E-02);
#206 = AXIS2_PLACEMENT_3D('',#207,#208,#209);
#207 = CARTESIAN_POINT('',(-0.277,0.15,0.207));
#208 = DIRECTION('',(0.,1.,0.));
#209 = DIRECTION('',(0.,-0.,1.));
#210 = ORIENTED_EDGE('',*,*,#73,.F.);
#211 = CYLINDRICAL_SURFACE('',#212,2.3E-02);
#212 = AXIS2_PLACEMENT_3D('',#213,#214,#215);
#213 = CARTESIAN_POINT('',(-0.277,-0.15,0.207));
#214 = DIRECTION('',(0.,1.,0.));
#215 = DIRECTION('',(-1.,0.,0.));
#216 = ADVANCED_FACE('',(#217),#278,.T.);
#217 = FACE_BOUND('',#218,.T.);
#218 = EDGE_LOOP('',(#219,#227,#228,#229,#230,#238,#247,#255,#263,#271)
  );
#219 = ORIENTED_EDGE('',*,*,#220,.F.);
#220 = EDGE_CURVE('',#172,#221,#223,.T.);
#221 = VERTEX_POINT('',#222);
#222 = CARTESIAN_POINT('',(-0.223,0.15,-1.387778780781E-17));
#223 = LINE('',#224,#225);
#224 = CARTESIAN_POINT('',(-0.3,0.15,0.));
#225 = VECTOR('',#226,1.);
#226 = DIRECTION('',(1.,0.,0.));
#227 = ORIENTED_EDGE('',*,*,#171,.F.);
#228 = ORIENTED_EDGE('',*,*,#65,.T.);
#229 = ORIENTED_EDGE('',*,*,#204,.T.);
#230 = ORIENTED_EDGE('',*,*,#231,.T.);
#231 = EDGE_CURVE('',#197,#232,#234,.T.);
#232 = VERTEX_POINT('',#233);
#233 = CARTESIAN_POINT('',(-0.223,0.15,0.23));
#234 = LINE('',#235,#236);
#235 = CARTESIAN_POINT('',(-0.3,0.15,0.23));
#236 = VECTOR('',#237,1.);
#237 = DIRECTION('',(1.,0.,0.));
#238 = ORIENTED_EDGE('',*,*,#239,.F.);
#239 = EDGE_CURVE('',#240,#232,#242,.T.);
#240 = VERTEX_POINT('',#241);
#241 = CARTESIAN_POINT('',(-0.2,0.15,0.207));
#242 = CIRCLE('',#243,2.3E-02);
#243 = AXIS2_PLACEMENT_3D('',#244,#245,#246);
#244 = CARTESIAN_POINT('',(-0.223,0.15,0.207));
#245 = DIRECTION('',(0.,-1.,0.));
#246 = DIRECTION('',(0.,0.,1.));
#247 = ORIENTED_EDGE('',*,*,#248,.F.);
#248 = EDGE_CURVE('',#249,#240,#251,.T.);
#249 = VERTEX_POINT('',#250);
#250 = CARTESIAN_POINT('',(-0.277,0.15,0.207));
#251 = LINE('',#252,#253);
#252 = CARTESIAN_POINT('',(-0.277,0.15,0.207));
#253 = VECTOR('',#254,1.);
#254 = DIRECTION('',(1.,0.,0.));
#255 = ORIENTED_EDGE('',*,*,#256,.F.);
#256 = EDGE_CURVE('',#257,#249,#259,.T.);
#257 = VERTEX_POINT('',#258);
#258 = CARTESIAN_POINT('',(-0.277,0.15,2.3E-02));
#259 = LINE('',#260,#261);
#260 = CARTESIAN_POINT('',(-0.277,0.15,2.3E-02));
#261 = VECTOR('',#262,1.);
#262 = DIRECTION('',(0.,0.,1.));
#263 = ORIENTED_EDGE('',*,*,#264,.T.);
#264 = EDGE_CURVE('',#257,#265,#267,.T.);
#265 = VERTEX_POINT('',#266);
#266 = CARTESIAN_POINT('',(-0.2,0.15,2.3E-02));
#267 = LINE('',#268,#269);
#268 = CARTESIAN_POINT('',(-0.277,0.15,2.3E-02));
#269 = VECTOR('',#270,1.);
#270 = DIRECTION('',(1.,0.,0.));
#271 = ORIENTED_EDGE('',*,*,#272,.T.);
#272 = EDGE_CURVE('',#265,#221,#273,.T.);
#273 = CIRCLE('',#274,2.3E-02);
#274 = AXIS2_PLACEMENT_3D('',#275,#276,#277);
#275 = CARTESIAN_POINT('',(-0.223,0.15,2.3E-02));
#276 = DIRECTION('',(0.,1.,0.));
#277 = DIRECTION('',(0.,-0.,1.));
#278 = PLANE('',#279);
#279 = AXIS2_PLACEMENT_3D('',#280,#281,#282);
#280 = CARTESIAN_POINT('',(-0.3,0.15,0.));
#281 = DIRECTION('',(0.,1.,0.));
#282 = DIRECTION('',(0.,-0.,1.));
#283 = ADVANCED_FACE('',(#284),#295,.F.);
#284 = FACE_BOUND('',#285,.F.);
#285 = EDGE_LOOP('',(#286,#287,#288,#289));
#286 = ORIENTED_EDGE('',*,*,#220,.F.);
#287 = ORIENTED_EDGE('',*,*,#180,.F.);
#288 = ORIENTED_EDGE('',*,*,#87,.T.);
#289 = ORIENTED_EDGE('',*,*,#290,.T.);
#290 = EDGE_CURVE('',#90,#221,#291,.T.);
#291 = LINE('',#292,#293);
#292 = CARTESIAN_POINT('',(-0.223,-0.15,-1.387778780781E-17));
#293 = VECTOR('',#294,1.);
#294 = DIRECTION('',(0.,1.,0.));
#295 = PLANE('',#296);
#296 = AXIS2_PLACEMENT_3D('',#297,#298,#299);
#297 = CARTESIAN_POINT('',(-0.3,-0.15,0.));
#298 = DIRECTION('',(0.,0.,1.));
#299 = DIRECTION('',(1.,0.,-0.));
#300 = ADVANCED_FACE('',(#301),#312,.T.);
#301 = FACE_BOUND('',#302,.T.);
#302 = EDGE_LOOP('',(#303,#304,#305,#306));
#303 = ORIENTED_EDGE('',*,*,#155,.T.);
#304 = ORIENTED_EDGE('',*,*,#290,.T.);
#305 = ORIENTED_EDGE('',*,*,#272,.F.);
#306 = ORIENTED_EDGE('',*,*,#307,.F.);
#307 = EDGE_CURVE('',#148,#265,#308,.T.);
#308 = LINE('',#309,#310);
#309 = CARTESIAN_POINT('',(-0.2,-0.15,2.3E-02));
#310 = VECTOR('',#311,1.);
#311 = DIRECTION('',(0.,1.,0.));
#312 = CYLINDRICAL_SURFACE('',#313,2.3E-02);
#313 = AXIS2_PLACEMENT_3D('',#314,#315,#316);
#314 = CARTESIAN_POINT('',(-0.223,-0.15,2.3E-02));
#315 = DIRECTION('',(0.,1.,0.));
#316 = DIRECTION('',(1.,0.,0.));
#317 = ADVANCED_FACE('',(#318),#361,.F.);
#318 = FACE_BOUND('',#319,.F.);
#319 = EDGE_LOOP('',(#320,#321,#322,#323,#331,#339,#347,#355));
#320 = ORIENTED_EDGE('',*,*,#147,.F.);
#321 = ORIENTED_EDGE('',*,*,#139,.T.);
#322 = ORIENTED_EDGE('',*,*,#131,.T.);
#323 = ORIENTED_EDGE('',*,*,#324,.T.);
#324 = EDGE_CURVE('',#123,#325,#327,.T.);
#325 = VERTEX_POINT('',#326);
#326 = CARTESIAN_POINT('',(0.2,-0.15,0.207));
#327 = LINE('',#328,#329);
#328 = CARTESIAN_POINT('',(-0.2,-0.15,0.207));
#329 = VECTOR('',#330,1.);
#330 = DIRECTION('',(1.,0.,0.));
#331 = ORIENTED_EDGE('',*,*,#332,.T.);
#332 = EDGE_CURVE('',#325,#333,#335,.T.);
#333 = VERTEX_POINT('',#334);
#334 = CARTESIAN_POINT('',(0.277,-0.15,0.207));
#335 = LINE('',#336,#337);
#336 = CARTESIAN_POINT('',(-0.277,-0.15,0.207));
#337 = VECTOR('',#338,1.);
#338 = DIRECTION('',(1.,0.,0.));
#339 = ORIENTED_EDGE('',*,*,#340,.F.);
#340 = EDGE_CURVE('',#341,#333,#343,.T.);
#341 = VERTEX_POINT('',#342);
#342 = CARTESIAN_POINT('',(0.277,-0.15,2.3E-02));
#343 = LINE('',#344,#345);
#344 = CARTESIAN_POINT('',(0.277,-0.15,2.3E-02));
#345 = VECTOR('',#346,1.);
#346 = DIRECTION('',(0.,0.,1.));
#347 = ORIENTED_EDGE('',*,*,#348,.F.);
#348 = EDGE_CURVE('',#349,#341,#351,.T.);
#349 = VERTEX_POINT('',#350);
#350 = CARTESIAN_POINT('',(0.2,-0.15,2.3E-02));
#351 = LINE('',#352,#353);
#352 = CARTESIAN_POINT('',(-0.277,-0.15,2.3E-02));
#353 = VECTOR('',#354,1.);
#354 = DIRECTION('',(1.,0.,0.));
#355 = ORIENTED_EDGE('',*,*,#356,.F.);
#356 = EDGE_CURVE('',#148,#349,#357,.T.);
#357 = LINE('',#358,#359);
#358 = CARTESIAN_POINT('',(-0.277,-0.15,2.3E-02));
#359 = VECTOR('',#360,1.);
#360 = DIRECTION('',(1.,0.,0.));
#361 = PLANE('',#362);
#362 = AXIS2_PLACEMENT_3D('',#363,#364,#365);
#363 = CARTESIAN_POINT('',(-0.277,-0.15,2.3E-02));
#364 = DIRECTION('',(0.,1.,0.));
#365 = DIRECTION('',(0.,-0.,1.));
#366 = ADVANCED_FACE('',(#367),#378,.T.);
#367 = FACE_BOUND('',#368,.T.);
#368 = EDGE_LOOP('',(#369,#370,#371,#372));
#369 = ORIENTED_EDGE('',*,*,#231,.F.);
#370 = ORIENTED_EDGE('',*,*,#196,.F.);
#371 = ORIENTED_EDGE('',*,*,#114,.T.);
#372 = ORIENTED_EDGE('',*,*,#373,.T.);
#373 = EDGE_CURVE('',#115,#232,#374,.T.);
#374 = LINE('',#375,#376);
#375 = CARTESIAN_POINT('',(-0.223,-0.15,0.23));
#376 = VECTOR('',#377,1.);
#377 = DIRECTION('',(0.,1.,0.));
#378 = PLANE('',#379);
#379 = AXIS2_PLACEMENT_3D('',#380,#381,#382);
#380 = CARTESIAN_POINT('',(-0.3,-0.15,0.23));
#381 = DIRECTION('',(0.,0.,1.));
#382 = DIRECTION('',(1.,0.,-0.));
#383 = ADVANCED_FACE('',(#384),#395,.T.);
#384 = FACE_BOUND('',#385,.T.);
#385 = EDGE_LOOP('',(#386,#392,#393,#394));
#386 = ORIENTED_EDGE('',*,*,#387,.T.);
#387 = EDGE_CURVE('',#123,#240,#388,.T.);
#388 = LINE('',#389,#390);
#389 = CARTESIAN_POINT('',(-0.2,-0.15,0.207));
#390 = VECTOR('',#391,1.);
#391 = DIRECTION('',(0.,1.,0.));
#392 = ORIENTED_EDGE('',*,*,#239,.T.);
#393 = ORIENTED_EDGE('',*,*,#373,.F.);
#394 = ORIENTED_EDGE('',*,*,#122,.F.);
#395 = CYLINDRICAL_SURFACE('',#396,2.3E-02);
#396 = AXIS2_PLACEMENT_3D('',#397,#398,#399);
#397 = CARTESIAN_POINT('',(-0.223,-0.15,0.207));
#398 = DIRECTION('',(0.,1.,0.));
#399 = DIRECTION('',(1.,0.,0.));
#400 = ADVANCED_FACE('',(#401),#444,.T.);
#401 = FACE_BOUND('',#402,.T.);
#402 = EDGE_LOOP('',(#403,#404,#405,#406,#414,#422,#430,#438));
#403 = ORIENTED_EDGE('',*,*,#264,.F.);
#404 = ORIENTED_EDGE('',*,*,#256,.T.);
#405 = ORIENTED_EDGE('',*,*,#248,.T.);
#406 = ORIENTED_EDGE('',*,*,#407,.T.);
#407 = EDGE_CURVE('',#240,#408,#410,.T.);
#408 = VERTEX_POINT('',#409);
#409 = CARTESIAN_POINT('',(0.2,0.15,0.207));
#410 = LINE('',#411,#412);
#411 = CARTESIAN_POINT('',(-0.2,0.15,0.207));
#412 = VECTOR('',#413,1.);
#413 = DIRECTION('',(1.,0.,0.));
#414 = ORIENTED_EDGE('',*,*,#415,.T.);
#415 = EDGE_CURVE('',#408,#416,#418,.T.);
#416 = VERTEX_POINT('',#417);
#417 = CARTESIAN_POINT('',(0.277,0.15,0.207));
#418 = LINE('',#419,#420);
#419 = CARTESIAN_POINT('',(-0.277,0.15,0.207));
#420 = VECTOR('',#421,1.);
#421 = DIRECTION('',(1.,0.,0.));
#422 = ORIENTED_EDGE('',*,*,#423,.F.);
#423 = EDGE_CURVE('',#424,#416,#426,.T.);
#424 = VERTEX_POINT('',#425);
#425 = CARTESIAN_POINT('',(0.277,0.15,2.3E-02));
#426 = LINE('',#427,#428);
#427 = CARTESIAN_POINT('',(0.277,0.15,2.3E-02));
#428 = VECTOR('',#429,1.);
#429 = DIRECTION('',(0.,0.,1.));
#430 = ORIENTED_EDGE('',*,*,#431,.F.);
#431 = EDGE_CURVE('',#432,#424,#434,.T.);
#432 = VERTEX_POINT('',#433);
#433 = CARTESIAN_POINT('',(0.2,0.15,2.3E-02));
#434 = LINE('',#435,#436);
#435 = CARTESIAN_POINT('',(-0.277,0.15,2.3E-02));
#436 = VECTOR('',#437,1.);
#437 = DIRECTION('',(1.,0.,0.));
#438 = ORIENTED_EDGE('',*,*,#439,.F.);
#439 = EDGE_CURVE('',#265,#432,#440,.T.);
#440 = LINE('',#441,#442);
#441 = CARTESIAN_POINT('',(-0.277,0.15,2.3E-02));
#442 = VECTOR('',#443,1.);
#443 = DIRECTION('',(1.,0.,0.));
#444 = PLANE('',#445);
#445 = AXIS2_PLACEMENT_3D('',#446,#447,#448);
#446 = CARTESIAN_POINT('',(-0.277,0.15,2.3E-02));
#447 = DIRECTION('',(0.,1.,0.));
#448 = DIRECTION('',(0.,-0.,1.));
#449 = ADVANCED_FACE('',(#450),#461,.F.);
#450 = FACE_BOUND('',#451,.F.);
#451 = EDGE_LOOP('',(#452,#453,#454,#460));
#452 = ORIENTED_EDGE('',*,*,#307,.F.);
#453 = ORIENTED_EDGE('',*,*,#356,.T.);
#454 = ORIENTED_EDGE('',*,*,#455,.T.);
#455 = EDGE_CURVE('',#349,#432,#456,.T.);
#456 = LINE('',#457,#458);
#457 = CARTESIAN_POINT('',(0.2,-0.15,2.3E-02));
#458 = VECTOR('',#459,1.);
#459 = DIRECTION('',(0.,1.,0.));
#460 = ORIENTED_EDGE('',*,*,#439,.F.);
#461 = PLANE('',#462);
#462 = AXIS2_PLACEMENT_3D('',#463,#464,#465);
#463 = CARTESIAN_POINT('',(-0.277,-0.15,2.3E-02));
#464 = DIRECTION('',(0.,0.,1.));
#465 = DIRECTION('',(1.,0.,-0.));
#466 = ADVANCED_FACE('',(#467),#530,.F.);
#467 = FACE_BOUND('',#468,.F.);
#468 = EDGE_LOOP('',(#469,#479,#486,#487,#488,#489,#498,#506,#515,#523)
  );
#469 = ORIENTED_EDGE('',*,*,#470,.F.);
#470 = EDGE_CURVE('',#471,#473,#475,.T.);
#471 = VERTEX_POINT('',#472);
#472 = CARTESIAN_POINT('',(0.223,-0.15,-1.387778780781E-17));
#473 = VERTEX_POINT('',#474);
#474 = CARTESIAN_POINT('',(0.277,-0.15,-1.387778780781E-17));
#475 = LINE('',#476,#477);
#476 = CARTESIAN_POINT('',(0.2,-0.15,0.));
#477 = VECTOR('',#478,1.);
#478 = DIRECTION('',(1.,0.,0.));
#479 = ORIENTED_EDGE('',*,*,#480,.F.);
#480 = EDGE_CURVE('',#349,#471,#481,.T.);
#481 = CIRCLE('',#482,2.3E-02);
#482 = AXIS2_PLACEMENT_3D('',#483,#484,#485);
#483 = CARTESIAN_POINT('',(0.223,-0.15,2.3E-02));
#484 = DIRECTION('',(0.,-1.,0.));
#485 = DIRECTION('',(0.,0.,1.));
#486 = ORIENTED_EDGE('',*,*,#348,.T.);
#487 = ORIENTED_EDGE('',*,*,#340,.T.);
#488 = ORIENTED_EDGE('',*,*,#332,.F.);
#489 = ORIENTED_EDGE('',*,*,#490,.T.);
#490 = EDGE_CURVE('',#325,#491,#493,.T.);
#491 = VERTEX_POINT('',#492);
#492 = CARTESIAN_POINT('',(0.223,-0.15,0.23));
#493 = CIRCLE('',#494,2.3E-02);
#494 = AXIS2_PLACEMENT_3D('',#495,#496,#497);
#495 = CARTESIAN_POINT('',(0.223,-0.15,0.207));
#496 = DIRECTION('',(0.,1.,0.));
#497 = DIRECTION('',(0.,-0.,1.));
#498 = ORIENTED_EDGE('',*,*,#499,.T.);
#499 = EDGE_CURVE('',#491,#500,#502,.T.);
#500 = VERTEX_POINT('',#501);
#501 = CARTESIAN_POINT('',(0.277,-0.15,0.23));
#502 = LINE('',#503,#504);
#503 = CARTESIAN_POINT('',(0.2,-0.15,0.23));
#504 = VECTOR('',#505,1.);
#505 = DIRECTION('',(1.,0.,0.));
#506 = ORIENTED_EDGE('',*,*,#507,.F.);
#507 = EDGE_CURVE('',#508,#500,#510,.T.);
#508 = VERTEX_POINT('',#509);
#509 = CARTESIAN_POINT('',(0.3,-0.15,0.207));
#510 = CIRCLE('',#511,2.3E-02);
#511 = AXIS2_PLACEMENT_3D('',#512,#513,#514);
#512 = CARTESIAN_POINT('',(0.277,-0.15,0.207));
#513 = DIRECTION('',(0.,-1.,0.));
#514 = DIRECTION('',(0.,0.,1.));
#515 = ORIENTED_EDGE('',*,*,#516,.F.);
#516 = EDGE_CURVE('',#517,#508,#519,.T.);
#517 = VERTEX_POINT('',#518);
#518 = CARTESIAN_POINT('',(0.3,-0.15,2.3E-02));
#519 = LINE('',#520,#521);
#520 = CARTESIAN_POINT('',(0.3,-0.15,0.));
#521 = VECTOR('',#522,1.);
#522 = DIRECTION('',(0.,0.,1.));
#523 = ORIENTED_EDGE('',*,*,#524,.T.);
#524 = EDGE_CURVE('',#517,#473,#525,.T.);
#525 = CIRCLE('',#526,2.3E-02);
#526 = AXIS2_PLACEMENT_3D('',#527,#528,#529);
#527 = CARTESIAN_POINT('',(0.277,-0.15,2.3E-02));
#528 = DIRECTION('',(0.,1.,0.));
#529 = DIRECTION('',(0.,-0.,1.));
#530 = PLANE('',#531);
#531 = AXIS2_PLACEMENT_3D('',#532,#533,#534);
#532 = CARTESIAN_POINT('',(0.2,-0.15,0.));
#533 = DIRECTION('',(0.,1.,0.));
#534 = DIRECTION('',(0.,-0.,1.));
#535 = ADVANCED_FACE('',(#536),#561,.F.);
#536 = FACE_BOUND('',#537,.F.);
#537 = EDGE_LOOP('',(#538,#539,#547,#555));
#538 = ORIENTED_EDGE('',*,*,#324,.F.);
#539 = ORIENTED_EDGE('',*,*,#540,.T.);
#540 = EDGE_CURVE('',#123,#541,#543,.T.);
#541 = VERTEX_POINT('',#542);
#542 = CARTESIAN_POINT('',(-0.2,-0.15,0.23));
#543 = LINE('',#544,#545);
#544 = CARTESIAN_POINT('',(-0.2,-0.15,0.207));
#545 = VECTOR('',#546,1.);
#546 = DIRECTION('',(0.,0.,1.));
#547 = ORIENTED_EDGE('',*,*,#548,.T.);
#548 = EDGE_CURVE('',#541,#549,#551,.T.);
#549 = VERTEX_POINT('',#550);
#550 = CARTESIAN_POINT('',(0.2,-0.15,0.23));
#551 = LINE('',#552,#553);
#552 = CARTESIAN_POINT('',(-0.2,-0.15,0.23));
#553 = VECTOR('',#554,1.);
#554 = DIRECTION('',(1.,0.,0.));
#555 = ORIENTED_EDGE('',*,*,#556,.F.);
#556 = EDGE_CURVE('',#325,#549,#557,.T.);
#557 = LINE('',#558,#559);
#558 = CARTESIAN_POINT('',(0.2,-0.15,0.207));
#559 = VECTOR('',#560,1.);
#560 = DIRECTION('',(0.,0.,1.));
#561 = PLANE('',#562);
#562 = AXIS2_PLACEMENT_3D('',#563,#564,#565);
#563 = CARTESIAN_POINT('',(-0.2,-0.15,0.207));
#564 = DIRECTION('',(0.,1.,0.));
#565 = DIRECTION('',(0.,-0.,1.));
#566 = ADVANCED_FACE('',(#567),#585,.F.);
#567 = FACE_BOUND('',#568,.F.);
#568 = EDGE_LOOP('',(#569,#570,#571,#579));
#569 = ORIENTED_EDGE('',*,*,#540,.F.);
#570 = ORIENTED_EDGE('',*,*,#387,.T.);
#571 = ORIENTED_EDGE('',*,*,#572,.T.);
#572 = EDGE_CURVE('',#240,#573,#575,.T.);
#573 = VERTEX_POINT('',#574);
#574 = CARTESIAN_POINT('',(-0.2,0.15,0.23));
#575 = LINE('',#576,#577);
#576 = CARTESIAN_POINT('',(-0.2,0.15,0.207));
#577 = VECTOR('',#578,1.);
#578 = DIRECTION('',(0.,0.,1.));
#579 = ORIENTED_EDGE('',*,*,#580,.F.);
#580 = EDGE_CURVE('',#541,#573,#581,.T.);
#581 = LINE('',#582,#583);
#582 = CARTESIAN_POINT('',(-0.2,-0.15,0.23));
#583 = VECTOR('',#584,1.);
#584 = DIRECTION('',(0.,1.,0.));
#585 = PLANE('',#586);
#586 = AXIS2_PLACEMENT_3D('',#587,#588,#589);
#587 = CARTESIAN_POINT('',(-0.2,-0.15,0.207));
#588 = DIRECTION('',(1.,0.,0.));
#589 = DIRECTION('',(0.,0.,1.));
#590 = ADVANCED_FACE('',(#591),#654,.T.);
#591 = FACE_BOUND('',#592,.T.);
#592 = EDGE_LOOP('',(#593,#603,#610,#611,#612,#613,#622,#630,#639,#647)
  );
#593 = ORIENTED_EDGE('',*,*,#594,.F.);
#594 = EDGE_CURVE('',#595,#597,#599,.T.);
#595 = VERTEX_POINT('',#596);
#596 = CARTESIAN_POINT('',(0.223,0.15,-1.387778780781E-17));
#597 = VERTEX_POINT('',#598);
#598 = CARTESIAN_POINT('',(0.277,0.15,-1.387778780781E-17));
#599 = LINE('',#600,#601);
#600 = CARTESIAN_POINT('',(0.2,0.15,0.));
#601 = VECTOR('',#602,1.);
#602 = DIRECTION('',(1.,0.,0.));
#603 = ORIENTED_EDGE('',*,*,#604,.F.);
#604 = EDGE_CURVE('',#432,#595,#605,.T.);
#605 = CIRCLE('',#606,2.3E-02);
#606 = AXIS2_PLACEMENT_3D('',#607,#608,#609);
#607 = CARTESIAN_POINT('',(0.223,0.15,2.3E-02));
#608 = DIRECTION('',(0.,-1.,0.));
#609 = DIRECTION('',(0.,0.,1.));
#610 = ORIENTED_EDGE('',*,*,#431,.T.);
#611 = ORIENTED_EDGE('',*,*,#423,.T.);
#612 = ORIENTED_EDGE('',*,*,#415,.F.);
#613 = ORIENTED_EDGE('',*,*,#614,.T.);
#614 = EDGE_CURVE('',#408,#615,#617,.T.);
#615 = VERTEX_POINT('',#616);
#616 = CARTESIAN_POINT('',(0.223,0.15,0.23));
#617 = CIRCLE('',#618,2.3E-02);
#618 = AXIS2_PLACEMENT_3D('',#619,#620,#621);
#619 = CARTESIAN_POINT('',(0.223,0.15,0.207));
#620 = DIRECTION('',(0.,1.,0.));
#621 = DIRECTION('',(0.,-0.,1.));
#622 = ORIENTED_EDGE('',*,*,#623,.T.);
#623 = EDGE_CURVE('',#615,#624,#626,.T.);
#624 = VERTEX_POINT('',#625);
#625 = CARTESIAN_POINT('',(0.277,0.15,0.23));
#626 = LINE('',#627,#628);
#627 = CARTESIAN_POINT('',(0.2,0.15,0.23));
#628 = VECTOR('',#629,1.);
#629 = DIRECTION('',(1.,0.,0.));
#630 = ORIENTED_EDGE('',*,*,#631,.F.);
#631 = EDGE_CURVE('',#632,#624,#634,.T.);
#632 = VERTEX_POINT('',#633);
#633 = CARTESIAN_POINT('',(0.3,0.15,0.207));
#634 = CIRCLE('',#635,2.3E-02);
#635 = AXIS2_PLACEMENT_3D('',#636,#637,#638);
#636 = CARTESIAN_POINT('',(0.277,0.15,0.207));
#637 = DIRECTION('',(0.,-1.,0.));
#638 = DIRECTION('',(0.,0.,1.));
#639 = ORIENTED_EDGE('',*,*,#640,.F.);
#640 = EDGE_CURVE('',#641,#632,#643,.T.);
#641 = VERTEX_POINT('',#642);
#642 = CARTESIAN_POINT('',(0.3,0.15,2.3E-02));
#643 = LINE('',#644,#645);
#644 = CARTESIAN_POINT('',(0.3,0.15,0.));
#645 = VECTOR('',#646,1.);
#646 = DIRECTION('',(0.,0.,1.));
#647 = ORIENTED_EDGE('',*,*,#648,.T.);
#648 = EDGE_CURVE('',#641,#597,#649,.T.);
#649 = CIRCLE('',#650,2.3E-02);
#650 = AXIS2_PLACEMENT_3D('',#651,#652,#653);
#651 = CARTESIAN_POINT('',(0.277,0.15,2.3E-02));
#652 = DIRECTION('',(0.,1.,0.));
#653 = DIRECTION('',(0.,-0.,1.));
#654 = PLANE('',#655);
#655 = AXIS2_PLACEMENT_3D('',#656,#657,#658);
#656 = CARTESIAN_POINT('',(0.2,0.15,0.));
#657 = DIRECTION('',(0.,1.,0.));
#658 = DIRECTION('',(0.,-0.,1.));
#659 = ADVANCED_FACE('',(#660),#678,.T.);
#660 = FACE_BOUND('',#661,.T.);
#661 = EDGE_LOOP('',(#662,#663,#664,#672));
#662 = ORIENTED_EDGE('',*,*,#407,.F.);
#663 = ORIENTED_EDGE('',*,*,#572,.T.);
#664 = ORIENTED_EDGE('',*,*,#665,.T.);
#665 = EDGE_CURVE('',#573,#666,#668,.T.);
#666 = VERTEX_POINT('',#667);
#667 = CARTESIAN_POINT('',(0.2,0.15,0.23));
#668 = LINE('',#669,#670);
#669 = CARTESIAN_POINT('',(-0.2,0.15,0.23));
#670 = VECTOR('',#671,1.);
#671 = DIRECTION('',(1.,0.,0.));
#672 = ORIENTED_EDGE('',*,*,#673,.F.);
#673 = EDGE_CURVE('',#408,#666,#674,.T.);
#674 = LINE('',#675,#676);
#675 = CARTESIAN_POINT('',(0.2,0.15,0.207));
#676 = VECTOR('',#677,1.);
#677 = DIRECTION('',(0.,0.,1.));
#678 = PLANE('',#679);
#679 = AXIS2_PLACEMENT_3D('',#680,#681,#682);
#680 = CARTESIAN_POINT('',(-0.2,0.15,0.207));
#681 = DIRECTION('',(0.,1.,0.));
#682 = DIRECTION('',(0.,-0.,1.));
#683 = ADVANCED_FACE('',(#684),#695,.T.);
#684 = FACE_BOUND('',#685,.T.);
#685 = EDGE_LOOP('',(#686,#687,#688,#694));
#686 = ORIENTED_EDGE('',*,*,#455,.T.);
#687 = ORIENTED_EDGE('',*,*,#604,.T.);
#688 = ORIENTED_EDGE('',*,*,#689,.F.);
#689 = EDGE_CURVE('',#471,#595,#690,.T.);
#690 = LINE('',#691,#692);
#691 = CARTESIAN_POINT('',(0.223,-0.15,-1.387778780781E-17));
#692 = VECTOR('',#693,1.);
#693 = DIRECTION('',(0.,1.,0.));
#694 = ORIENTED_EDGE('',*,*,#480,.F.);
#695 = CYLINDRICAL_SURFACE('',#696,2.3E-02);
#696 = AXIS2_PLACEMENT_3D('',#697,#698,#699);
#697 = CARTESIAN_POINT('',(0.223,-0.15,2.3E-02));
#698 = DIRECTION('',(0.,1.,0.));
#699 = DIRECTION('',(-1.,0.,0.));
#700 = ADVANCED_FACE('',(#701),#712,.F.);
#701 = FACE_BOUND('',#702,.F.);
#702 = EDGE_LOOP('',(#703,#704,#705,#706));
#703 = ORIENTED_EDGE('',*,*,#594,.F.);
#704 = ORIENTED_EDGE('',*,*,#689,.F.);
#705 = ORIENTED_EDGE('',*,*,#470,.T.);
#706 = ORIENTED_EDGE('',*,*,#707,.T.);
#707 = EDGE_CURVE('',#473,#597,#708,.T.);
#708 = LINE('',#709,#710);
#709 = CARTESIAN_POINT('',(0.277,-0.15,-1.387778780781E-17));
#710 = VECTOR('',#711,1.);
#711 = DIRECTION('',(0.,1.,0.));
#712 = PLANE('',#713);
#713 = AXIS2_PLACEMENT_3D('',#714,#715,#716);
#714 = CARTESIAN_POINT('',(0.2,-0.15,0.));
#715 = DIRECTION('',(0.,0.,1.));
#716 = DIRECTION('',(1.,0.,-0.));
#717 = ADVANCED_FACE('',(#718),#729,.T.);
#718 = FACE_BOUND('',#719,.T.);
#719 = EDGE_LOOP('',(#720,#721,#722,#723));
#720 = ORIENTED_EDGE('',*,*,#524,.T.);
#721 = ORIENTED_EDGE('',*,*,#707,.T.);
#722 = ORIENTED_EDGE('',*,*,#648,.F.);
#723 = ORIENTED_EDGE('',*,*,#724,.F.);
#724 = EDGE_CURVE('',#517,#641,#725,.T.);
#725 = LINE('',#726,#727);
#726 = CARTESIAN_POINT('',(0.3,-0.15,2.3E-02));
#727 = VECTOR('',#728,1.);
#728 = DIRECTION('',(0.,1.,0.));
#729 = CYLINDRICAL_SURFACE('',#730,2.3E-02);
#730 = AXIS2_PLACEMENT_3D('',#731,#732,#733);
#731 = CARTESIAN_POINT('',(0.277,-0.15,2.3E-02));
#732 = DIRECTION('',(0.,1.,0.));
#733 = DIRECTION('',(1.,0.,0.));
#734 = ADVANCED_FACE('',(#735),#746,.T.);
#735 = FACE_BOUND('',#736,.T.);
#736 = EDGE_LOOP('',(#737,#738,#739,#740));
#737 = ORIENTED_EDGE('',*,*,#516,.F.);
#738 = ORIENTED_EDGE('',*,*,#724,.T.);
#739 = ORIENTED_EDGE('',*,*,#640,.T.);
#740 = ORIENTED_EDGE('',*,*,#741,.F.);
#741 = EDGE_CURVE('',#508,#632,#742,.T.);
#742 = LINE('',#743,#744);
#743 = CARTESIAN_POINT('',(0.3,-0.15,0.207));
#744 = VECTOR('',#745,1.);
#745 = DIRECTION('',(0.,1.,0.));
#746 = PLANE('',#747);
#747 = AXIS2_PLACEMENT_3D('',#748,#749,#750);
#748 = CARTESIAN_POINT('',(0.3,-0.15,0.));
#749 = DIRECTION('',(1.,0.,0.));
#750 = DIRECTION('',(0.,0.,1.));
#751 = ADVANCED_FACE('',(#752),#763,.T.);
#752 = FACE_BOUND('',#753,.T.);
#753 = EDGE_LOOP('',(#754,#755,#756,#762));
#754 = ORIENTED_EDGE('',*,*,#741,.T.);
#755 = ORIENTED_EDGE('',*,*,#631,.T.);
#756 = ORIENTED_EDGE('',*,*,#757,.F.);
#757 = EDGE_CURVE('',#500,#624,#758,.T.);
#758 = LINE('',#759,#760);
#759 = CARTESIAN_POINT('',(0.277,-0.15,0.23));
#760 = VECTOR('',#761,1.);
#761 = DIRECTION('',(0.,1.,0.));
#762 = ORIENTED_EDGE('',*,*,#507,.F.);
#763 = CYLINDRICAL_SURFACE('',#764,2.3E-02);
#764 = AXIS2_PLACEMENT_3D('',#765,#766,#767);
#765 = CARTESIAN_POINT('',(0.277,-0.15,0.207));
#766 = DIRECTION('',(0.,1.,0.));
#767 = DIRECTION('',(1.,0.,0.));
#768 = ADVANCED_FACE('',(#769),#780,.T.);
#769 = FACE_BOUND('',#770,.T.);
#770 = EDGE_LOOP('',(#771,#772,#778,#779));
#771 = ORIENTED_EDGE('',*,*,#623,.F.);
#772 = ORIENTED_EDGE('',*,*,#773,.F.);
#773 = EDGE_CURVE('',#491,#615,#774,.T.);
#774 = LINE('',#775,#776);
#775 = CARTESIAN_POINT('',(0.223,-0.15,0.23));
#776 = VECTOR('',#777,1.);
#777 = DIRECTION('',(0.,1.,0.));
#778 = ORIENTED_EDGE('',*,*,#499,.T.);
#779 = ORIENTED_EDGE('',*,*,#757,.T.);
#780 = PLANE('',#781);
#781 = AXIS2_PLACEMENT_3D('',#782,#783,#784);
#782 = CARTESIAN_POINT('',(0.2,-0.15,0.23));
#783 = DIRECTION('',(0.,0.,1.));
#784 = DIRECTION('',(1.,0.,-0.));
#785 = ADVANCED_FACE('',(#786),#797,.T.);
#786 = FACE_BOUND('',#787,.T.);
#787 = EDGE_LOOP('',(#788,#789,#790,#791));
#788 = ORIENTED_EDGE('',*,*,#490,.T.);
#789 = ORIENTED_EDGE('',*,*,#773,.T.);
#790 = ORIENTED_EDGE('',*,*,#614,.F.);
#791 = ORIENTED_EDGE('',*,*,#792,.F.);
#792 = EDGE_CURVE('',#325,#408,#793,.T.);
#793 = LINE('',#794,#795);
#794 = CARTESIAN_POINT('',(0.2,-0.15,0.207));
#795 = VECTOR('',#796,1.);
#796 = DIRECTION('',(0.,1.,0.));
#797 = CYLINDRICAL_SURFACE('',#798,2.3E-02);
#798 = AXIS2_PLACEMENT_3D('',#799,#800,#801);
#799 = CARTESIAN_POINT('',(0.223,-0.15,0.207));
#800 = DIRECTION('',(0.,1.,0.));
#801 = DIRECTION('',(-1.,0.,0.));
#802 = ADVANCED_FACE('',(#803),#814,.T.);
#803 = FACE_BOUND('',#804,.T.);
#804 = EDGE_LOOP('',(#805,#806,#807,#808));
#805 = ORIENTED_EDGE('',*,*,#556,.F.);
#806 = ORIENTED_EDGE('',*,*,#792,.T.);
#807 = ORIENTED_EDGE('',*,*,#673,.T.);
#808 = ORIENTED_EDGE('',*,*,#809,.F.);
#809 = EDGE_CURVE('',#549,#666,#810,.T.);
#810 = LINE('',#811,#812);
#811 = CARTESIAN_POINT('',(0.2,-0.15,0.23));
#812 = VECTOR('',#813,1.);
#813 = DIRECTION('',(0.,1.,0.));
#814 = PLANE('',#815);
#815 = AXIS2_PLACEMENT_3D('',#816,#817,#818);
#816 = CARTESIAN_POINT('',(0.2,-0.15,0.207));
#817 = DIRECTION('',(1.,0.,0.));
#818 = DIRECTION('',(0.,0.,1.));
#819 = ADVANCED_FACE('',(#820),#826,.T.);
#820 = FACE_BOUND('',#821,.T.);
#821 = EDGE_LOOP('',(#822,#823,#824,#825));
#822 = ORIENTED_EDGE('',*,*,#580,.F.);
#823 = ORIENTED_EDGE('',*,*,#548,.T.);
#824 = ORIENTED_EDGE('',*,*,#809,.T.);
#825 = ORIENTED_EDGE('',*,*,#665,.F.);
#826 = PLANE('',#827);
#827 = AXIS2_PLACEMENT_3D('',#828,#829,#830);
#828 = CARTESIAN_POINT('',(-0.2,-0.15,0.23));
#829 = DIRECTION('',(0.,0.,1.));
#830 = DIRECTION('',(1.,0.,-0.));
#831 = ( GEOMETRIC_REPRESENTATION_CONTEXT(3) 
GLOBAL_UNCERTAINTY_ASSIGNED_CONTEXT((#835)) GLOBAL_UNIT_ASSIGNED_CONTEXT
((#832,#833,#834)) REPRESENTATION_CONTEXT('Context #1',
  '3D Context with UNIT and UNCERTAINTY') );
#832 = ( LENGTH_UNIT() NAMED_UNIT(*) SI_UNIT(.MILLI.,.METRE.) );
#833 = ( NAMED_UNIT(*) PLANE_ANGLE_UNIT() SI_UNIT($,.RADIAN.) );
#834 = ( NAMED_UNIT(*) SI_UNIT($,.STERADIAN.) SOLID_ANGLE_UNIT() );
#835 = UNCERTAINTY_MEASURE_WITH_UNIT(LENGTH_MEASURE(1.E-07),#832,
  'distance_accuracy_value','confusion accuracy');
#836 = CONTEXT_DEPENDENT_SHAPE_REPRESENTATION(#837,#839);
#837 = ( REPRESENTATION_RELATIONSHIP('','',#40,#10) 
REPRESENTATION_RELATIONSHIP_WITH_TRANSFORMATION(#838) 
SHAPE_REPRESENTATION_RELATIONSHIP() );
#838 = ITEM_DEFINED_TRANSFORMATION('','',#11,#15);
#839 = PRODUCT_DEFINITION_SHAPE('Placement','Placement of an item',#840
  );
#840 = NEXT_ASSEMBLY_USAGE_OCCURRENCE('1','R1','',#5,#35,$);
#841 = PRODUCT_RELATED_PRODUCT_CATEGORY('part',$,(#37));
#842 = SHAPE_DEFINITION_REPRESENTATION(#843,#849);
#843 = PRODUCT_DEFINITION_SHAPE('','',#844);
#844 = PRODUCT_DEFINITION('design','',#845,#848);
#845 = PRODUCT_DEFINITION_FORMATION('','',#846);
#846 = PRODUCT('kicad_embedded_8CE4FA674CE271D2E1678958DEB25DD1',
  'kicad_embedded_8CE4FA674CE271D2E1678958DEB25DD1','',(#847));
#847 = PRODUCT_CONTEXT('',#2,'mechanical');
#848 = PRODUCT_DEFINITION_CONTEXT('part definition',#2,'design');
#849 = ADVANCED_BREP_SHAPE_REPRESENTATION('',(#11,#850),#1562);
#850 = MANIFOLD_SOLID_BREP('',#851);
#851 = CLOSED_SHELL('',(#852,#894,#926,#968,#1010,#1082,#1122,#1162,
    #1202,#1252,#1315,#1327,#1339,#1351,#1363,#1381,#1401,#1419,#1439,
    #1457,#1473,#1485,#1509,#1533,#1550));
#852 = ADVANCED_FACE('',(#853),#889,.T.);
#853 = FACE_BOUND('',#854,.T.);
#854 = EDGE_LOOP('',(#855,#866,#874,#883));
#855 = ORIENTED_EDGE('',*,*,#856,.F.);
#856 = EDGE_CURVE('',#857,#859,#861,.T.);
#857 = VERTEX_POINT('',#858);
#858 = CARTESIAN_POINT('',(2.208783651747E-17,4.,8.036087248055E-02));
#859 = VERTEX_POINT('',#860);
#860 = CARTESIAN_POINT('',(0.,4.,-8.036087248055E-02));
#861 = CIRCLE('',#862,8.036087248055E-02);
#862 = AXIS2_PLACEMENT_3D('',#863,#864,#865);
#863 = CARTESIAN_POINT('',(0.,4.,0.));
#864 = DIRECTION('',(0.,1.,0.));
#865 = DIRECTION('',(0.,-0.,1.));
#866 = ORIENTED_EDGE('',*,*,#867,.T.);
#867 = EDGE_CURVE('',#857,#868,#870,.T.);
#868 = VERTEX_POINT('',#869);
#869 = CARTESIAN_POINT('',(3.433430450895E-17,3.8,0.280360872481));
#870 = LINE('',#871,#872);
#871 = CARTESIAN_POINT('',(9.841368526E-18,4.,8.036087248055E-02));
#872 = VECTOR('',#873,1.);
#873 = DIRECTION('',(8.659560562355E-17,-0.707106781187,0.707106781187)
  );
#874 = ORIENTED_EDGE('',*,*,#875,.F.);
#875 = EDGE_CURVE('',#876,#868,#878,.T.);
#876 = VERTEX_POINT('',#877);
#877 = CARTESIAN_POINT('',(0.,3.8,-0.280360872481));
#878 = CIRCLE('',#879,0.280360872481);
#879 = AXIS2_PLACEMENT_3D('',#880,#881,#882);
#880 = CARTESIAN_POINT('',(0.,3.8,0.));
#881 = DIRECTION('',(0.,-1.,0.));
#882 = DIRECTION('',(0.,0.,1.));
#883 = ORIENTED_EDGE('',*,*,#884,.F.);
#884 = EDGE_CURVE('',#859,#876,#885,.T.);
#885 = LINE('',#886,#887);
#886 = CARTESIAN_POINT('',(0.,4.,-8.036087248055E-02));
#887 = VECTOR('',#888,1.);
#888 = DIRECTION('',(0.,-0.707106781187,-0.707106781187));
#889 = CONICAL_SURFACE('',#890,8.036087248055E-02,0.785398163397);
#890 = AXIS2_PLACEMENT_3D('',#891,#892,#893);
#891 = CARTESIAN_POINT('',(0.,4.,0.));
#892 = DIRECTION('',(0.,-1.,0.));
#893 = DIRECTION('',(0.,0.,-1.));
#894 = ADVANCED_FACE('',(#895),#921,.T.);
#895 = FACE_BOUND('',#896,.T.);
#896 = EDGE_LOOP('',(#897,#898,#906,#915));
#897 = ORIENTED_EDGE('',*,*,#875,.T.);
#898 = ORIENTED_EDGE('',*,*,#899,.T.);
#899 = EDGE_CURVE('',#868,#900,#902,.T.);
#900 = VERTEX_POINT('',#901);
#901 = CARTESIAN_POINT('',(3.433430450895E-17,1.3,0.280360872481));
#902 = LINE('',#903,#904);
#903 = CARTESIAN_POINT('',(3.433430450895E-17,4.,0.280360872481));
#904 = VECTOR('',#905,1.);
#905 = DIRECTION('',(-0.,-1.,-0.));
#906 = ORIENTED_EDGE('',*,*,#907,.T.);
#907 = EDGE_CURVE('',#900,#908,#910,.T.);
#908 = VERTEX_POINT('',#909);
#909 = CARTESIAN_POINT('',(0.,1.3,-0.280360872481));
#910 = CIRCLE('',#911,0.280360872481);
#911 = AXIS2_PLACEMENT_3D('',#912,#913,#914);
#912 = CARTESIAN_POINT('',(0.,1.3,0.));
#913 = DIRECTION('',(0.,1.,0.));
#914 = DIRECTION('',(0.,-0.,1.));
#915 = ORIENTED_EDGE('',*,*,#916,.F.);
#916 = EDGE_CURVE('',#876,#908,#917,.T.);
#917 = LINE('',#918,#919);
#918 = CARTESIAN_POINT('',(0.,4.,-0.280360872481));
#919 = VECTOR('',#920,1.);
#920 = DIRECTION('',(-0.,-1.,-0.));
#921 = CYLINDRICAL_SURFACE('',#922,0.280360872481);
#922 = AXIS2_PLACEMENT_3D('',#923,#924,#925);
#923 = CARTESIAN_POINT('',(0.,4.,0.));
#924 = DIRECTION('',(-0.,-1.,-0.));
#925 = DIRECTION('',(0.,0.,-1.));
#926 = ADVANCED_FACE('',(#927),#963,.F.);
#927 = FACE_BOUND('',#928,.F.);
#928 = EDGE_LOOP('',(#929,#939,#948,#956));
#929 = ORIENTED_EDGE('',*,*,#930,.T.);
#930 = EDGE_CURVE('',#931,#933,#935,.T.);
#931 = VERTEX_POINT('',#932);
#932 = CARTESIAN_POINT('',(0.,1.3,1.9));
#933 = VERTEX_POINT('',#934);
#934 = CARTESIAN_POINT('',(0.,4.1,1.9));
#935 = LINE('',#936,#937);
#936 = CARTESIAN_POINT('',(0.,1.3,1.9));
#937 = VECTOR('',#938,1.);
#938 = DIRECTION('',(-0.,1.,-0.));
#939 = ORIENTED_EDGE('',*,*,#940,.F.);
#940 = EDGE_CURVE('',#941,#933,#943,.T.);
#941 = VERTEX_POINT('',#942);
#942 = CARTESIAN_POINT('',(2.32682891838E-16,4.1,-1.9));
#943 = CIRCLE('',#944,1.9);
#944 = AXIS2_PLACEMENT_3D('',#945,#946,#947);
#945 = CARTESIAN_POINT('',(0.,4.1,0.));
#946 = DIRECTION('',(0.,1.,0.));
#947 = DIRECTION('',(0.,-0.,1.));
#948 = ORIENTED_EDGE('',*,*,#949,.F.);
#949 = EDGE_CURVE('',#950,#941,#952,.T.);
#950 = VERTEX_POINT('',#951);
#951 = CARTESIAN_POINT('',(2.32682891838E-16,1.3,-1.9));
#952 = LINE('',#953,#954);
#953 = CARTESIAN_POINT('',(2.32682891838E-16,1.3,-1.9));
#954 = VECTOR('',#955,1.);
#955 = DIRECTION('',(-0.,1.,-0.));
#956 = ORIENTED_EDGE('',*,*,#957,.T.);
#957 = EDGE_CURVE('',#950,#931,#958,.T.);
#958 = CIRCLE('',#959,1.9);
#959 = AXIS2_PLACEMENT_3D('',#960,#961,#962);
#960 = CARTESIAN_POINT('',(0.,1.3,0.));
#961 = DIRECTION('',(0.,1.,0.));
#962 = DIRECTION('',(0.,-0.,1.));
#963 = CYLINDRICAL_SURFACE('',#964,1.9);
#964 = AXIS2_PLACEMENT_3D('',#965,#966,#967);
#965 = CARTESIAN_POINT('',(0.,1.3,0.));
#966 = DIRECTION('',(-0.,1.,-0.));
#967 = DIRECTION('',(0.,0.,1.));
#968 = ADVANCED_FACE('',(#969),#1005,.T.);
#969 = FACE_BOUND('',#970,.T.);
#970 = EDGE_LOOP('',(#971,#982,#990,#999));
#971 = ORIENTED_EDGE('',*,*,#972,.F.);
#972 = EDGE_CURVE('',#973,#975,#977,.T.);
#973 = VERTEX_POINT('',#974);
#974 = CARTESIAN_POINT('',(2.571758278209E-16,4.1,2.1));
#975 = VERTEX_POINT('',#976);
#976 = CARTESIAN_POINT('',(0.,4.1,-2.1));
#977 = CIRCLE('',#978,2.1);
#978 = AXIS2_PLACEMENT_3D('',#979,#980,#981);
#979 = CARTESIAN_POINT('',(0.,4.1,0.));
#980 = DIRECTION('',(0.,1.,0.));
#981 = DIRECTION('',(0.,-0.,1.));
#982 = ORIENTED_EDGE('',*,*,#983,.T.);
#983 = EDGE_CURVE('',#973,#984,#986,.T.);
#984 = VERTEX_POINT('',#985);
#985 = CARTESIAN_POINT('',(2.571758278209E-16,1.4,2.1));
#986 = LINE('',#987,#988);
#987 = CARTESIAN_POINT('',(2.571758278209E-16,4.1,2.1));
#988 = VECTOR('',#989,1.);
#989 = DIRECTION('',(-0.,-1.,-0.));
#990 = ORIENTED_EDGE('',*,*,#991,.T.);
#991 = EDGE_CURVE('',#984,#992,#994,.T.);
#992 = VERTEX_POINT('',#993);
#993 = CARTESIAN_POINT('',(0.,1.4,-2.1));
#994 = CIRCLE('',#995,2.1);
#995 = AXIS2_PLACEMENT_3D('',#996,#997,#998);
#996 = CARTESIAN_POINT('',(0.,1.4,0.));
#997 = DIRECTION('',(0.,1.,0.));
#998 = DIRECTION('',(0.,-0.,1.));
#999 = ORIENTED_EDGE('',*,*,#1000,.F.);
#1000 = EDGE_CURVE('',#975,#992,#1001,.T.);
#1001 = LINE('',#1002,#1003);
#1002 = CARTESIAN_POINT('',(0.,4.1,-2.1));
#1003 = VECTOR('',#1004,1.);
#1004 = DIRECTION('',(-0.,-1.,-0.));
#1005 = CYLINDRICAL_SURFACE('',#1006,2.1);
#1006 = AXIS2_PLACEMENT_3D('',#1007,#1008,#1009);
#1007 = CARTESIAN_POINT('',(0.,4.1,0.));
#1008 = DIRECTION('',(-0.,-1.,-0.));
#1009 = DIRECTION('',(0.,0.,-1.));
#1010 = ADVANCED_FACE('',(#1011),#1077,.F.);
#1011 = FACE_BOUND('',#1012,.T.);
#1012 = EDGE_LOOP('',(#1013,#1023,#1031,#1039,#1047,#1055,#1063,#1071));
#1013 = ORIENTED_EDGE('',*,*,#1014,.F.);
#1014 = EDGE_CURVE('',#1015,#1017,#1019,.T.);
#1015 = VERTEX_POINT('',#1016);
#1016 = CARTESIAN_POINT('',(0.2,0.1,-2.5));
#1017 = VERTEX_POINT('',#1018);
#1018 = CARTESIAN_POINT('',(0.2,0.,-2.5));
#1019 = LINE('',#1020,#1021);
#1020 = CARTESIAN_POINT('',(0.2,0.1,-2.5));
#1021 = VECTOR('',#1022,1.);
#1022 = DIRECTION('',(0.,-1.,0.));
#1023 = ORIENTED_EDGE('',*,*,#1024,.T.);
#1024 = EDGE_CURVE('',#1015,#1025,#1027,.T.);
#1025 = VERTEX_POINT('',#1026);
#1026 = CARTESIAN_POINT('',(-0.2,0.1,-2.5));
#1027 = LINE('',#1028,#1029);
#1028 = CARTESIAN_POINT('',(-0.2,0.1,-2.5));
#1029 = VECTOR('',#1030,1.);
#1030 = DIRECTION('',(-1.,-0.,-0.));
#1031 = ORIENTED_EDGE('',*,*,#1032,.T.);
#1032 = EDGE_CURVE('',#1025,#1033,#1035,.T.);
#1033 = VERTEX_POINT('',#1034);
#1034 = CARTESIAN_POINT('',(-0.2,0.,-2.5));
#1035 = LINE('',#1036,#1037);
#1036 = CARTESIAN_POINT('',(-0.2,0.1,-2.5));
#1037 = VECTOR('',#1038,1.);
#1038 = DIRECTION('',(0.,-1.,0.));
#1039 = ORIENTED_EDGE('',*,*,#1040,.T.);
#1040 = EDGE_CURVE('',#1033,#1041,#1043,.T.);
#1041 = VERTEX_POINT('',#1042);
#1042 = CARTESIAN_POINT('',(-2.07665596573,0.,-2.5));
#1043 = LINE('',#1044,#1045);
#1044 = CARTESIAN_POINT('',(-2.5,0.,-2.5));
#1045 = VECTOR('',#1046,1.);
#1046 = DIRECTION('',(-1.,-0.,-0.));
#1047 = ORIENTED_EDGE('',*,*,#1048,.T.);
#1048 = EDGE_CURVE('',#1041,#1049,#1051,.T.);
#1049 = VERTEX_POINT('',#1050);
#1050 = CARTESIAN_POINT('',(-2.07665596573,1.4,-2.5));
#1051 = LINE('',#1052,#1053);
#1052 = CARTESIAN_POINT('',(-2.07665596573,-8.6,-2.5));
#1053 = VECTOR('',#1054,1.);
#1054 = DIRECTION('',(-0.,1.,-0.));
#1055 = ORIENTED_EDGE('',*,*,#1056,.F.);
#1056 = EDGE_CURVE('',#1057,#1049,#1059,.T.);
#1057 = VERTEX_POINT('',#1058);
#1058 = CARTESIAN_POINT('',(2.07665596573,1.4,-2.5));
#1059 = LINE('',#1060,#1061);
#1060 = CARTESIAN_POINT('',(-2.5,1.4,-2.5));
#1061 = VECTOR('',#1062,1.);
#1062 = DIRECTION('',(-1.,-0.,-0.));
#1063 = ORIENTED_EDGE('',*,*,#1064,.F.);
#1064 = EDGE_CURVE('',#1065,#1057,#1067,.T.);
#1065 = VERTEX_POINT('',#1066);
#1066 = CARTESIAN_POINT('',(2.07665596573,0.,-2.5));
#1067 = LINE('',#1068,#1069);
#1068 = CARTESIAN_POINT('',(2.07665596573,-8.6,-2.5));
#1069 = VECTOR('',#1070,1.);
#1070 = DIRECTION('',(-0.,1.,-0.));
#1071 = ORIENTED_EDGE('',*,*,#1072,.T.);
#1072 = EDGE_CURVE('',#1065,#1017,#1073,.T.);
#1073 = LINE('',#1074,#1075);
#1074 = CARTESIAN_POINT('',(-2.5,0.,-2.5));
#1075 = VECTOR('',#1076,1.);
#1076 = DIRECTION('',(-1.,-0.,-0.));
#1077 = PLANE('',#1078);
#1078 = AXIS2_PLACEMENT_3D('',#1079,#1080,#1081);
#1079 = CARTESIAN_POINT('',(-2.5,1.4,-2.5));
#1080 = DIRECTION('',(0.,0.,1.));
#1081 = DIRECTION('',(1.,0.,-0.));
#1082 = ADVANCED_FACE('',(#1083),#1117,.F.);
#1083 = FACE_BOUND('',#1084,.T.);
#1084 = EDGE_LOOP('',(#1085,#1095,#1103,#1111));
#1085 = ORIENTED_EDGE('',*,*,#1086,.F.);
#1086 = EDGE_CURVE('',#1087,#1089,#1091,.T.);
#1087 = VERTEX_POINT('',#1088);
#1088 = CARTESIAN_POINT('',(2.5,0.,2.07665596573));
#1089 = VERTEX_POINT('',#1090);
#1090 = CARTESIAN_POINT('',(2.5,1.4,2.07665596573));
#1091 = LINE('',#1092,#1093);
#1092 = CARTESIAN_POINT('',(2.5,-8.6,2.07665596573));
#1093 = VECTOR('',#1094,1.);
#1094 = DIRECTION('',(-0.,1.,-0.));
#1095 = ORIENTED_EDGE('',*,*,#1096,.T.);
#1096 = EDGE_CURVE('',#1087,#1097,#1099,.T.);
#1097 = VERTEX_POINT('',#1098);
#1098 = CARTESIAN_POINT('',(2.5,0.,-2.07665596573));
#1099 = LINE('',#1100,#1101);
#1100 = CARTESIAN_POINT('',(2.5,0.,2.5));
#1101 = VECTOR('',#1102,1.);
#1102 = DIRECTION('',(0.,0.,-1.));
#1103 = ORIENTED_EDGE('',*,*,#1104,.T.);
#1104 = EDGE_CURVE('',#1097,#1105,#1107,.T.);
#1105 = VERTEX_POINT('',#1106);
#1106 = CARTESIAN_POINT('',(2.5,1.4,-2.07665596573));
#1107 = LINE('',#1108,#1109);
#1108 = CARTESIAN_POINT('',(2.5,-8.6,-2.07665596573));
#1109 = VECTOR('',#1110,1.);
#1110 = DIRECTION('',(-0.,1.,-0.));
#1111 = ORIENTED_EDGE('',*,*,#1112,.F.);
#1112 = EDGE_CURVE('',#1089,#1105,#1113,.T.);
#1113 = LINE('',#1114,#1115);
#1114 = CARTESIAN_POINT('',(2.5,1.4,2.5));
#1115 = VECTOR('',#1116,1.);
#1116 = DIRECTION('',(0.,0.,-1.));
#1117 = PLANE('',#1118);
#1118 = AXIS2_PLACEMENT_3D('',#1119,#1120,#1121);
#1119 = CARTESIAN_POINT('',(2.5,1.4,2.5));
#1120 = DIRECTION('',(-1.,0.,0.));
#1121 = DIRECTION('',(0.,0.,1.));
#1122 = ADVANCED_FACE('',(#1123),#1157,.F.);
#1123 = FACE_BOUND('',#1124,.T.);
#1124 = EDGE_LOOP('',(#1125,#1135,#1143,#1151));
#1125 = ORIENTED_EDGE('',*,*,#1126,.F.);
#1126 = EDGE_CURVE('',#1127,#1129,#1131,.T.);
#1127 = VERTEX_POINT('',#1128);
#1128 = CARTESIAN_POINT('',(-2.5,0.,-2.07665596573));
#1129 = VERTEX_POINT('',#1130);
#1130 = CARTESIAN_POINT('',(-2.5,1.4,-2.07665596573));
#1131 = LINE('',#1132,#1133);
#1132 = CARTESIAN_POINT('',(-2.5,-8.6,-2.07665596573));
#1133 = VECTOR('',#1134,1.);
#1134 = DIRECTION('',(-0.,1.,-0.));
#1135 = ORIENTED_EDGE('',*,*,#1136,.T.);
#1136 = EDGE_CURVE('',#1127,#1137,#1139,.T.);
#1137 = VERTEX_POINT('',#1138);
#1138 = CARTESIAN_POINT('',(-2.5,0.,2.07665596573));
#1139 = LINE('',#1140,#1141);
#1140 = CARTESIAN_POINT('',(-2.5,0.,2.5));
#1141 = VECTOR('',#1142,1.);
#1142 = DIRECTION('',(-0.,-0.,1.));
#1143 = ORIENTED_EDGE('',*,*,#1144,.T.);
#1144 = EDGE_CURVE('',#1137,#1145,#1147,.T.);
#1145 = VERTEX_POINT('',#1146);
#1146 = CARTESIAN_POINT('',(-2.5,1.4,2.07665596573));
#1147 = LINE('',#1148,#1149);
#1148 = CARTESIAN_POINT('',(-2.5,-8.6,2.07665596573));
#1149 = VECTOR('',#1150,1.);
#1150 = DIRECTION('',(-0.,1.,-0.));
#1151 = ORIENTED_EDGE('',*,*,#1152,.F.);
#1152 = EDGE_CURVE('',#1129,#1145,#1153,.T.);
#1153 = LINE('',#1154,#1155);
#1154 = CARTESIAN_POINT('',(-2.5,1.4,2.5));
#1155 = VECTOR('',#1156,1.);
#1156 = DIRECTION('',(-0.,-0.,1.));
#1157 = PLANE('',#1158);
#1158 = AXIS2_PLACEMENT_3D('',#1159,#1160,#1161);
#1159 = CARTESIAN_POINT('',(-2.5,1.4,2.5));
#1160 = DIRECTION('',(1.,-0.,0.));
#1161 = DIRECTION('',(0.,0.,-1.));
#1162 = ADVANCED_FACE('',(#1163),#1197,.F.);
#1163 = FACE_BOUND('',#1164,.T.);
#1164 = EDGE_LOOP('',(#1165,#1175,#1183,#1191));
#1165 = ORIENTED_EDGE('',*,*,#1166,.T.);
#1166 = EDGE_CURVE('',#1167,#1169,#1171,.T.);
#1167 = VERTEX_POINT('',#1168);
#1168 = CARTESIAN_POINT('',(2.07665596573,0.,2.5));
#1169 = VERTEX_POINT('',#1170);
#1170 = CARTESIAN_POINT('',(2.07665596573,1.4,2.5));
#1171 = LINE('',#1172,#1173);
#1172 = CARTESIAN_POINT('',(2.07665596573,-8.6,2.5));
#1173 = VECTOR('',#1174,1.);
#1174 = DIRECTION('',(-0.,1.,-0.));
#1175 = ORIENTED_EDGE('',*,*,#1176,.F.);
#1176 = EDGE_CURVE('',#1177,#1169,#1179,.T.);
#1177 = VERTEX_POINT('',#1178);
#1178 = CARTESIAN_POINT('',(-2.07665596573,1.4,2.5));
#1179 = LINE('',#1180,#1181);
#1180 = CARTESIAN_POINT('',(-2.5,1.4,2.5));
#1181 = VECTOR('',#1182,1.);
#1182 = DIRECTION('',(1.,0.,0.));
#1183 = ORIENTED_EDGE('',*,*,#1184,.F.);
#1184 = EDGE_CURVE('',#1185,#1177,#1187,.T.);
#1185 = VERTEX_POINT('',#1186);
#1186 = CARTESIAN_POINT('',(-2.07665596573,0.,2.5));
#1187 = LINE('',#1188,#1189);
#1188 = CARTESIAN_POINT('',(-2.07665596573,-8.6,2.5));
#1189 = VECTOR('',#1190,1.);
#1190 = DIRECTION('',(-0.,1.,-0.));
#1191 = ORIENTED_EDGE('',*,*,#1192,.T.);
#1192 = EDGE_CURVE('',#1185,#1167,#1193,.T.);
#1193 = LINE('',#1194,#1195);
#1194 = CARTESIAN_POINT('',(-2.5,0.,2.5));
#1195 = VECTOR('',#1196,1.);
#1196 = DIRECTION('',(1.,0.,0.));
#1197 = PLANE('',#1198);
#1198 = AXIS2_PLACEMENT_3D('',#1199,#1200,#1201);
#1199 = CARTESIAN_POINT('',(-2.5,1.4,2.5));
#1200 = DIRECTION('',(0.,0.,-1.));
#1201 = DIRECTION('',(-1.,0.,-0.));
#1202 = ADVANCED_FACE('',(#1203,#1213),#1247,.F.);
#1203 = FACE_BOUND('',#1204,.T.);
#1204 = EDGE_LOOP('',(#1205,#1212));
#1205 = ORIENTED_EDGE('',*,*,#1206,.F.);
#1206 = EDGE_CURVE('',#992,#984,#1207,.T.);
#1207 = CIRCLE('',#1208,2.1);
#1208 = AXIS2_PLACEMENT_3D('',#1209,#1210,#1211);
#1209 = CARTESIAN_POINT('',(0.,1.4,0.));
#1210 = DIRECTION('',(0.,1.,0.));
#1211 = DIRECTION('',(0.,-0.,1.));
#1212 = ORIENTED_EDGE('',*,*,#991,.F.);
#1213 = FACE_BOUND('',#1214,.T.);
#1214 = EDGE_LOOP('',(#1215,#1222,#1223,#1230,#1231,#1238,#1239,#1246));
#1215 = ORIENTED_EDGE('',*,*,#1216,.T.);
#1216 = EDGE_CURVE('',#1169,#1089,#1217,.T.);
#1217 = CIRCLE('',#1218,3.25);
#1218 = AXIS2_PLACEMENT_3D('',#1219,#1220,#1221);
#1219 = CARTESIAN_POINT('',(0.,1.4,0.));
#1220 = DIRECTION('',(0.,1.,-0.));
#1221 = DIRECTION('',(0.,0.,1.));
#1222 = ORIENTED_EDGE('',*,*,#1112,.T.);
#1223 = ORIENTED_EDGE('',*,*,#1224,.T.);
#1224 = EDGE_CURVE('',#1105,#1057,#1225,.T.);
#1225 = CIRCLE('',#1226,3.25);
#1226 = AXIS2_PLACEMENT_3D('',#1227,#1228,#1229);
#1227 = CARTESIAN_POINT('',(0.,1.4,0.));
#1228 = DIRECTION('',(0.,1.,-0.));
#1229 = DIRECTION('',(0.,0.,1.));
#1230 = ORIENTED_EDGE('',*,*,#1056,.T.);
#1231 = ORIENTED_EDGE('',*,*,#1232,.T.);
#1232 = EDGE_CURVE('',#1049,#1129,#1233,.T.);
#1233 = CIRCLE('',#1234,3.25);
#1234 = AXIS2_PLACEMENT_3D('',#1235,#1236,#1237);
#1235 = CARTESIAN_POINT('',(0.,1.4,0.));
#1236 = DIRECTION('',(0.,1.,-0.));
#1237 = DIRECTION('',(0.,0.,1.));
#1238 = ORIENTED_EDGE('',*,*,#1152,.T.);
#1239 = ORIENTED_EDGE('',*,*,#1240,.T.);
#1240 = EDGE_CURVE('',#1145,#1177,#1241,.T.);
#1241 = CIRCLE('',#1242,3.25);
#1242 = AXIS2_PLACEMENT_3D('',#1243,#1244,#1245);
#1243 = CARTESIAN_POINT('',(0.,1.4,0.));
#1244 = DIRECTION('',(0.,1.,-0.));
#1245 = DIRECTION('',(0.,0.,1.));
#1246 = ORIENTED_EDGE('',*,*,#1176,.T.);
#1247 = PLANE('',#1248);
#1248 = AXIS2_PLACEMENT_3D('',#1249,#1250,#1251);
#1249 = CARTESIAN_POINT('',(0.,1.4,0.));
#1250 = DIRECTION('',(0.,-1.,0.));
#1251 = DIRECTION('',(0.,-0.,-1.));
#1252 = ADVANCED_FACE('',(#1253),#1310,.T.);
#1253 = FACE_BOUND('',#1254,.T.);
#1254 = EDGE_LOOP('',(#1255,#1256,#1263,#1264,#1271,#1272,#1279,#1280,
    #1288,#1296,#1302,#1303));
#1255 = ORIENTED_EDGE('',*,*,#1096,.F.);
#1256 = ORIENTED_EDGE('',*,*,#1257,.T.);
#1257 = EDGE_CURVE('',#1087,#1167,#1258,.T.);
#1258 = CIRCLE('',#1259,3.25);
#1259 = AXIS2_PLACEMENT_3D('',#1260,#1261,#1262);
#1260 = CARTESIAN_POINT('',(0.,0.,0.));
#1261 = DIRECTION('',(0.,-1.,0.));
#1262 = DIRECTION('',(0.,0.,-1.));
#1263 = ORIENTED_EDGE('',*,*,#1192,.F.);
#1264 = ORIENTED_EDGE('',*,*,#1265,.T.);
#1265 = EDGE_CURVE('',#1185,#1137,#1266,.T.);
#1266 = CIRCLE('',#1267,3.25);
#1267 = AXIS2_PLACEMENT_3D('',#1268,#1269,#1270);
#1268 = CARTESIAN_POINT('',(0.,0.,0.));
#1269 = DIRECTION('',(0.,-1.,0.));
#1270 = DIRECTION('',(0.,0.,-1.));
#1271 = ORIENTED_EDGE('',*,*,#1136,.F.);
#1272 = ORIENTED_EDGE('',*,*,#1273,.T.);
#1273 = EDGE_CURVE('',#1127,#1041,#1274,.T.);
#1274 = CIRCLE('',#1275,3.25);
#1275 = AXIS2_PLACEMENT_3D('',#1276,#1277,#1278);
#1276 = CARTESIAN_POINT('',(0.,0.,0.));
#1277 = DIRECTION('',(0.,-1.,0.));
#1278 = DIRECTION('',(0.,0.,-1.));
#1279 = ORIENTED_EDGE('',*,*,#1040,.F.);
#1280 = ORIENTED_EDGE('',*,*,#1281,.T.);
#1281 = EDGE_CURVE('',#1033,#1282,#1284,.T.);
#1282 = VERTEX_POINT('',#1283);
#1283 = CARTESIAN_POINT('',(-0.2,0.,-3.5));
#1284 = LINE('',#1285,#1286);
#1285 = CARTESIAN_POINT('',(-0.2,0.,-3.5));
#1286 = VECTOR('',#1287,1.);
#1287 = DIRECTION('',(-0.,-0.,-1.));
#1288 = ORIENTED_EDGE('',*,*,#1289,.T.);
#1289 = EDGE_CURVE('',#1282,#1290,#1292,.T.);
#1290 = VERTEX_POINT('',#1291);
#1291 = CARTESIAN_POINT('',(0.2,0.,-3.5));
#1292 = LINE('',#1293,#1294);
#1293 = CARTESIAN_POINT('',(-0.2,0.,-3.5));
#1294 = VECTOR('',#1295,1.);
#1295 = DIRECTION('',(1.,0.,0.));
#1296 = ORIENTED_EDGE('',*,*,#1297,.T.);
#1297 = EDGE_CURVE('',#1290,#1017,#1298,.T.);
#1298 = LINE('',#1299,#1300);
#1299 = CARTESIAN_POINT('',(0.2,0.,-3.5));
#1300 = VECTOR('',#1301,1.);
#1301 = DIRECTION('',(0.,0.,1.));
#1302 = ORIENTED_EDGE('',*,*,#1072,.F.);
#1303 = ORIENTED_EDGE('',*,*,#1304,.T.);
#1304 = EDGE_CURVE('',#1065,#1097,#1305,.T.);
#1305 = CIRCLE('',#1306,3.25);
#1306 = AXIS2_PLACEMENT_3D('',#1307,#1308,#1309);
#1307 = CARTESIAN_POINT('',(0.,0.,0.));
#1308 = DIRECTION('',(0.,-1.,0.));
#1309 = DIRECTION('',(0.,0.,-1.));
#1310 = PLANE('',#1311);
#1311 = AXIS2_PLACEMENT_3D('',#1312,#1313,#1314);
#1312 = CARTESIAN_POINT('',(0.,0.,0.));
#1313 = DIRECTION('',(0.,-1.,0.));
#1314 = DIRECTION('',(0.,-0.,-1.));
#1315 = ADVANCED_FACE('',(#1316),#1322,.T.);
#1316 = FACE_BOUND('',#1317,.T.);
#1317 = EDGE_LOOP('',(#1318,#1319,#1320,#1321));
#1318 = ORIENTED_EDGE('',*,*,#1184,.T.);
#1319 = ORIENTED_EDGE('',*,*,#1240,.F.);
#1320 = ORIENTED_EDGE('',*,*,#1144,.F.);
#1321 = ORIENTED_EDGE('',*,*,#1265,.F.);
#1322 = CYLINDRICAL_SURFACE('',#1323,3.25);
#1323 = AXIS2_PLACEMENT_3D('',#1324,#1325,#1326);
#1324 = CARTESIAN_POINT('',(0.,-8.6,0.));
#1325 = DIRECTION('',(-0.,1.,-0.));
#1326 = DIRECTION('',(0.,0.,1.));
#1327 = ADVANCED_FACE('',(#1328),#1334,.T.);
#1328 = FACE_BOUND('',#1329,.T.);
#1329 = EDGE_LOOP('',(#1330,#1331,#1332,#1333));
#1330 = ORIENTED_EDGE('',*,*,#1126,.T.);
#1331 = ORIENTED_EDGE('',*,*,#1232,.F.);
#1332 = ORIENTED_EDGE('',*,*,#1048,.F.);
#1333 = ORIENTED_EDGE('',*,*,#1273,.F.);
#1334 = CYLINDRICAL_SURFACE('',#1335,3.25);
#1335 = AXIS2_PLACEMENT_3D('',#1336,#1337,#1338);
#1336 = CARTESIAN_POINT('',(0.,-8.6,0.));
#1337 = DIRECTION('',(-0.,1.,-0.));
#1338 = DIRECTION('',(0.,0.,1.));
#1339 = ADVANCED_FACE('',(#1340),#1346,.T.);
#1340 = FACE_BOUND('',#1341,.T.);
#1341 = EDGE_LOOP('',(#1342,#1343,#1344,#1345));
#1342 = ORIENTED_EDGE('',*,*,#1064,.T.);
#1343 = ORIENTED_EDGE('',*,*,#1224,.F.);
#1344 = ORIENTED_EDGE('',*,*,#1104,.F.);
#1345 = ORIENTED_EDGE('',*,*,#1304,.F.);
#1346 = CYLINDRICAL_SURFACE('',#1347,3.25);
#1347 = AXIS2_PLACEMENT_3D('',#1348,#1349,#1350);
#1348 = CARTESIAN_POINT('',(0.,-8.6,0.));
#1349 = DIRECTION('',(-0.,1.,-0.));
#1350 = DIRECTION('',(0.,0.,1.));
#1351 = ADVANCED_FACE('',(#1352),#1358,.T.);
#1352 = FACE_BOUND('',#1353,.T.);
#1353 = EDGE_LOOP('',(#1354,#1355,#1356,#1357));
#1354 = ORIENTED_EDGE('',*,*,#1086,.T.);
#1355 = ORIENTED_EDGE('',*,*,#1216,.F.);
#1356 = ORIENTED_EDGE('',*,*,#1166,.F.);
#1357 = ORIENTED_EDGE('',*,*,#1257,.F.);
#1358 = CYLINDRICAL_SURFACE('',#1359,3.25);
#1359 = AXIS2_PLACEMENT_3D('',#1360,#1361,#1362);
#1360 = CARTESIAN_POINT('',(0.,-8.6,0.));
#1361 = DIRECTION('',(-0.,1.,-0.));
#1362 = DIRECTION('',(0.,0.,1.));
#1363 = ADVANCED_FACE('',(#1364),#1376,.T.);
#1364 = FACE_BOUND('',#1365,.T.);
#1365 = EDGE_LOOP('',(#1366,#1367,#1374,#1375));
#1366 = ORIENTED_EDGE('',*,*,#983,.F.);
#1367 = ORIENTED_EDGE('',*,*,#1368,.F.);
#1368 = EDGE_CURVE('',#975,#973,#1369,.T.);
#1369 = CIRCLE('',#1370,2.1);
#1370 = AXIS2_PLACEMENT_3D('',#1371,#1372,#1373);
#1371 = CARTESIAN_POINT('',(0.,4.1,0.));
#1372 = DIRECTION('',(0.,1.,0.));
#1373 = DIRECTION('',(0.,-0.,1.));
#1374 = ORIENTED_EDGE('',*,*,#1000,.T.);
#1375 = ORIENTED_EDGE('',*,*,#1206,.T.);
#1376 = CYLINDRICAL_SURFACE('',#1377,2.1);
#1377 = AXIS2_PLACEMENT_3D('',#1378,#1379,#1380);
#1378 = CARTESIAN_POINT('',(0.,4.1,0.));
#1379 = DIRECTION('',(-0.,-1.,-0.));
#1380 = DIRECTION('',(0.,0.,-1.));
#1381 = ADVANCED_FACE('',(#1382,#1392),#1396,.T.);
#1382 = FACE_BOUND('',#1383,.T.);
#1383 = EDGE_LOOP('',(#1384,#1391));
#1384 = ORIENTED_EDGE('',*,*,#1385,.F.);
#1385 = EDGE_CURVE('',#933,#941,#1386,.T.);
#1386 = CIRCLE('',#1387,1.9);
#1387 = AXIS2_PLACEMENT_3D('',#1388,#1389,#1390);
#1388 = CARTESIAN_POINT('',(0.,4.1,0.));
#1389 = DIRECTION('',(0.,1.,0.));
#1390 = DIRECTION('',(0.,-0.,1.));
#1391 = ORIENTED_EDGE('',*,*,#940,.F.);
#1392 = FACE_BOUND('',#1393,.T.);
#1393 = EDGE_LOOP('',(#1394,#1395));
#1394 = ORIENTED_EDGE('',*,*,#1368,.T.);
#1395 = ORIENTED_EDGE('',*,*,#972,.T.);
#1396 = PLANE('',#1397);
#1397 = AXIS2_PLACEMENT_3D('',#1398,#1399,#1400);
#1398 = CARTESIAN_POINT('',(0.,4.1,0.));
#1399 = DIRECTION('',(0.,1.,0.));
#1400 = DIRECTION('',(0.,-0.,1.));
#1401 = ADVANCED_FACE('',(#1402),#1414,.F.);
#1402 = FACE_BOUND('',#1403,.F.);
#1403 = EDGE_LOOP('',(#1404,#1405,#1406,#1413));
#1404 = ORIENTED_EDGE('',*,*,#1385,.F.);
#1405 = ORIENTED_EDGE('',*,*,#930,.F.);
#1406 = ORIENTED_EDGE('',*,*,#1407,.T.);
#1407 = EDGE_CURVE('',#931,#950,#1408,.T.);
#1408 = CIRCLE('',#1409,1.9);
#1409 = AXIS2_PLACEMENT_3D('',#1410,#1411,#1412);
#1410 = CARTESIAN_POINT('',(0.,1.3,0.));
#1411 = DIRECTION('',(0.,1.,0.));
#1412 = DIRECTION('',(0.,-0.,1.));
#1413 = ORIENTED_EDGE('',*,*,#949,.T.);
#1414 = CYLINDRICAL_SURFACE('',#1415,1.9);
#1415 = AXIS2_PLACEMENT_3D('',#1416,#1417,#1418);
#1416 = CARTESIAN_POINT('',(0.,1.3,0.));
#1417 = DIRECTION('',(-0.,1.,-0.));
#1418 = DIRECTION('',(0.,0.,1.));
#1419 = ADVANCED_FACE('',(#1420,#1430),#1434,.T.);
#1420 = FACE_BOUND('',#1421,.T.);
#1421 = EDGE_LOOP('',(#1422,#1429));
#1422 = ORIENTED_EDGE('',*,*,#1423,.F.);
#1423 = EDGE_CURVE('',#908,#900,#1424,.T.);
#1424 = CIRCLE('',#1425,0.280360872481);
#1425 = AXIS2_PLACEMENT_3D('',#1426,#1427,#1428);
#1426 = CARTESIAN_POINT('',(0.,1.3,0.));
#1427 = DIRECTION('',(0.,1.,0.));
#1428 = DIRECTION('',(0.,-0.,1.));
#1429 = ORIENTED_EDGE('',*,*,#907,.F.);
#1430 = FACE_BOUND('',#1431,.T.);
#1431 = EDGE_LOOP('',(#1432,#1433));
#1432 = ORIENTED_EDGE('',*,*,#1407,.T.);
#1433 = ORIENTED_EDGE('',*,*,#957,.T.);
#1434 = PLANE('',#1435);
#1435 = AXIS2_PLACEMENT_3D('',#1436,#1437,#1438);
#1436 = CARTESIAN_POINT('',(0.,1.3,0.));
#1437 = DIRECTION('',(0.,1.,0.));
#1438 = DIRECTION('',(0.,-0.,1.));
#1439 = ADVANCED_FACE('',(#1440),#1452,.T.);
#1440 = FACE_BOUND('',#1441,.T.);
#1441 = EDGE_LOOP('',(#1442,#1443,#1450,#1451));
#1442 = ORIENTED_EDGE('',*,*,#899,.F.);
#1443 = ORIENTED_EDGE('',*,*,#1444,.T.);
#1444 = EDGE_CURVE('',#868,#876,#1445,.T.);
#1445 = CIRCLE('',#1446,0.280360872481);
#1446 = AXIS2_PLACEMENT_3D('',#1447,#1448,#1449);
#1447 = CARTESIAN_POINT('',(0.,3.8,0.));
#1448 = DIRECTION('',(0.,-1.,0.));
#1449 = DIRECTION('',(0.,0.,1.));
#1450 = ORIENTED_EDGE('',*,*,#916,.T.);
#1451 = ORIENTED_EDGE('',*,*,#1423,.T.);
#1452 = CYLINDRICAL_SURFACE('',#1453,0.280360872481);
#1453 = AXIS2_PLACEMENT_3D('',#1454,#1455,#1456);
#1454 = CARTESIAN_POINT('',(0.,4.,0.));
#1455 = DIRECTION('',(-0.,-1.,-0.));
#1456 = DIRECTION('',(0.,0.,-1.));
#1457 = ADVANCED_FACE('',(#1458),#1468,.T.);
#1458 = FACE_BOUND('',#1459,.T.);
#1459 = EDGE_LOOP('',(#1460,#1467));
#1460 = ORIENTED_EDGE('',*,*,#1461,.T.);
#1461 = EDGE_CURVE('',#859,#857,#1462,.T.);
#1462 = CIRCLE('',#1463,8.036087248055E-02);
#1463 = AXIS2_PLACEMENT_3D('',#1464,#1465,#1466);
#1464 = CARTESIAN_POINT('',(0.,4.,0.));
#1465 = DIRECTION('',(0.,1.,0.));
#1466 = DIRECTION('',(0.,-0.,1.));
#1467 = ORIENTED_EDGE('',*,*,#856,.T.);
#1468 = PLANE('',#1469);
#1469 = AXIS2_PLACEMENT_3D('',#1470,#1471,#1472);
#1470 = CARTESIAN_POINT('',(0.,4.,0.));
#1471 = DIRECTION('',(0.,1.,0.));
#1472 = DIRECTION('',(0.,-0.,1.));
#1473 = ADVANCED_FACE('',(#1474),#1480,.T.);
#1474 = FACE_BOUND('',#1475,.T.);
#1475 = EDGE_LOOP('',(#1476,#1477,#1478,#1479));
#1476 = ORIENTED_EDGE('',*,*,#867,.F.);
#1477 = ORIENTED_EDGE('',*,*,#1461,.F.);
#1478 = ORIENTED_EDGE('',*,*,#884,.T.);
#1479 = ORIENTED_EDGE('',*,*,#1444,.F.);
#1480 = CONICAL_SURFACE('',#1481,8.036087248055E-02,0.785398163397);
#1481 = AXIS2_PLACEMENT_3D('',#1482,#1483,#1484);
#1482 = CARTESIAN_POINT('',(0.,4.,0.));
#1483 = DIRECTION('',(0.,-1.,0.));
#1484 = DIRECTION('',(0.,0.,-1.));
#1485 = ADVANCED_FACE('',(#1486),#1504,.T.);
#1486 = FACE_BOUND('',#1487,.T.);
#1487 = EDGE_LOOP('',(#1488,#1489,#1497,#1503));
#1488 = ORIENTED_EDGE('',*,*,#1297,.F.);
#1489 = ORIENTED_EDGE('',*,*,#1490,.F.);
#1490 = EDGE_CURVE('',#1491,#1290,#1493,.T.);
#1491 = VERTEX_POINT('',#1492);
#1492 = CARTESIAN_POINT('',(0.2,0.1,-3.5));
#1493 = LINE('',#1494,#1495);
#1494 = CARTESIAN_POINT('',(0.2,0.1,-3.5));
#1495 = VECTOR('',#1496,1.);
#1496 = DIRECTION('',(0.,-1.,0.));
#1497 = ORIENTED_EDGE('',*,*,#1498,.T.);
#1498 = EDGE_CURVE('',#1491,#1015,#1499,.T.);
#1499 = LINE('',#1500,#1501);
#1500 = CARTESIAN_POINT('',(0.2,0.1,-3.5));
#1501 = VECTOR('',#1502,1.);
#1502 = DIRECTION('',(0.,0.,1.));
#1503 = ORIENTED_EDGE('',*,*,#1014,.T.);
#1504 = PLANE('',#1505);
#1505 = AXIS2_PLACEMENT_3D('',#1506,#1507,#1508);
#1506 = CARTESIAN_POINT('',(0.2,0.1,-3.5));
#1507 = DIRECTION('',(1.,0.,-0.));
#1508 = DIRECTION('',(-0.,0.,-1.));
#1509 = ADVANCED_FACE('',(#1510),#1528,.T.);
#1510 = FACE_BOUND('',#1511,.T.);
#1511 = EDGE_LOOP('',(#1512,#1513,#1521,#1527));
#1512 = ORIENTED_EDGE('',*,*,#1289,.F.);
#1513 = ORIENTED_EDGE('',*,*,#1514,.F.);
#1514 = EDGE_CURVE('',#1515,#1282,#1517,.T.);
#1515 = VERTEX_POINT('',#1516);
#1516 = CARTESIAN_POINT('',(-0.2,0.1,-3.5));
#1517 = LINE('',#1518,#1519);
#1518 = CARTESIAN_POINT('',(-0.2,0.1,-3.5));
#1519 = VECTOR('',#1520,1.);
#1520 = DIRECTION('',(0.,-1.,0.));
#1521 = ORIENTED_EDGE('',*,*,#1522,.T.);
#1522 = EDGE_CURVE('',#1515,#1491,#1523,.T.);
#1523 = LINE('',#1524,#1525);
#1524 = CARTESIAN_POINT('',(-0.2,0.1,-3.5));
#1525 = VECTOR('',#1526,1.);
#1526 = DIRECTION('',(1.,0.,0.));
#1527 = ORIENTED_EDGE('',*,*,#1490,.T.);
#1528 = PLANE('',#1529);
#1529 = AXIS2_PLACEMENT_3D('',#1530,#1531,#1532);
#1530 = CARTESIAN_POINT('',(-0.2,0.1,-3.5));
#1531 = DIRECTION('',(0.,0.,-1.));
#1532 = DIRECTION('',(-1.,0.,-0.));
#1533 = ADVANCED_FACE('',(#1534),#1545,.T.);
#1534 = FACE_BOUND('',#1535,.T.);
#1535 = EDGE_LOOP('',(#1536,#1537,#1538,#1544));
#1536 = ORIENTED_EDGE('',*,*,#1281,.F.);
#1537 = ORIENTED_EDGE('',*,*,#1032,.F.);
#1538 = ORIENTED_EDGE('',*,*,#1539,.T.);
#1539 = EDGE_CURVE('',#1025,#1515,#1540,.T.);
#1540 = LINE('',#1541,#1542);
#1541 = CARTESIAN_POINT('',(-0.2,0.1,-3.5));
#1542 = VECTOR('',#1543,1.);
#1543 = DIRECTION('',(-0.,-0.,-1.));
#1544 = ORIENTED_EDGE('',*,*,#1514,.T.);
#1545 = PLANE('',#1546);
#1546 = AXIS2_PLACEMENT_3D('',#1547,#1548,#1549);
#1547 = CARTESIAN_POINT('',(-0.2,0.1,-3.5));
#1548 = DIRECTION('',(-1.,0.,0.));
#1549 = DIRECTION('',(0.,0.,1.));
#1550 = ADVANCED_FACE('',(#1551),#1557,.T.);
#1551 = FACE_BOUND('',#1552,.T.);
#1552 = EDGE_LOOP('',(#1553,#1554,#1555,#1556));
#1553 = ORIENTED_EDGE('',*,*,#1498,.F.);
#1554 = ORIENTED_EDGE('',*,*,#1522,.F.);
#1555 = ORIENTED_EDGE('',*,*,#1539,.F.);
#1556 = ORIENTED_EDGE('',*,*,#1024,.F.);
#1557 = PLANE('',#1558);
#1558 = AXIS2_PLACEMENT_3D('',#1559,#1560,#1561);
#1559 = CARTESIAN_POINT('',(0.,0.1,0.));
#1560 = DIRECTION('',(0.,1.,0.));
#1561 = DIRECTION('',(0.,-0.,1.));
#1562 = ( GEOMETRIC_REPRESENTATION_CONTEXT(3) 
GLOBAL_UNCERTAINTY_ASSIGNED_CONTEXT((#1566)) 
GLOBAL_UNIT_ASSIGNED_CONTEXT((#1563,#1564,#1565)) REPRESENTATION_CONTEXT
('Context #1','3D Context with UNIT and UNCERTAINTY') );
#1563 = ( LENGTH_UNIT() NAMED_UNIT(*) SI_UNIT(.MILLI.,.METRE.) );
#1564 = ( NAMED_UNIT(*) PLANE_ANGLE_UNIT() SI_UNIT($,.RADIAN.) );
#1565 = ( NAMED_UNIT(*) SI_UNIT($,.STERADIAN.) SOLID_ANGLE_UNIT() );
#1566 = UNCERTAINTY_MEASURE_WITH_UNIT(LENGTH_MEASURE(1.E-07),#1563,
  'distance_accuracy_value','confusion accuracy');
#1567 = CONTEXT_DEPENDENT_SHAPE_REPRESENTATION(#1568,#1570);
#1568 = ( REPRESENTATION_RELATIONSHIP('','',#849,#10) 
REPRESENTATION_RELATIONSHIP_WITH_TRANSFORMATION(#1569) 
SHAPE_REPRESENTATION_RELATIONSHIP() );
#1569 = ITEM_DEFINED_TRANSFORMATION('','',#11,#19);
#1570 = PRODUCT_DEFINITION_SHAPE('Placement','Placement of an item',
  #1571);
#1571 = NEXT_ASSEMBLY_USAGE_OCCURRENCE('2','J3','',#5,#844,$);
#1572 = PRODUCT_RELATED_PRODUCT_CATEGORY('part',$,(#846));
#1573 = SHAPE_DEFINITION_REPRESENTATION(#1574,#1580);
#1574 = PRODUCT_DEFINITION_SHAPE('','',#1575);
#1575 = PRODUCT_DEFINITION('design','',#1576,#1579);
#1576 = PRODUCT_DEFINITION_FORMATION('','',#1577);
#1577 = PRODUCT('twpatron-2_PCB','twpatron-2_PCB','',(#1578));
#1578 = PRODUCT_CONTEXT('',#2,'mechanical');
#1579 = PRODUCT_DEFINITION_CONTEXT('part definition',#2,'design');
#1580 = ADVANCED_BREP_SHAPE_REPRESENTATION('',(#11,#1581),#2425);
#1581 = MANIFOLD_SOLID_BREP('',#1582);
#1582 = CLOSED_SHELL('',(#1583,#1625,#1656,#1687,#1897,#2107,#2124,#2141
    ,#2153,#2170,#2187,#2204,#2221,#2238,#2255,#2272,#2289,#2306,#2323,
    #2340,#2357,#2374,#2391,#2408));
#1583 = ADVANCED_FACE('',(#1584),#1620,.T.);
#1584 = FACE_BOUND('',#1585,.T.);
#1585 = EDGE_LOOP('',(#1586,#1596,#1605,#1613));
#1586 = ORIENTED_EDGE('',*,*,#1587,.T.);
#1587 = EDGE_CURVE('',#1588,#1590,#1592,.T.);
#1588 = VERTEX_POINT('',#1589);
#1589 = CARTESIAN_POINT('',(135.001,72.51,0.));
#1590 = VERTEX_POINT('',#1591);
#1591 = CARTESIAN_POINT('',(135.001,72.51,1.035199));
#1592 = LINE('',#1593,#1594);
#1593 = CARTESIAN_POINT('',(135.001,72.51,0.));
#1594 = VECTOR('',#1595,1.);
#1595 = DIRECTION('',(0.,0.,1.));
#1596 = ORIENTED_EDGE('',*,*,#1597,.T.);
#1597 = EDGE_CURVE('',#1590,#1598,#1600,.T.);
#1598 = VERTEX_POINT('',#1599);
#1599 = CARTESIAN_POINT('',(136.525,70.986,1.035199));
#1600 = CIRCLE('',#1601,1.523999093624);
#1601 = AXIS2_PLACEMENT_3D('',#1602,#1603,#1604);
#1602 = CARTESIAN_POINT('',(135.00100090637,70.986000906376,1.035199));
#1603 = DIRECTION('',(0.,0.,-1.));
#1604 = DIRECTION('',(-5.947355334494E-07,1.,0.));
#1605 = ORIENTED_EDGE('',*,*,#1606,.F.);
#1606 = EDGE_CURVE('',#1607,#1598,#1609,.T.);
#1607 = VERTEX_POINT('',#1608);
#1608 = CARTESIAN_POINT('',(136.525,70.986,0.));
#1609 = LINE('',#1610,#1611);
#1610 = CARTESIAN_POINT('',(136.525,70.986,0.));
#1611 = VECTOR('',#1612,1.);
#1612 = DIRECTION('',(0.,0.,1.));
#1613 = ORIENTED_EDGE('',*,*,#1614,.F.);
#1614 = EDGE_CURVE('',#1588,#1607,#1615,.T.);
#1615 = CIRCLE('',#1616,1.523999093624);
#1616 = AXIS2_PLACEMENT_3D('',#1617,#1618,#1619);
#1617 = CARTESIAN_POINT('',(135.00100090637,70.986000906376,0.));
#1618 = DIRECTION('',(0.,0.,-1.));
#1619 = DIRECTION('',(-5.947355334494E-07,1.,0.));
#1620 = CYLINDRICAL_SURFACE('',#1621,1.523999093624);
#1621 = AXIS2_PLACEMENT_3D('',#1622,#1623,#1624);
#1622 = CARTESIAN_POINT('',(135.00100090637,70.986000906376,0.));
#1623 = DIRECTION('',(0.,0.,-1.));
#1624 = DIRECTION('',(-5.947355334494E-07,1.,0.));
#1625 = ADVANCED_FACE('',(#1626),#1651,.T.);
#1626 = FACE_BOUND('',#1627,.T.);
#1627 = EDGE_LOOP('',(#1628,#1638,#1644,#1645));
#1628 = ORIENTED_EDGE('',*,*,#1629,.T.);
#1629 = EDGE_CURVE('',#1630,#1632,#1634,.T.);
#1630 = VERTEX_POINT('',#1631);
#1631 = CARTESIAN_POINT('',(99.949,72.51,0.));
#1632 = VERTEX_POINT('',#1633);
#1633 = CARTESIAN_POINT('',(99.949,72.51,1.035199));
#1634 = LINE('',#1635,#1636);
#1635 = CARTESIAN_POINT('',(99.949,72.51,0.));
#1636 = VECTOR('',#1637,1.);
#1637 = DIRECTION('',(0.,0.,1.));
#1638 = ORIENTED_EDGE('',*,*,#1639,.T.);
#1639 = EDGE_CURVE('',#1632,#1590,#1640,.T.);
#1640 = LINE('',#1641,#1642);
#1641 = CARTESIAN_POINT('',(99.949,72.51,1.035199));
#1642 = VECTOR('',#1643,1.);
#1643 = DIRECTION('',(1.,0.,0.));
#1644 = ORIENTED_EDGE('',*,*,#1587,.F.);
#1645 = ORIENTED_EDGE('',*,*,#1646,.F.);
#1646 = EDGE_CURVE('',#1630,#1588,#1647,.T.);
#1647 = LINE('',#1648,#1649);
#1648 = CARTESIAN_POINT('',(99.949,72.51,0.));
#1649 = VECTOR('',#1650,1.);
#1650 = DIRECTION('',(1.,0.,0.));
#1651 = PLANE('',#1652);
#1652 = AXIS2_PLACEMENT_3D('',#1653,#1654,#1655);
#1653 = CARTESIAN_POINT('',(99.949,72.51,0.));
#1654 = DIRECTION('',(0.,1.,0.));
#1655 = DIRECTION('',(1.,0.,0.));
#1656 = ADVANCED_FACE('',(#1657),#1682,.T.);
#1657 = FACE_BOUND('',#1658,.T.);
#1658 = EDGE_LOOP('',(#1659,#1660,#1668,#1676));
#1659 = ORIENTED_EDGE('',*,*,#1606,.T.);
#1660 = ORIENTED_EDGE('',*,*,#1661,.T.);
#1661 = EDGE_CURVE('',#1598,#1662,#1664,.T.);
#1662 = VERTEX_POINT('',#1663);
#1663 = CARTESIAN_POINT('',(136.525,51.555,1.035199));
#1664 = LINE('',#1665,#1666);
#1665 = CARTESIAN_POINT('',(136.525,70.986,1.035199));
#1666 = VECTOR('',#1667,1.);
#1667 = DIRECTION('',(0.,-1.,0.));
#1668 = ORIENTED_EDGE('',*,*,#1669,.F.);
#1669 = EDGE_CURVE('',#1670,#1662,#1672,.T.);
#1670 = VERTEX_POINT('',#1671);
#1671 = CARTESIAN_POINT('',(136.525,51.555,0.));
#1672 = LINE('',#1673,#1674);
#1673 = CARTESIAN_POINT('',(136.525,51.555,0.));
#1674 = VECTOR('',#1675,1.);
#1675 = DIRECTION('',(0.,0.,1.));
#1676 = ORIENTED_EDGE('',*,*,#1677,.F.);
#1677 = EDGE_CURVE('',#1607,#1670,#1678,.T.);
#1678 = LINE('',#1679,#1680);
#1679 = CARTESIAN_POINT('',(136.525,70.986,0.));
#1680 = VECTOR('',#1681,1.);
#1681 = DIRECTION('',(0.,-1.,0.));
#1682 = PLANE('',#1683);
#1683 = AXIS2_PLACEMENT_3D('',#1684,#1685,#1686);
#1684 = CARTESIAN_POINT('',(136.525,70.986,0.));
#1685 = DIRECTION('',(1.,0.,-0.));
#1686 = DIRECTION('',(0.,-1.,0.));
#1687 = ADVANCED_FACE('',(#1688,#1716,#1727,#1738,#1749,#1760,#1771,
    #1782,#1793,#1804,#1815,#1826,#1837,#1848,#1859,#1870,#1881),#1892,
  .F.);
#1688 = FACE_BOUND('',#1689,.F.);
#1689 = EDGE_LOOP('',(#1690,#1691,#1692,#1701,#1709,#1715));
#1690 = ORIENTED_EDGE('',*,*,#1614,.F.);
#1691 = ORIENTED_EDGE('',*,*,#1646,.F.);
#1692 = ORIENTED_EDGE('',*,*,#1693,.F.);
#1693 = EDGE_CURVE('',#1694,#1630,#1696,.T.);
#1694 = VERTEX_POINT('',#1695);
#1695 = CARTESIAN_POINT('',(98.425,70.986,0.));
#1696 = CIRCLE('',#1697,1.523999093624);
#1697 = AXIS2_PLACEMENT_3D('',#1698,#1699,#1700);
#1698 = CARTESIAN_POINT('',(99.948999093624,70.986000906376,0.));
#1699 = DIRECTION('',(0.,0.,-1.));
#1700 = DIRECTION('',(-1.,-5.947355334494E-07,-0.));
#1701 = ORIENTED_EDGE('',*,*,#1702,.F.);
#1702 = EDGE_CURVE('',#1703,#1694,#1705,.T.);
#1703 = VERTEX_POINT('',#1704);
#1704 = CARTESIAN_POINT('',(98.425,51.555,0.));
#1705 = LINE('',#1706,#1707);
#1706 = CARTESIAN_POINT('',(98.425,51.555,0.));
#1707 = VECTOR('',#1708,1.);
#1708 = DIRECTION('',(0.,1.,0.));
#1709 = ORIENTED_EDGE('',*,*,#1710,.F.);
#1710 = EDGE_CURVE('',#1670,#1703,#1711,.T.);
#1711 = LINE('',#1712,#1713);
#1712 = CARTESIAN_POINT('',(136.525,51.555,0.));
#1713 = VECTOR('',#1714,1.);
#1714 = DIRECTION('',(-1.,0.,0.));
#1715 = ORIENTED_EDGE('',*,*,#1677,.F.);
#1716 = FACE_BOUND('',#1717,.F.);
#1717 = EDGE_LOOP('',(#1718));
#1718 = ORIENTED_EDGE('',*,*,#1719,.T.);
#1719 = EDGE_CURVE('',#1720,#1720,#1722,.T.);
#1720 = VERTEX_POINT('',#1721);
#1721 = CARTESIAN_POINT('',(100.965,55.77,0.));
#1722 = CIRCLE('',#1723,1.5);
#1723 = AXIS2_PLACEMENT_3D('',#1724,#1725,#1726);
#1724 = CARTESIAN_POINT('',(100.965,57.27,0.));
#1725 = DIRECTION('',(-0.,0.,-1.));
#1726 = DIRECTION('',(-0.,-1.,0.));
#1727 = FACE_BOUND('',#1728,.F.);
#1728 = EDGE_LOOP('',(#1729));
#1729 = ORIENTED_EDGE('',*,*,#1730,.T.);
#1730 = EDGE_CURVE('',#1731,#1731,#1733,.T.);
#1731 = VERTEX_POINT('',#1732);
#1732 = CARTESIAN_POINT('',(100.33,62.485,0.));
#1733 = CIRCLE('',#1734,0.5);
#1734 = AXIS2_PLACEMENT_3D('',#1735,#1736,#1737);
#1735 = CARTESIAN_POINT('',(100.33,62.985,0.));
#1736 = DIRECTION('',(-0.,0.,-1.));
#1737 = DIRECTION('',(-0.,-1.,0.));
#1738 = FACE_BOUND('',#1739,.F.);
#1739 = EDGE_LOOP('',(#1740));
#1740 = ORIENTED_EDGE('',*,*,#1741,.T.);
#1741 = EDGE_CURVE('',#1742,#1742,#1744,.T.);
#1742 = VERTEX_POINT('',#1743);
#1743 = CARTESIAN_POINT('',(133.985,55.77,0.));
#1744 = CIRCLE('',#1745,1.5);
#1745 = AXIS2_PLACEMENT_3D('',#1746,#1747,#1748);
#1746 = CARTESIAN_POINT('',(133.985,57.27,0.));
#1747 = DIRECTION('',(-0.,0.,-1.));
#1748 = DIRECTION('',(-0.,-1.,0.));
#1749 = FACE_BOUND('',#1750,.F.);
#1750 = EDGE_LOOP('',(#1751));
#1751 = ORIENTED_EDGE('',*,*,#1752,.T.);
#1752 = EDGE_CURVE('',#1753,#1753,#1755,.T.);
#1753 = VERTEX_POINT('',#1754);
#1754 = CARTESIAN_POINT('',(134.62,62.485,0.));
#1755 = CIRCLE('',#1756,0.5);
#1756 = AXIS2_PLACEMENT_3D('',#1757,#1758,#1759);
#1757 = CARTESIAN_POINT('',(134.62,62.985,0.));
#1758 = DIRECTION('',(-0.,0.,-1.));
#1759 = DIRECTION('',(-0.,-1.,0.));
#1760 = FACE_BOUND('',#1761,.F.);
#1761 = EDGE_LOOP('',(#1762));
#1762 = ORIENTED_EDGE('',*,*,#1763,.T.);
#1763 = EDGE_CURVE('',#1764,#1764,#1766,.T.);
#1764 = VERTEX_POINT('',#1765);
#1765 = CARTESIAN_POINT('',(100.33,65.025,0.));
#1766 = CIRCLE('',#1767,0.5);
#1767 = AXIS2_PLACEMENT_3D('',#1768,#1769,#1770);
#1768 = CARTESIAN_POINT('',(100.33,65.525,0.));
#1769 = DIRECTION('',(-0.,0.,-1.));
#1770 = DIRECTION('',(-0.,-1.,0.));
#1771 = FACE_BOUND('',#1772,.F.);
#1772 = EDGE_LOOP('',(#1773));
#1773 = ORIENTED_EDGE('',*,*,#1774,.T.);
#1774 = EDGE_CURVE('',#1775,#1775,#1777,.T.);
#1775 = VERTEX_POINT('',#1776);
#1776 = CARTESIAN_POINT('',(115.775,67.04,0.));
#1777 = CIRCLE('',#1778,0.2);
#1778 = AXIS2_PLACEMENT_3D('',#1779,#1780,#1781);
#1779 = CARTESIAN_POINT('',(115.775,67.24,0.));
#1780 = DIRECTION('',(-0.,0.,-1.));
#1781 = DIRECTION('',(-0.,-1.,0.));
#1782 = FACE_BOUND('',#1783,.F.);
#1783 = EDGE_LOOP('',(#1784));
#1784 = ORIENTED_EDGE('',*,*,#1785,.T.);
#1785 = EDGE_CURVE('',#1786,#1786,#1788,.T.);
#1786 = VERTEX_POINT('',#1787);
#1787 = CARTESIAN_POINT('',(100.33,67.565,0.));
#1788 = CIRCLE('',#1789,0.5);
#1789 = AXIS2_PLACEMENT_3D('',#1790,#1791,#1792);
#1790 = CARTESIAN_POINT('',(100.33,68.065,0.));
#1791 = DIRECTION('',(-0.,0.,-1.));
#1792 = DIRECTION('',(-0.,-1.,0.));
#1793 = FACE_BOUND('',#1794,.F.);
#1794 = EDGE_LOOP('',(#1795));
#1795 = ORIENTED_EDGE('',*,*,#1796,.T.);
#1796 = EDGE_CURVE('',#1797,#1797,#1799,.T.);
#1797 = VERTEX_POINT('',#1798);
#1798 = CARTESIAN_POINT('',(100.33,70.105,0.));
#1799 = CIRCLE('',#1800,0.5);
#1800 = AXIS2_PLACEMENT_3D('',#1801,#1802,#1803);
#1801 = CARTESIAN_POINT('',(100.33,70.605,0.));
#1802 = DIRECTION('',(-0.,0.,-1.));
#1803 = DIRECTION('',(-0.,-1.,0.));
#1804 = FACE_BOUND('',#1805,.F.);
#1805 = EDGE_LOOP('',(#1806));
#1806 = ORIENTED_EDGE('',*,*,#1807,.T.);
#1807 = EDGE_CURVE('',#1808,#1808,#1810,.T.);
#1808 = VERTEX_POINT('',#1809);
#1809 = CARTESIAN_POINT('',(111.125,67.835,0.));
#1810 = CIRCLE('',#1811,1.5);
#1811 = AXIS2_PLACEMENT_3D('',#1812,#1813,#1814);
#1812 = CARTESIAN_POINT('',(111.125,69.335,0.));
#1813 = DIRECTION('',(-0.,0.,-1.));
#1814 = DIRECTION('',(-0.,-1.,0.));
#1815 = FACE_BOUND('',#1816,.F.);
#1816 = EDGE_LOOP('',(#1817));
#1817 = ORIENTED_EDGE('',*,*,#1818,.T.);
#1818 = EDGE_CURVE('',#1819,#1819,#1821,.T.);
#1819 = VERTEX_POINT('',#1820);
#1820 = CARTESIAN_POINT('',(115.575,71.04,0.));
#1821 = CIRCLE('',#1822,0.2);
#1822 = AXIS2_PLACEMENT_3D('',#1823,#1824,#1825);
#1823 = CARTESIAN_POINT('',(115.575,71.24,0.));
#1824 = DIRECTION('',(-0.,0.,-1.));
#1825 = DIRECTION('',(-0.,-1.,0.));
#1826 = FACE_BOUND('',#1827,.F.);
#1827 = EDGE_LOOP('',(#1828));
#1828 = ORIENTED_EDGE('',*,*,#1829,.T.);
#1829 = EDGE_CURVE('',#1830,#1830,#1832,.T.);
#1830 = VERTEX_POINT('',#1831);
#1831 = CARTESIAN_POINT('',(119.175,67.04,0.));
#1832 = CIRCLE('',#1833,0.2);
#1833 = AXIS2_PLACEMENT_3D('',#1834,#1835,#1836);
#1834 = CARTESIAN_POINT('',(119.175,67.24,0.));
#1835 = DIRECTION('',(-0.,0.,-1.));
#1836 = DIRECTION('',(-0.,-1.,0.));
#1837 = FACE_BOUND('',#1838,.F.);
#1838 = EDGE_LOOP('',(#1839));
#1839 = ORIENTED_EDGE('',*,*,#1840,.T.);
#1840 = EDGE_CURVE('',#1841,#1841,#1843,.T.);
#1841 = VERTEX_POINT('',#1842);
#1842 = CARTESIAN_POINT('',(134.62,65.025,0.));
#1843 = CIRCLE('',#1844,0.5);
#1844 = AXIS2_PLACEMENT_3D('',#1845,#1846,#1847);
#1845 = CARTESIAN_POINT('',(134.62,65.525,0.));
#1846 = DIRECTION('',(-0.,0.,-1.));
#1847 = DIRECTION('',(-0.,-1.,0.));
#1848 = FACE_BOUND('',#1849,.F.);
#1849 = EDGE_LOOP('',(#1850));
#1850 = ORIENTED_EDGE('',*,*,#1851,.T.);
#1851 = EDGE_CURVE('',#1852,#1852,#1854,.T.);
#1852 = VERTEX_POINT('',#1853);
#1853 = CARTESIAN_POINT('',(123.825,67.835,0.));
#1854 = CIRCLE('',#1855,1.5);
#1855 = AXIS2_PLACEMENT_3D('',#1856,#1857,#1858);
#1856 = CARTESIAN_POINT('',(123.825,69.335,0.));
#1857 = DIRECTION('',(-0.,0.,-1.));
#1858 = DIRECTION('',(-0.,-1.,0.));
#1859 = FACE_BOUND('',#1860,.F.);
#1860 = EDGE_LOOP('',(#1861));
#1861 = ORIENTED_EDGE('',*,*,#1862,.T.);
#1862 = EDGE_CURVE('',#1863,#1863,#1865,.T.);
#1863 = VERTEX_POINT('',#1864);
#1864 = CARTESIAN_POINT('',(119.375,71.04,0.));
#1865 = CIRCLE('',#1866,0.2);
#1866 = AXIS2_PLACEMENT_3D('',#1867,#1868,#1869);
#1867 = CARTESIAN_POINT('',(119.375,71.24,0.));
#1868 = DIRECTION('',(-0.,0.,-1.));
#1869 = DIRECTION('',(-0.,-1.,0.));
#1870 = FACE_BOUND('',#1871,.F.);
#1871 = EDGE_LOOP('',(#1872));
#1872 = ORIENTED_EDGE('',*,*,#1873,.T.);
#1873 = EDGE_CURVE('',#1874,#1874,#1876,.T.);
#1874 = VERTEX_POINT('',#1875);
#1875 = CARTESIAN_POINT('',(134.62,67.565,0.));
#1876 = CIRCLE('',#1877,0.5);
#1877 = AXIS2_PLACEMENT_3D('',#1878,#1879,#1880);
#1878 = CARTESIAN_POINT('',(134.62,68.065,0.));
#1879 = DIRECTION('',(-0.,0.,-1.));
#1880 = DIRECTION('',(-0.,-1.,0.));
#1881 = FACE_BOUND('',#1882,.F.);
#1882 = EDGE_LOOP('',(#1883));
#1883 = ORIENTED_EDGE('',*,*,#1884,.T.);
#1884 = EDGE_CURVE('',#1885,#1885,#1887,.T.);
#1885 = VERTEX_POINT('',#1886);
#1886 = CARTESIAN_POINT('',(134.62,70.105,0.));
#1887 = CIRCLE('',#1888,0.5);
#1888 = AXIS2_PLACEMENT_3D('',#1889,#1890,#1891);
#1889 = CARTESIAN_POINT('',(134.62,70.605,0.));
#1890 = DIRECTION('',(-0.,0.,-1.));
#1891 = DIRECTION('',(-0.,-1.,0.));
#1892 = PLANE('',#1893);
#1893 = AXIS2_PLACEMENT_3D('',#1894,#1895,#1896);
#1894 = CARTESIAN_POINT('',(0.,0.,0.));
#1895 = DIRECTION('',(0.,0.,1.));
#1896 = DIRECTION('',(1.,0.,-0.));
#1897 = ADVANCED_FACE('',(#1898,#1926,#1937,#1948,#1959,#1970,#1981,
    #1992,#2003,#2014,#2025,#2036,#2047,#2058,#2069,#2080,#2091),#2102,
  .T.);
#1898 = FACE_BOUND('',#1899,.T.);
#1899 = EDGE_LOOP('',(#1900,#1901,#1902,#1911,#1919,#1925));
#1900 = ORIENTED_EDGE('',*,*,#1597,.F.);
#1901 = ORIENTED_EDGE('',*,*,#1639,.F.);
#1902 = ORIENTED_EDGE('',*,*,#1903,.F.);
#1903 = EDGE_CURVE('',#1904,#1632,#1906,.T.);
#1904 = VERTEX_POINT('',#1905);
#1905 = CARTESIAN_POINT('',(98.425,70.986,1.035199));
#1906 = CIRCLE('',#1907,1.523999093624);
#1907 = AXIS2_PLACEMENT_3D('',#1908,#1909,#1910);
#1908 = CARTESIAN_POINT('',(99.948999093624,70.986000906376,1.035199));
#1909 = DIRECTION('',(0.,0.,-1.));
#1910 = DIRECTION('',(-1.,-5.947355334494E-07,-0.));
#1911 = ORIENTED_EDGE('',*,*,#1912,.F.);
#1912 = EDGE_CURVE('',#1913,#1904,#1915,.T.);
#1913 = VERTEX_POINT('',#1914);
#1914 = CARTESIAN_POINT('',(98.425,51.555,1.035199));
#1915 = LINE('',#1916,#1917);
#1916 = CARTESIAN_POINT('',(98.425,51.555,1.035199));
#1917 = VECTOR('',#1918,1.);
#1918 = DIRECTION('',(0.,1.,0.));
#1919 = ORIENTED_EDGE('',*,*,#1920,.F.);
#1920 = EDGE_CURVE('',#1662,#1913,#1921,.T.);
#1921 = LINE('',#1922,#1923);
#1922 = CARTESIAN_POINT('',(136.525,51.555,1.035199));
#1923 = VECTOR('',#1924,1.);
#1924 = DIRECTION('',(-1.,0.,0.));
#1925 = ORIENTED_EDGE('',*,*,#1661,.F.);
#1926 = FACE_BOUND('',#1927,.T.);
#1927 = EDGE_LOOP('',(#1928));
#1928 = ORIENTED_EDGE('',*,*,#1929,.T.);
#1929 = EDGE_CURVE('',#1930,#1930,#1932,.T.);
#1930 = VERTEX_POINT('',#1931);
#1931 = CARTESIAN_POINT('',(100.965,55.77,1.035199));
#1932 = CIRCLE('',#1933,1.5);
#1933 = AXIS2_PLACEMENT_3D('',#1934,#1935,#1936);
#1934 = CARTESIAN_POINT('',(100.965,57.27,1.035199));
#1935 = DIRECTION('',(-0.,0.,-1.));
#1936 = DIRECTION('',(-0.,-1.,0.));
#1937 = FACE_BOUND('',#1938,.T.);
#1938 = EDGE_LOOP('',(#1939));
#1939 = ORIENTED_EDGE('',*,*,#1940,.T.);
#1940 = EDGE_CURVE('',#1941,#1941,#1943,.T.);
#1941 = VERTEX_POINT('',#1942);
#1942 = CARTESIAN_POINT('',(100.33,62.485,1.035199));
#1943 = CIRCLE('',#1944,0.5);
#1944 = AXIS2_PLACEMENT_3D('',#1945,#1946,#1947);
#1945 = CARTESIAN_POINT('',(100.33,62.985,1.035199));
#1946 = DIRECTION('',(-0.,0.,-1.));
#1947 = DIRECTION('',(-0.,-1.,0.));
#1948 = FACE_BOUND('',#1949,.T.);
#1949 = EDGE_LOOP('',(#1950));
#1950 = ORIENTED_EDGE('',*,*,#1951,.T.);
#1951 = EDGE_CURVE('',#1952,#1952,#1954,.T.);
#1952 = VERTEX_POINT('',#1953);
#1953 = CARTESIAN_POINT('',(133.985,55.77,1.035199));
#1954 = CIRCLE('',#1955,1.5);
#1955 = AXIS2_PLACEMENT_3D('',#1956,#1957,#1958);
#1956 = CARTESIAN_POINT('',(133.985,57.27,1.035199));
#1957 = DIRECTION('',(-0.,0.,-1.));
#1958 = DIRECTION('',(-0.,-1.,0.));
#1959 = FACE_BOUND('',#1960,.T.);
#1960 = EDGE_LOOP('',(#1961));
#1961 = ORIENTED_EDGE('',*,*,#1962,.T.);
#1962 = EDGE_CURVE('',#1963,#1963,#1965,.T.);
#1963 = VERTEX_POINT('',#1964);
#1964 = CARTESIAN_POINT('',(134.62,62.485,1.035199));
#1965 = CIRCLE('',#1966,0.5);
#1966 = AXIS2_PLACEMENT_3D('',#1967,#1968,#1969);
#1967 = CARTESIAN_POINT('',(134.62,62.985,1.035199));
#1968 = DIRECTION('',(-0.,0.,-1.));
#1969 = DIRECTION('',(-0.,-1.,0.));
#1970 = FACE_BOUND('',#1971,.T.);
#1971 = EDGE_LOOP('',(#1972));
#1972 = ORIENTED_EDGE('',*,*,#1973,.T.);
#1973 = EDGE_CURVE('',#1974,#1974,#1976,.T.);
#1974 = VERTEX_POINT('',#1975);
#1975 = CARTESIAN_POINT('',(100.33,65.025,1.035199));
#1976 = CIRCLE('',#1977,0.5);
#1977 = AXIS2_PLACEMENT_3D('',#1978,#1979,#1980);
#1978 = CARTESIAN_POINT('',(100.33,65.525,1.035199));
#1979 = DIRECTION('',(-0.,0.,-1.));
#1980 = DIRECTION('',(-0.,-1.,0.));
#1981 = FACE_BOUND('',#1982,.T.);
#1982 = EDGE_LOOP('',(#1983));
#1983 = ORIENTED_EDGE('',*,*,#1984,.T.);
#1984 = EDGE_CURVE('',#1985,#1985,#1987,.T.);
#1985 = VERTEX_POINT('',#1986);
#1986 = CARTESIAN_POINT('',(115.775,67.04,1.035199));
#1987 = CIRCLE('',#1988,0.2);
#1988 = AXIS2_PLACEMENT_3D('',#1989,#1990,#1991);
#1989 = CARTESIAN_POINT('',(115.775,67.24,1.035199));
#1990 = DIRECTION('',(-0.,0.,-1.));
#1991 = DIRECTION('',(-0.,-1.,0.));
#1992 = FACE_BOUND('',#1993,.T.);
#1993 = EDGE_LOOP('',(#1994));
#1994 = ORIENTED_EDGE('',*,*,#1995,.T.);
#1995 = EDGE_CURVE('',#1996,#1996,#1998,.T.);
#1996 = VERTEX_POINT('',#1997);
#1997 = CARTESIAN_POINT('',(100.33,67.565,1.035199));
#1998 = CIRCLE('',#1999,0.5);
#1999 = AXIS2_PLACEMENT_3D('',#2000,#2001,#2002);
#2000 = CARTESIAN_POINT('',(100.33,68.065,1.035199));
#2001 = DIRECTION('',(-0.,0.,-1.));
#2002 = DIRECTION('',(-0.,-1.,0.));
#2003 = FACE_BOUND('',#2004,.T.);
#2004 = EDGE_LOOP('',(#2005));
#2005 = ORIENTED_EDGE('',*,*,#2006,.T.);
#2006 = EDGE_CURVE('',#2007,#2007,#2009,.T.);
#2007 = VERTEX_POINT('',#2008);
#2008 = CARTESIAN_POINT('',(100.33,70.105,1.035199));
#2009 = CIRCLE('',#2010,0.5);
#2010 = AXIS2_PLACEMENT_3D('',#2011,#2012,#2013);
#2011 = CARTESIAN_POINT('',(100.33,70.605,1.035199));
#2012 = DIRECTION('',(-0.,0.,-1.));
#2013 = DIRECTION('',(-0.,-1.,0.));
#2014 = FACE_BOUND('',#2015,.T.);
#2015 = EDGE_LOOP('',(#2016));
#2016 = ORIENTED_EDGE('',*,*,#2017,.T.);
#2017 = EDGE_CURVE('',#2018,#2018,#2020,.T.);
#2018 = VERTEX_POINT('',#2019);
#2019 = CARTESIAN_POINT('',(111.125,67.835,1.035199));
#2020 = CIRCLE('',#2021,1.5);
#2021 = AXIS2_PLACEMENT_3D('',#2022,#2023,#2024);
#2022 = CARTESIAN_POINT('',(111.125,69.335,1.035199));
#2023 = DIRECTION('',(-0.,0.,-1.));
#2024 = DIRECTION('',(-0.,-1.,0.));
#2025 = FACE_BOUND('',#2026,.T.);
#2026 = EDGE_LOOP('',(#2027));
#2027 = ORIENTED_EDGE('',*,*,#2028,.T.);
#2028 = EDGE_CURVE('',#2029,#2029,#2031,.T.);
#2029 = VERTEX_POINT('',#2030);
#2030 = CARTESIAN_POINT('',(115.575,71.04,1.035199));
#2031 = CIRCLE('',#2032,0.2);
#2032 = AXIS2_PLACEMENT_3D('',#2033,#2034,#2035);
#2033 = CARTESIAN_POINT('',(115.575,71.24,1.035199));
#2034 = DIRECTION('',(-0.,0.,-1.));
#2035 = DIRECTION('',(-0.,-1.,0.));
#2036 = FACE_BOUND('',#2037,.T.);
#2037 = EDGE_LOOP('',(#2038));
#2038 = ORIENTED_EDGE('',*,*,#2039,.T.);
#2039 = EDGE_CURVE('',#2040,#2040,#2042,.T.);
#2040 = VERTEX_POINT('',#2041);
#2041 = CARTESIAN_POINT('',(119.175,67.04,1.035199));
#2042 = CIRCLE('',#2043,0.2);
#2043 = AXIS2_PLACEMENT_3D('',#2044,#2045,#2046);
#2044 = CARTESIAN_POINT('',(119.175,67.24,1.035199));
#2045 = DIRECTION('',(-0.,0.,-1.));
#2046 = DIRECTION('',(-0.,-1.,0.));
#2047 = FACE_BOUND('',#2048,.T.);
#2048 = EDGE_LOOP('',(#2049));
#2049 = ORIENTED_EDGE('',*,*,#2050,.T.);
#2050 = EDGE_CURVE('',#2051,#2051,#2053,.T.);
#2051 = VERTEX_POINT('',#2052);
#2052 = CARTESIAN_POINT('',(134.62,65.025,1.035199));
#2053 = CIRCLE('',#2054,0.5);
#2054 = AXIS2_PLACEMENT_3D('',#2055,#2056,#2057);
#2055 = CARTESIAN_POINT('',(134.62,65.525,1.035199));
#2056 = DIRECTION('',(-0.,0.,-1.));
#2057 = DIRECTION('',(-0.,-1.,0.));
#2058 = FACE_BOUND('',#2059,.T.);
#2059 = EDGE_LOOP('',(#2060));
#2060 = ORIENTED_EDGE('',*,*,#2061,.T.);
#2061 = EDGE_CURVE('',#2062,#2062,#2064,.T.);
#2062 = VERTEX_POINT('',#2063);
#2063 = CARTESIAN_POINT('',(123.825,67.835,1.035199));
#2064 = CIRCLE('',#2065,1.5);
#2065 = AXIS2_PLACEMENT_3D('',#2066,#2067,#2068);
#2066 = CARTESIAN_POINT('',(123.825,69.335,1.035199));
#2067 = DIRECTION('',(-0.,0.,-1.));
#2068 = DIRECTION('',(-0.,-1.,0.));
#2069 = FACE_BOUND('',#2070,.T.);
#2070 = EDGE_LOOP('',(#2071));
#2071 = ORIENTED_EDGE('',*,*,#2072,.T.);
#2072 = EDGE_CURVE('',#2073,#2073,#2075,.T.);
#2073 = VERTEX_POINT('',#2074);
#2074 = CARTESIAN_POINT('',(119.375,71.04,1.035199));
#2075 = CIRCLE('',#2076,0.2);
#2076 = AXIS2_PLACEMENT_3D('',#2077,#2078,#2079);
#2077 = CARTESIAN_POINT('',(119.375,71.24,1.035199));
#2078 = DIRECTION('',(-0.,0.,-1.));
#2079 = DIRECTION('',(-0.,-1.,0.));
#2080 = FACE_BOUND('',#2081,.T.);
#2081 = EDGE_LOOP('',(#2082));
#2082 = ORIENTED_EDGE('',*,*,#2083,.T.);
#2083 = EDGE_CURVE('',#2084,#2084,#2086,.T.);
#2084 = VERTEX_POINT('',#2085);
#2085 = CARTESIAN_POINT('',(134.62,67.565,1.035199));
#2086 = CIRCLE('',#2087,0.5);
#2087 = AXIS2_PLACEMENT_3D('',#2088,#2089,#2090);
#2088 = CARTESIAN_POINT('',(134.62,68.065,1.035199));
#2089 = DIRECTION('',(-0.,0.,-1.));
#2090 = DIRECTION('',(-0.,-1.,0.));
#2091 = FACE_BOUND('',#2092,.T.);
#2092 = EDGE_LOOP('',(#2093));
#2093 = ORIENTED_EDGE('',*,*,#2094,.T.);
#2094 = EDGE_CURVE('',#2095,#2095,#2097,.T.);
#2095 = VERTEX_POINT('',#2096);
#2096 = CARTESIAN_POINT('',(134.62,70.105,1.035199));
#2097 = CIRCLE('',#2098,0.5);
#2098 = AXIS2_PLACEMENT_3D('',#2099,#2100,#2101);
#2099 = CARTESIAN_POINT('',(134.62,70.605,1.035199));
#2100 = DIRECTION('',(-0.,0.,-1.));
#2101 = DIRECTION('',(-0.,-1.,0.));
#2102 = PLANE('',#2103);
#2103 = AXIS2_PLACEMENT_3D('',#2104,#2105,#2106);
#2104 = CARTESIAN_POINT('',(0.,0.,1.035199));
#2105 = DIRECTION('',(0.,0.,1.));
#2106 = DIRECTION('',(1.,0.,-0.));
#2107 = ADVANCED_FACE('',(#2108),#2119,.T.);
#2108 = FACE_BOUND('',#2109,.T.);
#2109 = EDGE_LOOP('',(#2110,#2116,#2117,#2118));
#2110 = ORIENTED_EDGE('',*,*,#2111,.T.);
#2111 = EDGE_CURVE('',#1694,#1904,#2112,.T.);
#2112 = LINE('',#2113,#2114);
#2113 = CARTESIAN_POINT('',(98.425,70.986,0.));
#2114 = VECTOR('',#2115,1.);
#2115 = DIRECTION('',(0.,0.,1.));
#2116 = ORIENTED_EDGE('',*,*,#1903,.T.);
#2117 = ORIENTED_EDGE('',*,*,#1629,.F.);
#2118 = ORIENTED_EDGE('',*,*,#1693,.F.);
#2119 = CYLINDRICAL_SURFACE('',#2120,1.523999093624);
#2120 = AXIS2_PLACEMENT_3D('',#2121,#2122,#2123);
#2121 = CARTESIAN_POINT('',(99.948999093624,70.986000906376,0.));
#2122 = DIRECTION('',(0.,0.,-1.));
#2123 = DIRECTION('',(-1.,-5.947355334494E-07,-0.));
#2124 = ADVANCED_FACE('',(#2125),#2136,.T.);
#2125 = FACE_BOUND('',#2126,.T.);
#2126 = EDGE_LOOP('',(#2127,#2128,#2129,#2135));
#2127 = ORIENTED_EDGE('',*,*,#1669,.T.);
#2128 = ORIENTED_EDGE('',*,*,#1920,.T.);
#2129 = ORIENTED_EDGE('',*,*,#2130,.F.);
#2130 = EDGE_CURVE('',#1703,#1913,#2131,.T.);
#2131 = LINE('',#2132,#2133);
#2132 = CARTESIAN_POINT('',(98.425,51.555,0.));
#2133 = VECTOR('',#2134,1.);
#2134 = DIRECTION('',(0.,0.,1.));
#2135 = ORIENTED_EDGE('',*,*,#1710,.F.);
#2136 = PLANE('',#2137);
#2137 = AXIS2_PLACEMENT_3D('',#2138,#2139,#2140);
#2138 = CARTESIAN_POINT('',(136.525,51.555,0.));
#2139 = DIRECTION('',(0.,-1.,0.));
#2140 = DIRECTION('',(-1.,0.,0.));
#2141 = ADVANCED_FACE('',(#2142),#2148,.T.);
#2142 = FACE_BOUND('',#2143,.T.);
#2143 = EDGE_LOOP('',(#2144,#2145,#2146,#2147));
#2144 = ORIENTED_EDGE('',*,*,#2130,.T.);
#2145 = ORIENTED_EDGE('',*,*,#1912,.T.);
#2146 = ORIENTED_EDGE('',*,*,#2111,.F.);
#2147 = ORIENTED_EDGE('',*,*,#1702,.F.);
#2148 = PLANE('',#2149);
#2149 = AXIS2_PLACEMENT_3D('',#2150,#2151,#2152);
#2150 = CARTESIAN_POINT('',(98.425,51.555,0.));
#2151 = DIRECTION('',(-1.,0.,0.));
#2152 = DIRECTION('',(0.,1.,0.));
#2153 = ADVANCED_FACE('',(#2154),#2165,.F.);
#2154 = FACE_BOUND('',#2155,.T.);
#2155 = EDGE_LOOP('',(#2156,#2157,#2163,#2164));
#2156 = ORIENTED_EDGE('',*,*,#1719,.T.);
#2157 = ORIENTED_EDGE('',*,*,#2158,.T.);
#2158 = EDGE_CURVE('',#1720,#1930,#2159,.T.);
#2159 = LINE('',#2160,#2161);
#2160 = CARTESIAN_POINT('',(100.965,55.77,-4.6E-02));
#2161 = VECTOR('',#2162,1.);
#2162 = DIRECTION('',(0.,0.,1.));
#2163 = ORIENTED_EDGE('',*,*,#1929,.F.);
#2164 = ORIENTED_EDGE('',*,*,#2158,.F.);
#2165 = CYLINDRICAL_SURFACE('',#2166,1.5);
#2166 = AXIS2_PLACEMENT_3D('',#2167,#2168,#2169);
#2167 = CARTESIAN_POINT('',(100.965,57.27,-4.6E-02));
#2168 = DIRECTION('',(-0.,-0.,-1.));
#2169 = DIRECTION('',(-0.,-1.,0.));
#2170 = ADVANCED_FACE('',(#2171),#2182,.F.);
#2171 = FACE_BOUND('',#2172,.T.);
#2172 = EDGE_LOOP('',(#2173,#2174,#2180,#2181));
#2173 = ORIENTED_EDGE('',*,*,#1730,.T.);
#2174 = ORIENTED_EDGE('',*,*,#2175,.T.);
#2175 = EDGE_CURVE('',#1731,#1941,#2176,.T.);
#2176 = LINE('',#2177,#2178);
#2177 = CARTESIAN_POINT('',(100.33,62.485,-4.6E-02));
#2178 = VECTOR('',#2179,1.);
#2179 = DIRECTION('',(0.,0.,1.));
#2180 = ORIENTED_EDGE('',*,*,#1940,.F.);
#2181 = ORIENTED_EDGE('',*,*,#2175,.F.);
#2182 = CYLINDRICAL_SURFACE('',#2183,0.5);
#2183 = AXIS2_PLACEMENT_3D('',#2184,#2185,#2186);
#2184 = CARTESIAN_POINT('',(100.33,62.985,-4.6E-02));
#2185 = DIRECTION('',(-0.,-0.,-1.));
#2186 = DIRECTION('',(-0.,-1.,0.));
#2187 = ADVANCED_FACE('',(#2188),#2199,.F.);
#2188 = FACE_BOUND('',#2189,.T.);
#2189 = EDGE_LOOP('',(#2190,#2191,#2197,#2198));
#2190 = ORIENTED_EDGE('',*,*,#1741,.T.);
#2191 = ORIENTED_EDGE('',*,*,#2192,.T.);
#2192 = EDGE_CURVE('',#1742,#1952,#2193,.T.);
#2193 = LINE('',#2194,#2195);
#2194 = CARTESIAN_POINT('',(133.985,55.77,-4.6E-02));
#2195 = VECTOR('',#2196,1.);
#2196 = DIRECTION('',(0.,0.,1.));
#2197 = ORIENTED_EDGE('',*,*,#1951,.F.);
#2198 = ORIENTED_EDGE('',*,*,#2192,.F.);
#2199 = CYLINDRICAL_SURFACE('',#2200,1.5);
#2200 = AXIS2_PLACEMENT_3D('',#2201,#2202,#2203);
#2201 = CARTESIAN_POINT('',(133.985,57.27,-4.6E-02));
#2202 = DIRECTION('',(-0.,-0.,-1.));
#2203 = DIRECTION('',(-0.,-1.,0.));
#2204 = ADVANCED_FACE('',(#2205),#2216,.F.);
#2205 = FACE_BOUND('',#2206,.T.);
#2206 = EDGE_LOOP('',(#2207,#2208,#2214,#2215));
#2207 = ORIENTED_EDGE('',*,*,#1752,.T.);
#2208 = ORIENTED_EDGE('',*,*,#2209,.T.);
#2209 = EDGE_CURVE('',#1753,#1963,#2210,.T.);
#2210 = LINE('',#2211,#2212);
#2211 = CARTESIAN_POINT('',(134.62,62.485,-4.6E-02));
#2212 = VECTOR('',#2213,1.);
#2213 = DIRECTION('',(0.,0.,1.));
#2214 = ORIENTED_EDGE('',*,*,#1962,.F.);
#2215 = ORIENTED_EDGE('',*,*,#2209,.F.);
#2216 = CYLINDRICAL_SURFACE('',#2217,0.5);
#2217 = AXIS2_PLACEMENT_3D('',#2218,#2219,#2220);
#2218 = CARTESIAN_POINT('',(134.62,62.985,-4.6E-02));
#2219 = DIRECTION('',(-0.,-0.,-1.));
#2220 = DIRECTION('',(-0.,-1.,0.));
#2221 = ADVANCED_FACE('',(#2222),#2233,.F.);
#2222 = FACE_BOUND('',#2223,.T.);
#2223 = EDGE_LOOP('',(#2224,#2225,#2231,#2232));
#2224 = ORIENTED_EDGE('',*,*,#1763,.T.);
#2225 = ORIENTED_EDGE('',*,*,#2226,.T.);
#2226 = EDGE_CURVE('',#1764,#1974,#2227,.T.);
#2227 = LINE('',#2228,#2229);
#2228 = CARTESIAN_POINT('',(100.33,65.025,-4.6E-02));
#2229 = VECTOR('',#2230,1.);
#2230 = DIRECTION('',(0.,0.,1.));
#2231 = ORIENTED_EDGE('',*,*,#1973,.F.);
#2232 = ORIENTED_EDGE('',*,*,#2226,.F.);
#2233 = CYLINDRICAL_SURFACE('',#2234,0.5);
#2234 = AXIS2_PLACEMENT_3D('',#2235,#2236,#2237);
#2235 = CARTESIAN_POINT('',(100.33,65.525,-4.6E-02));
#2236 = DIRECTION('',(-0.,-0.,-1.));
#2237 = DIRECTION('',(-0.,-1.,0.));
#2238 = ADVANCED_FACE('',(#2239),#2250,.F.);
#2239 = FACE_BOUND('',#2240,.T.);
#2240 = EDGE_LOOP('',(#2241,#2242,#2248,#2249));
#2241 = ORIENTED_EDGE('',*,*,#1774,.T.);
#2242 = ORIENTED_EDGE('',*,*,#2243,.T.);
#2243 = EDGE_CURVE('',#1775,#1985,#2244,.T.);
#2244 = LINE('',#2245,#2246);
#2245 = CARTESIAN_POINT('',(115.775,67.04,-4.6E-02));
#2246 = VECTOR('',#2247,1.);
#2247 = DIRECTION('',(0.,0.,1.));
#2248 = ORIENTED_EDGE('',*,*,#1984,.F.);
#2249 = ORIENTED_EDGE('',*,*,#2243,.F.);
#2250 = CYLINDRICAL_SURFACE('',#2251,0.2);
#2251 = AXIS2_PLACEMENT_3D('',#2252,#2253,#2254);
#2252 = CARTESIAN_POINT('',(115.775,67.24,-4.6E-02));
#2253 = DIRECTION('',(-0.,-0.,-1.));
#2254 = DIRECTION('',(-0.,-1.,0.));
#2255 = ADVANCED_FACE('',(#2256),#2267,.F.);
#2256 = FACE_BOUND('',#2257,.T.);
#2257 = EDGE_LOOP('',(#2258,#2259,#2265,#2266));
#2258 = ORIENTED_EDGE('',*,*,#1785,.T.);
#2259 = ORIENTED_EDGE('',*,*,#2260,.T.);
#2260 = EDGE_CURVE('',#1786,#1996,#2261,.T.);
#2261 = LINE('',#2262,#2263);
#2262 = CARTESIAN_POINT('',(100.33,67.565,-4.6E-02));
#2263 = VECTOR('',#2264,1.);
#2264 = DIRECTION('',(0.,0.,1.));
#2265 = ORIENTED_EDGE('',*,*,#1995,.F.);
#2266 = ORIENTED_EDGE('',*,*,#2260,.F.);
#2267 = CYLINDRICAL_SURFACE('',#2268,0.5);
#2268 = AXIS2_PLACEMENT_3D('',#2269,#2270,#2271);
#2269 = CARTESIAN_POINT('',(100.33,68.065,-4.6E-02));
#2270 = DIRECTION('',(-0.,-0.,-1.));
#2271 = DIRECTION('',(-0.,-1.,0.));
#2272 = ADVANCED_FACE('',(#2273),#2284,.F.);
#2273 = FACE_BOUND('',#2274,.T.);
#2274 = EDGE_LOOP('',(#2275,#2276,#2282,#2283));
#2275 = ORIENTED_EDGE('',*,*,#1796,.T.);
#2276 = ORIENTED_EDGE('',*,*,#2277,.T.);
#2277 = EDGE_CURVE('',#1797,#2007,#2278,.T.);
#2278 = LINE('',#2279,#2280);
#2279 = CARTESIAN_POINT('',(100.33,70.105,-4.6E-02));
#2280 = VECTOR('',#2281,1.);
#2281 = DIRECTION('',(0.,0.,1.));
#2282 = ORIENTED_EDGE('',*,*,#2006,.F.);
#2283 = ORIENTED_EDGE('',*,*,#2277,.F.);
#2284 = CYLINDRICAL_SURFACE('',#2285,0.5);
#2285 = AXIS2_PLACEMENT_3D('',#2286,#2287,#2288);
#2286 = CARTESIAN_POINT('',(100.33,70.605,-4.6E-02));
#2287 = DIRECTION('',(-0.,-0.,-1.));
#2288 = DIRECTION('',(-0.,-1.,0.));
#2289 = ADVANCED_FACE('',(#2290),#2301,.F.);
#2290 = FACE_BOUND('',#2291,.T.);
#2291 = EDGE_LOOP('',(#2292,#2293,#2299,#2300));
#2292 = ORIENTED_EDGE('',*,*,#1807,.T.);
#2293 = ORIENTED_EDGE('',*,*,#2294,.T.);
#2294 = EDGE_CURVE('',#1808,#2018,#2295,.T.);
#2295 = LINE('',#2296,#2297);
#2296 = CARTESIAN_POINT('',(111.125,67.835,-4.6E-02));
#2297 = VECTOR('',#2298,1.);
#2298 = DIRECTION('',(0.,0.,1.));
#2299 = ORIENTED_EDGE('',*,*,#2017,.F.);
#2300 = ORIENTED_EDGE('',*,*,#2294,.F.);
#2301 = CYLINDRICAL_SURFACE('',#2302,1.5);
#2302 = AXIS2_PLACEMENT_3D('',#2303,#2304,#2305);
#2303 = CARTESIAN_POINT('',(111.125,69.335,-4.6E-02));
#2304 = DIRECTION('',(-0.,-0.,-1.));
#2305 = DIRECTION('',(-0.,-1.,0.));
#2306 = ADVANCED_FACE('',(#2307),#2318,.F.);
#2307 = FACE_BOUND('',#2308,.T.);
#2308 = EDGE_LOOP('',(#2309,#2310,#2316,#2317));
#2309 = ORIENTED_EDGE('',*,*,#1818,.T.);
#2310 = ORIENTED_EDGE('',*,*,#2311,.T.);
#2311 = EDGE_CURVE('',#1819,#2029,#2312,.T.);
#2312 = LINE('',#2313,#2314);
#2313 = CARTESIAN_POINT('',(115.575,71.04,-4.6E-02));
#2314 = VECTOR('',#2315,1.);
#2315 = DIRECTION('',(0.,0.,1.));
#2316 = ORIENTED_EDGE('',*,*,#2028,.F.);
#2317 = ORIENTED_EDGE('',*,*,#2311,.F.);
#2318 = CYLINDRICAL_SURFACE('',#2319,0.2);
#2319 = AXIS2_PLACEMENT_3D('',#2320,#2321,#2322);
#2320 = CARTESIAN_POINT('',(115.575,71.24,-4.6E-02));
#2321 = DIRECTION('',(-0.,-0.,-1.));
#2322 = DIRECTION('',(-0.,-1.,0.));
#2323 = ADVANCED_FACE('',(#2324),#2335,.F.);
#2324 = FACE_BOUND('',#2325,.T.);
#2325 = EDGE_LOOP('',(#2326,#2327,#2333,#2334));
#2326 = ORIENTED_EDGE('',*,*,#1829,.T.);
#2327 = ORIENTED_EDGE('',*,*,#2328,.T.);
#2328 = EDGE_CURVE('',#1830,#2040,#2329,.T.);
#2329 = LINE('',#2330,#2331);
#2330 = CARTESIAN_POINT('',(119.175,67.04,-4.6E-02));
#2331 = VECTOR('',#2332,1.);
#2332 = DIRECTION('',(0.,0.,1.));
#2333 = ORIENTED_EDGE('',*,*,#2039,.F.);
#2334 = ORIENTED_EDGE('',*,*,#2328,.F.);
#2335 = CYLINDRICAL_SURFACE('',#2336,0.2);
#2336 = AXIS2_PLACEMENT_3D('',#2337,#2338,#2339);
#2337 = CARTESIAN_POINT('',(119.175,67.24,-4.6E-02));
#2338 = DIRECTION('',(-0.,-0.,-1.));
#2339 = DIRECTION('',(-0.,-1.,0.));
#2340 = ADVANCED_FACE('',(#2341),#2352,.F.);
#2341 = FACE_BOUND('',#2342,.T.);
#2342 = EDGE_LOOP('',(#2343,#2344,#2350,#2351));
#2343 = ORIENTED_EDGE('',*,*,#1840,.T.);
#2344 = ORIENTED_EDGE('',*,*,#2345,.T.);
#2345 = EDGE_CURVE('',#1841,#2051,#2346,.T.);
#2346 = LINE('',#2347,#2348);
#2347 = CARTESIAN_POINT('',(134.62,65.025,-4.6E-02));
#2348 = VECTOR('',#2349,1.);
#2349 = DIRECTION('',(0.,0.,1.));
#2350 = ORIENTED_EDGE('',*,*,#2050,.F.);
#2351 = ORIENTED_EDGE('',*,*,#2345,.F.);
#2352 = CYLINDRICAL_SURFACE('',#2353,0.5);
#2353 = AXIS2_PLACEMENT_3D('',#2354,#2355,#2356);
#2354 = CARTESIAN_POINT('',(134.62,65.525,-4.6E-02));
#2355 = DIRECTION('',(-0.,-0.,-1.));
#2356 = DIRECTION('',(-0.,-1.,0.));
#2357 = ADVANCED_FACE('',(#2358),#2369,.F.);
#2358 = FACE_BOUND('',#2359,.T.);
#2359 = EDGE_LOOP('',(#2360,#2361,#2367,#2368));
#2360 = ORIENTED_EDGE('',*,*,#1851,.T.);
#2361 = ORIENTED_EDGE('',*,*,#2362,.T.);
#2362 = EDGE_CURVE('',#1852,#2062,#2363,.T.);
#2363 = LINE('',#2364,#2365);
#2364 = CARTESIAN_POINT('',(123.825,67.835,-4.6E-02));
#2365 = VECTOR('',#2366,1.);
#2366 = DIRECTION('',(0.,0.,1.));
#2367 = ORIENTED_EDGE('',*,*,#2061,.F.);
#2368 = ORIENTED_EDGE('',*,*,#2362,.F.);
#2369 = CYLINDRICAL_SURFACE('',#2370,1.5);
#2370 = AXIS2_PLACEMENT_3D('',#2371,#2372,#2373);
#2371 = CARTESIAN_POINT('',(123.825,69.335,-4.6E-02));
#2372 = DIRECTION('',(-0.,-0.,-1.));
#2373 = DIRECTION('',(-0.,-1.,0.));
#2374 = ADVANCED_FACE('',(#2375),#2386,.F.);
#2375 = FACE_BOUND('',#2376,.T.);
#2376 = EDGE_LOOP('',(#2377,#2378,#2384,#2385));
#2377 = ORIENTED_EDGE('',*,*,#1862,.T.);
#2378 = ORIENTED_EDGE('',*,*,#2379,.T.);
#2379 = EDGE_CURVE('',#1863,#2073,#2380,.T.);
#2380 = LINE('',#2381,#2382);
#2381 = CARTESIAN_POINT('',(119.375,71.04,-4.6E-02));
#2382 = VECTOR('',#2383,1.);
#2383 = DIRECTION('',(0.,0.,1.));
#2384 = ORIENTED_EDGE('',*,*,#2072,.F.);
#2385 = ORIENTED_EDGE('',*,*,#2379,.F.);
#2386 = CYLINDRICAL_SURFACE('',#2387,0.2);
#2387 = AXIS2_PLACEMENT_3D('',#2388,#2389,#2390);
#2388 = CARTESIAN_POINT('',(119.375,71.24,-4.6E-02));
#2389 = DIRECTION('',(-0.,-0.,-1.));
#2390 = DIRECTION('',(-0.,-1.,0.));
#2391 = ADVANCED_FACE('',(#2392),#2403,.F.);
#2392 = FACE_BOUND('',#2393,.T.);
#2393 = EDGE_LOOP('',(#2394,#2395,#2401,#2402));
#2394 = ORIENTED_EDGE('',*,*,#1873,.T.);
#2395 = ORIENTED_EDGE('',*,*,#2396,.T.);
#2396 = EDGE_CURVE('',#1874,#2084,#2397,.T.);
#2397 = LINE('',#2398,#2399);
#2398 = CARTESIAN_POINT('',(134.62,67.565,-4.6E-02));
#2399 = VECTOR('',#2400,1.);
#2400 = DIRECTION('',(0.,0.,1.));
#2401 = ORIENTED_EDGE('',*,*,#2083,.F.);
#2402 = ORIENTED_EDGE('',*,*,#2396,.F.);
#2403 = CYLINDRICAL_SURFACE('',#2404,0.5);
#2404 = AXIS2_PLACEMENT_3D('',#2405,#2406,#2407);
#2405 = CARTESIAN_POINT('',(134.62,68.065,-4.6E-02));
#2406 = DIRECTION('',(-0.,-0.,-1.));
#2407 = DIRECTION('',(-0.,-1.,0.));
#2408 = ADVANCED_FACE('',(#2409),#2420,.F.);
#2409 = FACE_BOUND('',#2410,.T.);
#2410 = EDGE_LOOP('',(#2411,#2412,#2418,#2419));
#2411 = ORIENTED_EDGE('',*,*,#1884,.T.);
#2412 = ORIENTED_EDGE('',*,*,#2413,.T.);
#2413 = EDGE_CURVE('',#1885,#2095,#2414,.T.);
#2414 = LINE('',#2415,#2416);
#2415 = CARTESIAN_POINT('',(134.62,70.105,-4.6E-02));
#2416 = VECTOR('',#2417,1.);
#2417 = DIRECTION('',(0.,0.,1.));
#2418 = ORIENTED_EDGE('',*,*,#2094,.F.);
#2419 = ORIENTED_EDGE('',*,*,#2413,.F.);
#2420 = CYLINDRICAL_SURFACE('',#2421,0.5);
#2421 = AXIS2_PLACEMENT_3D('',#2422,#2423,#2424);
#2422 = CARTESIAN_POINT('',(134.62,70.605,-4.6E-02));
#2423 = DIRECTION('',(-0.,-0.,-1.));
#2424 = DIRECTION('',(-0.,-1.,0.));
#2425 = ( GEOMETRIC_REPRESENTATION_CONTEXT(3) 
GLOBAL_UNCERTAINTY_ASSIGNED_CONTEXT((#2429)) 
GLOBAL_UNIT_ASSIGNED_CONTEXT((#2426,#2427,#2428)) REPRESENTATION_CONTEXT
('Context #1','3D Context with UNIT and UNCERTAINTY') );
#2426 = ( LENGTH_UNIT() NAMED_UNIT(*) SI_UNIT(.MILLI.,.METRE.) );
#2427 = ( NAMED_UNIT(*) PLANE_ANGLE_UNIT() SI_UNIT($,.RADIAN.) );
#2428 = ( NAMED_UNIT(*) SI_UNIT($,.STERADIAN.) SOLID_ANGLE_UNIT() );
#2429 = UNCERTAINTY_MEASURE_WITH_UNIT(LENGTH_MEASURE(1.E-07),#2426,
  'distance_accuracy_value','confusion accuracy');
#2430 = CONTEXT_DEPENDENT_SHAPE_REPRESENTATION(#2431,#2433);
#2431 = ( REPRESENTATION_RELATIONSHIP('','',#1580,#10) 
REPRESENTATION_RELATIONSHIP_WITH_TRANSFORMATION(#2432) 
SHAPE_REPRESENTATION_RELATIONSHIP() );
#2432 = ITEM_DEFINED_TRANSFORMATION('','',#11,#23);
#2433 = PRODUCT_DEFINITION_SHAPE('Placement','Placement of an item',
  #2434);
#2434 = NEXT_ASSEMBLY_USAGE_OCCURRENCE('3','=>[0:1:1:4]','',#5,#1575,$);
#2435 = PRODUCT_RELATED_PRODUCT_CATEGORY('part',$,(#1577));
#2436 = MECHANICAL_DESIGN_GEOMETRIC_PRESENTATION_REPRESENTATION('',(
    #2437,#2445,#2452,#2459,#2466,#2473,#2480,#2487,#2495,#2502,#2509,
    #2516,#2523,#2530,#2538,#2545,#2552,#2559,#2566,#2573,#2580,#2587,
    #2594,#2601,#2608,#2615),#831);
#2437 = STYLED_ITEM('color',(#2438),#43);
#2438 = PRESENTATION_STYLE_ASSIGNMENT((#2439));
#2439 = SURFACE_STYLE_USAGE(.BOTH.,#2440);
#2440 = SURFACE_SIDE_STYLE('',(#2441));
#2441 = SURFACE_STYLE_FILL_AREA(#2442);
#2442 = FILL_AREA_STYLE('',(#2443));
#2443 = FILL_AREA_STYLE_COLOUR('',#2444);
#2444 = COLOUR_RGB('',0.823999987314,0.819999987296,0.781000009244);
#2445 = STYLED_ITEM('color',(#2446),#83);
#2446 = PRESENTATION_STYLE_ASSIGNMENT((#2447));
#2447 = SURFACE_STYLE_USAGE(.BOTH.,#2448);
#2448 = SURFACE_SIDE_STYLE('',(#2449));
#2449 = SURFACE_STYLE_FILL_AREA(#2450);
#2450 = FILL_AREA_STYLE('',(#2451));
#2451 = FILL_AREA_STYLE_COLOUR('',#2444);
#2452 = STYLED_ITEM('color',(#2453),#166);
#2453 = PRESENTATION_STYLE_ASSIGNMENT((#2454));
#2454 = SURFACE_STYLE_USAGE(.BOTH.,#2455);
#2455 = SURFACE_SIDE_STYLE('',(#2456));
#2456 = SURFACE_STYLE_FILL_AREA(#2457);
#2457 = FILL_AREA_STYLE('',(#2458));
#2458 = FILL_AREA_STYLE_COLOUR('',#2444);
#2459 = STYLED_ITEM('color',(#2460),#191);
#2460 = PRESENTATION_STYLE_ASSIGNMENT((#2461));
#2461 = SURFACE_STYLE_USAGE(.BOTH.,#2462);
#2462 = SURFACE_SIDE_STYLE('',(#2463));
#2463 = SURFACE_STYLE_FILL_AREA(#2464);
#2464 = FILL_AREA_STYLE('',(#2465));
#2465 = FILL_AREA_STYLE_COLOUR('',#2444);
#2466 = STYLED_ITEM('color',(#2467),#216);
#2467 = PRESENTATION_STYLE_ASSIGNMENT((#2468));
#2468 = SURFACE_STYLE_USAGE(.BOTH.,#2469);
#2469 = SURFACE_SIDE_STYLE('',(#2470));
#2470 = SURFACE_STYLE_FILL_AREA(#2471);
#2471 = FILL_AREA_STYLE('',(#2472));
#2472 = FILL_AREA_STYLE_COLOUR('',#2444);
#2473 = STYLED_ITEM('color',(#2474),#283);
#2474 = PRESENTATION_STYLE_ASSIGNMENT((#2475));
#2475 = SURFACE_STYLE_USAGE(.BOTH.,#2476);
#2476 = SURFACE_SIDE_STYLE('',(#2477));
#2477 = SURFACE_STYLE_FILL_AREA(#2478);
#2478 = FILL_AREA_STYLE('',(#2479));
#2479 = FILL_AREA_STYLE_COLOUR('',#2444);
#2480 = STYLED_ITEM('color',(#2481),#300);
#2481 = PRESENTATION_STYLE_ASSIGNMENT((#2482));
#2482 = SURFACE_STYLE_USAGE(.BOTH.,#2483);
#2483 = SURFACE_SIDE_STYLE('',(#2484));
#2484 = SURFACE_STYLE_FILL_AREA(#2485);
#2485 = FILL_AREA_STYLE('',(#2486));
#2486 = FILL_AREA_STYLE_COLOUR('',#2444);
#2487 = STYLED_ITEM('color',(#2488),#317);
#2488 = PRESENTATION_STYLE_ASSIGNMENT((#2489));
#2489 = SURFACE_STYLE_USAGE(.BOTH.,#2490);
#2490 = SURFACE_SIDE_STYLE('',(#2491));
#2491 = SURFACE_STYLE_FILL_AREA(#2492);
#2492 = FILL_AREA_STYLE('',(#2493));
#2493 = FILL_AREA_STYLE_COLOUR('',#2494);
#2494 = COLOUR_RGB('',0.894999966383,0.890999961016,0.813000030345);
#2495 = STYLED_ITEM('color',(#2496),#366);
#2496 = PRESENTATION_STYLE_ASSIGNMENT((#2497));
#2497 = SURFACE_STYLE_USAGE(.BOTH.,#2498);
#2498 = SURFACE_SIDE_STYLE('',(#2499));
#2499 = SURFACE_STYLE_FILL_AREA(#2500);
#2500 = FILL_AREA_STYLE('',(#2501));
#2501 = FILL_AREA_STYLE_COLOUR('',#2444);
#2502 = STYLED_ITEM('color',(#2503),#383);
#2503 = PRESENTATION_STYLE_ASSIGNMENT((#2504));
#2504 = SURFACE_STYLE_USAGE(.BOTH.,#2505);
#2505 = SURFACE_SIDE_STYLE('',(#2506));
#2506 = SURFACE_STYLE_FILL_AREA(#2507);
#2507 = FILL_AREA_STYLE('',(#2508));
#2508 = FILL_AREA_STYLE_COLOUR('',#2444);
#2509 = STYLED_ITEM('color',(#2510),#400);
#2510 = PRESENTATION_STYLE_ASSIGNMENT((#2511));
#2511 = SURFACE_STYLE_USAGE(.BOTH.,#2512);
#2512 = SURFACE_SIDE_STYLE('',(#2513));
#2513 = SURFACE_STYLE_FILL_AREA(#2514);
#2514 = FILL_AREA_STYLE('',(#2515));
#2515 = FILL_AREA_STYLE_COLOUR('',#2494);
#2516 = STYLED_ITEM('color',(#2517),#449);
#2517 = PRESENTATION_STYLE_ASSIGNMENT((#2518));
#2518 = SURFACE_STYLE_USAGE(.BOTH.,#2519);
#2519 = SURFACE_SIDE_STYLE('',(#2520));
#2520 = SURFACE_STYLE_FILL_AREA(#2521);
#2521 = FILL_AREA_STYLE('',(#2522));
#2522 = FILL_AREA_STYLE_COLOUR('',#2494);
#2523 = STYLED_ITEM('color',(#2524),#466);
#2524 = PRESENTATION_STYLE_ASSIGNMENT((#2525));
#2525 = SURFACE_STYLE_USAGE(.BOTH.,#2526);
#2526 = SURFACE_SIDE_STYLE('',(#2527));
#2527 = SURFACE_STYLE_FILL_AREA(#2528);
#2528 = FILL_AREA_STYLE('',(#2529));
#2529 = FILL_AREA_STYLE_COLOUR('',#2444);
#2530 = STYLED_ITEM('color',(#2531),#535);
#2531 = PRESENTATION_STYLE_ASSIGNMENT((#2532));
#2532 = SURFACE_STYLE_USAGE(.BOTH.,#2533);
#2533 = SURFACE_SIDE_STYLE('',(#2534));
#2534 = SURFACE_STYLE_FILL_AREA(#2535);
#2535 = FILL_AREA_STYLE('',(#2536));
#2536 = FILL_AREA_STYLE_COLOUR('',#2537);
#2537 = COLOUR_RGB('',8.200000279077E-02,8.600000121357E-02,
  9.399999706163E-02);
#2538 = STYLED_ITEM('color',(#2539),#566);
#2539 = PRESENTATION_STYLE_ASSIGNMENT((#2540));
#2540 = SURFACE_STYLE_USAGE(.BOTH.,#2541);
#2541 = SURFACE_SIDE_STYLE('',(#2542));
#2542 = SURFACE_STYLE_FILL_AREA(#2543);
#2543 = FILL_AREA_STYLE('',(#2544));
#2544 = FILL_AREA_STYLE_COLOUR('',#2537);
#2545 = STYLED_ITEM('color',(#2546),#590);
#2546 = PRESENTATION_STYLE_ASSIGNMENT((#2547));
#2547 = SURFACE_STYLE_USAGE(.BOTH.,#2548);
#2548 = SURFACE_SIDE_STYLE('',(#2549));
#2549 = SURFACE_STYLE_FILL_AREA(#2550);
#2550 = FILL_AREA_STYLE('',(#2551));
#2551 = FILL_AREA_STYLE_COLOUR('',#2444);
#2552 = STYLED_ITEM('color',(#2553),#659);
#2553 = PRESENTATION_STYLE_ASSIGNMENT((#2554));
#2554 = SURFACE_STYLE_USAGE(.BOTH.,#2555);
#2555 = SURFACE_SIDE_STYLE('',(#2556));
#2556 = SURFACE_STYLE_FILL_AREA(#2557);
#2557 = FILL_AREA_STYLE('',(#2558));
#2558 = FILL_AREA_STYLE_COLOUR('',#2537);
#2559 = STYLED_ITEM('color',(#2560),#683);
#2560 = PRESENTATION_STYLE_ASSIGNMENT((#2561));
#2561 = SURFACE_STYLE_USAGE(.BOTH.,#2562);
#2562 = SURFACE_SIDE_STYLE('',(#2563));
#2563 = SURFACE_STYLE_FILL_AREA(#2564);
#2564 = FILL_AREA_STYLE('',(#2565));
#2565 = FILL_AREA_STYLE_COLOUR('',#2444);
#2566 = STYLED_ITEM('color',(#2567),#700);
#2567 = PRESENTATION_STYLE_ASSIGNMENT((#2568));
#2568 = SURFACE_STYLE_USAGE(.BOTH.,#2569);
#2569 = SURFACE_SIDE_STYLE('',(#2570));
#2570 = SURFACE_STYLE_FILL_AREA(#2571);
#2571 = FILL_AREA_STYLE('',(#2572));
#2572 = FILL_AREA_STYLE_COLOUR('',#2444);
#2573 = STYLED_ITEM('color',(#2574),#717);
#2574 = PRESENTATION_STYLE_ASSIGNMENT((#2575));
#2575 = SURFACE_STYLE_USAGE(.BOTH.,#2576);
#2576 = SURFACE_SIDE_STYLE('',(#2577));
#2577 = SURFACE_STYLE_FILL_AREA(#2578);
#2578 = FILL_AREA_STYLE('',(#2579));
#2579 = FILL_AREA_STYLE_COLOUR('',#2444);
#2580 = STYLED_ITEM('color',(#2581),#734);
#2581 = PRESENTATION_STYLE_ASSIGNMENT((#2582));
#2582 = SURFACE_STYLE_USAGE(.BOTH.,#2583);
#2583 = SURFACE_SIDE_STYLE('',(#2584));
#2584 = SURFACE_STYLE_FILL_AREA(#2585);
#2585 = FILL_AREA_STYLE('',(#2586));
#2586 = FILL_AREA_STYLE_COLOUR('',#2444);
#2587 = STYLED_ITEM('color',(#2588),#751);
#2588 = PRESENTATION_STYLE_ASSIGNMENT((#2589));
#2589 = SURFACE_STYLE_USAGE(.BOTH.,#2590);
#2590 = SURFACE_SIDE_STYLE('',(#2591));
#2591 = SURFACE_STYLE_FILL_AREA(#2592);
#2592 = FILL_AREA_STYLE('',(#2593));
#2593 = FILL_AREA_STYLE_COLOUR('',#2444);
#2594 = STYLED_ITEM('color',(#2595),#768);
#2595 = PRESENTATION_STYLE_ASSIGNMENT((#2596));
#2596 = SURFACE_STYLE_USAGE(.BOTH.,#2597);
#2597 = SURFACE_SIDE_STYLE('',(#2598));
#2598 = SURFACE_STYLE_FILL_AREA(#2599);
#2599 = FILL_AREA_STYLE('',(#2600));
#2600 = FILL_AREA_STYLE_COLOUR('',#2444);
#2601 = STYLED_ITEM('color',(#2602),#785);
#2602 = PRESENTATION_STYLE_ASSIGNMENT((#2603));
#2603 = SURFACE_STYLE_USAGE(.BOTH.,#2604);
#2604 = SURFACE_SIDE_STYLE('',(#2605));
#2605 = SURFACE_STYLE_FILL_AREA(#2606);
#2606 = FILL_AREA_STYLE('',(#2607));
#2607 = FILL_AREA_STYLE_COLOUR('',#2444);
#2608 = STYLED_ITEM('color',(#2609),#802);
#2609 = PRESENTATION_STYLE_ASSIGNMENT((#2610));
#2610 = SURFACE_STYLE_USAGE(.BOTH.,#2611);
#2611 = SURFACE_SIDE_STYLE('',(#2612));
#2612 = SURFACE_STYLE_FILL_AREA(#2613);
#2613 = FILL_AREA_STYLE('',(#2614));
#2614 = FILL_AREA_STYLE_COLOUR('',#2537);
#2615 = STYLED_ITEM('color',(#2616),#819);
#2616 = PRESENTATION_STYLE_ASSIGNMENT((#2617));
#2617 = SURFACE_STYLE_USAGE(.BOTH.,#2618);
#2618 = SURFACE_SIDE_STYLE('',(#2619));
#2619 = SURFACE_STYLE_FILL_AREA(#2620);
#2620 = FILL_AREA_STYLE('',(#2621));
#2621 = FILL_AREA_STYLE_COLOUR('',#2537);
#2622 = MECHANICAL_DESIGN_GEOMETRIC_PRESENTATION_REPRESENTATION('',(
    #2623),#2425);
#2623 = STYLED_ITEM('color',(#2624),#1581);
#2624 = PRESENTATION_STYLE_ASSIGNMENT((#2625));
#2625 = SURFACE_STYLE_USAGE(.BOTH.,#2626);
#2626 = SURFACE_SIDE_STYLE('',(#2627));
#2627 = SURFACE_STYLE_FILL_AREA(#2628);
#2628 = FILL_AREA_STYLE('',(#2629));
#2629 = FILL_AREA_STYLE_COLOUR('',#2630);
#2630 = COLOUR_RGB('',0.313304153717,0.484529207832,0.410020903123);
ENDSEC;
END-ISO-10303-21;
